model_id,month,units_sold,avg_price,dealership_count,revenue
C1007,2019-01,135,25276,19,3412260
C1008,2019-01,56,50723,13,2840488
C1010,2019-01,237,25627,17,6073599
C1014,2019-01,217,35720,10,7751240
C1016,2019-01,56,76255,22,4270280
C1021,2019-01,214,35910,20,7684740
C1023,2019-01,160,25398,13,4063680
C1024,2019-01,50,50196,14,2509800
C1025,2019-01,90,51157,8,4604130
C1031,2019-01,33,75396,10,2488068
C1032,2019-01,30,75488,25,2264640
C1038,2019-01,62,50259,20,3116058
C1046,2019-01,80,51104,14,4088320
C1047,2019-01,112,35836,24,4013632
C1048,2019-01,119,35511,13,4225809
C1057,2019-01,54,75571,11,4080834
C1062,2019-01,74,50087,16,3706438
C1063,2019-01,52,50811,24,2642172
C1066,2019-01,142,25685,20,3647270
C1069,2019-01,176,18431,22,3243856
C1070,2019-01,116,36020,23,4178320
C1075,2019-01,134,25037,14,3354958
C1077,2019-01,30,75180,23,2255400
C1082,2019-01,172,18288,16,3145536
C1085,2019-01,320,18385,20,5883200
C1086,2019-01,257,18053,17,4639621
C1089,2019-01,200,25381,16,5076200
C1093,2019-01,31,76776,18,2380056
C1094,2019-01,55,51404,25,2827220
C1095,2019-01,28,76426,14,2139928
C1100,2019-01,269,18025,22,4848725
C1007,2019-02,137,25339,23,3471443
C1008,2019-02,55,50708,18,2788940
C1010,2019-02,234,25186,11,5893524
C1014,2019-02,230,35498,19,8164540
C1016,2019-02,56,76820,18,4301920
C1021,2019-02,102,35573,18,3628446
C1023,2019-02,168,25111,20,4218648
C1024,2019-02,53,50016,22,2650848
C1025,2019-02,87,50006,21,4350522
C1031,2019-02,33,75672,9,2497176
C1032,2019-02,28,75306,11,2108568
C1038,2019-02,66,50599,17,3339534
C1043,2019-02,176,18164,8,3196864
C1046,2019-02,86,51415,19,4421690
C1047,2019-02,114,35870,24,4089180
C1048,2019-02,113,36029,16,4071277
C1057,2019-02,54,76883,20,4151682
C1062,2019-02,70,50351,19,3524570
C1063,2019-02,57,50450,24,2875650
C1066,2019-02,146,25694,9,3751324
C1069,2019-02,171,18520,23,3166920
C1070,2019-02,110,35888,15,3947680
C1075,2019-02,136,25365,14,3449640
C1077,2019-02,27,77090,10,2081430
C1082,2019-02,180,18363,16,3305340
C1085,2019-02,321,18407,16,5908647
C1086,2019-02,262,18413,21,4824206
C1089,2019-02,197,25454,19,5014438
C1090,2019-02,145,25665,23,3721425
C1093,2019-02,32,75958,21,2430656
C1094,2019-02,59,50117,25,2956903
C1095,2019-02,30,76245,17,2287350
C1100,2019-02,274,18097,23,4958578
C1001,2019-03,127,25573,17,3247771
C1007,2019-03,123,25357,22,3118911
C1008,2019-03,51,51192,18,2610792
C1010,2019-03,227,25405,19,5766935
C1011,2019-03,27,75521,13,2039067
C1014,2019-03,217,36022,10,7816774
C1016,2019-03,54,76063,9,4107402
C1021,2019-03,209,35991,20,7522119
C1023,2019-03,156,25423,10,3965988
C1024,2019-03,50,51480,12,2574000
C1025,2019-03,78,50357,11,3927846
C1031,2019-03,32,76604,21,2451328
C1032,2019-03,25,75904,17,1897600
C1038,2019-03,62,50727,18,3145074
C1043,2019-03,160,18278,14,2924480
C1046,2019-03,80,50395,15,4031600
C1047,2019-03,106,35299,18,3741694
C1048,2019-03,109,35526,13,3872334
C1057,2019-03,51,75966,18,3874266
C1062,2019-03,66,51046,10,3369036
C1063,2019-03,49,50805,10,2489445
C1066,2019-03,129,25560,20,3297240
C1069,2019-03,156,18302,24,2855112
C1070,2019-03,107,35835,17,3834345
C1075,2019-03,128,25435,10,3255680
C1077,2019-03,25,77145,23,1928625
C1082,2019-03,161,18079,17,2910719
C1085,2019-03,314,18045,12,5666130
C1086,2019-03,253,18108,14,4581324
C1089,2019-03,185,25117,23,4646645
C1090,2019-03,125,25558,11,3194750
C1093,2019-03,29,76769,14,2226301
C1094,2019-03,55,51145,23,2812975
C1095,2019-03,27,75986,17,2051622
C1100,2019-03,247,18534,20,4577898
C1001,2019-04,110,25557,8,2811270
C1007,2019-04,112,25689,11,2877168
C1008,2019-04,51,51285,15,2615535
C1010,2019-04,203,25627,17,5202281
C1011,2019-04,23,76433,22,1757959
C1014,2019-04,189,35589,21,6726321
C1016,2019-04,49,75420,14,3695580
C1021,2019-04,186,35202,12,6547572
C1022,2019-04,37,50788,21,1879156
C1023,2019-04,144,25491,8,3670704
C1024,2019-04,44,51203,10,2252932
C1025,2019-04,73,50522,18,3688106
C1030,2019-04,22,76297,15,1678534
C1031,2019-04,31,75820,23,2350420
C1032,2019-04,22,76402,17,1680844
C1038,2019-04,59,50851,16,3000209
C1043,2019-04,138,18037,12,2489106
C1046,2019-04,69,50999,8,3518931
C1047,2019-04,95,35879,21,3408505
C1048,2019-04,89,35137,12,3127193
C1057,2019-04,48,75076,21,3603648
C1062,2019-04,63,50121,9,3157623
C1063,2019-04,48,50262,18,2412576
C1066,2019-04,128,25609,13,3277952
C1069,2019-04,136,18403,18,2502808
C1070,2019-04,96,35099,10,3369504
C1075,2019-04,107,25287,14,2705709
C1077,2019-04,23,75487,21,1736201
C1082,2019-04,144,18251,8,2628144
C1085,2019-04,285,18265,15,5205525
C1086,2019-04,222,18420,14,4089240
C1089,2019-04,178,25664,18,4568192
C1090,2019-04,117,25040,22,2929680
C1093,2019-04,27,76569,22,2067363
C1094,2019-04,50,50255,18,2512750
C1095,2019-04,22,76895,17,1691690
C1100,2019-04,225,18213,13,4097925
C1101,2019-04,116,25319,14,2937004
C1001,2019-05,110,25176,12,2769360
C1007,2019-05,117,25002,16,2925234
C1008,2019-05,53,50545,8,2678885
C1010,2019-05,207,25245,17,5225715
C1011,2019-05,26,75372,14,1959672
C1014,2019-05,197,35946,8,7081362
C1016,2019-05,48,75818,9,3639264
C1021,2019-05,189,35939,15,6792471
C1022,2019-05,40,50613,8,2024520
C1023,2019-05,147,25717,24,3780399
C1024,2019-05,47,50782,17,2386754
C1025,2019-05,74,50659,24,3748766
C1026,2019-05,23,76559,17,1760857
C1030,2019-05,23,75394,23,1734062
C1031,2019-05,30,76808,12,2304240
C1032,2019-05,23,75702,16,1741146
C1038,2019-05,56,50135,20,2807560
C1043,2019-05,135,18191,14,2455785
C1046,2019-05,73,50821,10,3709933
C1047,2019-05,95,35022,15,3327090
C1048,2019-05,95,35523,15,3374685
C1057,2019-05,45,75552,20,3399840
C1062,2019-05,66,50343,10,3322638
C1063,2019-05,51,50327,22,2566677
C1066,2019-05,127,25350,21,3219450
C1069,2019-05,137,18387,21,2519019
C1070,2019-05,92,35534,22,3269128
C1075,2019-05,117,25267,20,2956239
C1077,2019-05,24,76320,10,1831680
C1082,2019-05,139,18299,23,2543561
C1085,2019-05,274,18265,24,5004610
C1086,2019-05,240,18496,17,4439040
C1089,2019-05,178,25640,14,4563920
C1090,2019-05,125,25015,18,3126875
C1093,2019-05,26,76612,19,1991912
C1094,2019-05,52,50448,25,2623296
C1095,2019-05,22,76789,20,1689358
C1100,2019-05,245,18328,10,4490360
C1101,2019-05,112,25328,12,2836736
C1001,2019-06,127,25617,13,3253359
C1007,2019-06,130,25481,19,3312530
C1008,2019-06,60,50279,20,3016740
C1010,2019-06,231,25583,20,5909673
C1011,2019-06,29,75023,16,2175667
C1014,2019-06,217,35920,12,7794640
C1016,2019-06,57,76992,22,4388544
C1021,2019-06,205,35699,13,7318295
C1022,2019-06,45,51045,15,2297025
C1023,2019-06,170,25623,11,4355910
C1024,2019-06,57,51472,17,2933904
C1025,2019-06,87,50092,21,4358004
C1026,2019-06,26,75459,10,1961934
C1030,2019-06,26,75176,9,1954576
C1031,2019-06,36,75471,10,2716956
C1032,2019-06,26,75869,22,1972594
C1038,2019-06,69,50742,14,3501198
C1043,2019-06,155,18162,17,2815110
C1046,2019-06,82,50333,11,4127306
C1047,2019-06,101,35465,23,3581965
C1048,2019-06,101,35247,8,3559947
C1051,2019-06,163,18003,21,2934489
C1057,2019-06,52,76252,20,3965104
C1062,2019-06,75,50613,11,3795975
C1063,2019-06,55,51402,15,2827110
C1066,2019-06,154,25584,12,3939936
C1069,2019-06,161,18237,25,2936157
C1070,2019-06,108,35364,24,3819312
C1075,2019-06,123,25040,12,3079920
C1077,2019-06,25,77203,8,1930075
C1081,2019-06,121,25568,23,3093728
C1082,2019-06,151,18318,17,2766018
C1085,2019-06,313,18066,9,5654658
C1086,2019-06,262,18035,8,4725170
C1089,2019-06,208,25311,16,5264688
C1090,2019-06,143,25014,24,3577002
C1093,2019-06,31,77243,16,2394533
C1094,2019-06,58,50506,16,2929348
C1095,2019-06,26,77199,24,2007174
C1100,2019-06,268,18519,14,4963092
C1101,2019-06,121,25636,15,3101956
C1001,2019-07,136,25730,22,3499280
C1007,2019-07,144,25296,8,3642624
C1008,2019-07,64,50166,23,3210624
C1010,2019-07,282,25659,23,7235838
C1011,2019-07,34,75185,13,2556290
C1016,2019-07,66,75687,12,4995342
C1021,2019-07,234,35975,9,8418150
C1022,2019-07,50,50960,25,2548000
C1023,2019-07,196,25269,9,4952724
C1024,2019-07,64,51091,15,3269824
C1025,2019-07,98,50419,14,4941062
C1026,2019-07,28,75844,17,2123632
C1030,2019-07,29,76079,18,2206291
C1031,2019-07,41,76447,17,3134327
C1032,2019-07,28,75721,13,2120188
C1038,2019-07,76,51280,17,3897280
C1043,2019-07,180,18112,24,3260160
C1046,2019-07,95,50596,21,4806620
C1047,2019-07,114,35314,24,4025796
C1048,2019-07,119,35102,16,4177138
C1051,2019-07,177,18093,22,3202461
C1057,2019-07,60,75583,11,4534980
C1062,2019-07,80,51325,21,4106000
C1063,2019-07,64,50530,13,3233920
C1066,2019-07,179,25602,16,4582758
C1069,2019-07,181,18247,15,3302707
C1070,2019-07,114,35260,19,4019640
C1075,2019-07,137,25162,17,3447194
C1077,2019-07,29,76903,11,2230187
C1080,2019-07,114,35162,14,4008468
C1081,2019-07,149,25365,9,3779385
C1082,2019-07,171,18220,19,3115620
C1086,2019-07,303,18304,25,5546112
C1089,2019-07,232,25193,17,5844776
C1090,2019-07,165,25436,14,4196940
C1093,2019-07,37,76907,11,2845559
C1094,2019-07,70,50710,14,3549700
C1095,2019-07,29,76480,9,2217920
C1101,2019-07,139,25570,10,3554230
C1001,2019-08,141,25386,22,3579426
C1007,2019-08,141,25197,22,3552777
C1008,2019-08,68,50675,12,3445900
C1010,2019-08,265,25072,16,6644080
C1011,2019-08,33,75321,23,2485593
C1016,2019-08,67,76715,9,5139905
C1021,2019-08,250,35583,22,8895750
C1022,2019-08,52,50407,10,2621164
C1023,2019-08,207,25224,25,5221368
C1024,2019-08,65,50183,23,3261895
C1025,2019-08,98,50212,22,4920776
C1026,2019-08,28,75184,13,2105152
C1030,2019-08,29,75740,24,2196460
C1031,2019-08,41,76035,25,3117435
C1032,2019-08,27,75777,16,2045979
C1038,2019-08,75,50174,8,3763050
C1043,2019-08,170,18501,16,3145170
C1046,2019-08,95,51293,12,4872835
C1047,2019-08,116,35700,22,4141200
C1048,2019-08,120,35915,11,4309800
C1051,2019-08,176,18038,25,3174688
C1057,2019-08,61,77088,12,4702368
C1062,2019-08,87,50898,14,4428126
C1063,2019-08,65,50581,12,3287765
C1066,2019-08,182,25269,24,4598958
C1069,2019-08,170,18491,20,3143470
C1070,2019-08,120,35564,21,4267680
C1075,2019-08,136,25388,17,3452768
C1077,2019-08,27,75334,17,2034018
C1080,2019-08,116,35632,14,4133312
C1081,2019-08,153,25347,15,3878091
C1082,2019-08,171,18384,14,3143664
C1086,2019-08,302,18532,25,5596664
C1089,2019-08,233,25671,21,5981343
C1090,2019-08,166,25549,17,4241134
C1093,2019-08,38,75118,21,2854484
C1094,2019-08,68,50914,24,3462152
C1095,2019-08,28,76153,19,2132284
C1101,2019-08,137,25325,21,3469525
C1001,2019-09,126,25570,22,3221820
C1007,2019-09,131,25452,15,3334212
C1008,2019-09,65,50504,14,3282760
C1010,2019-09,259,25699,14,6656041
C1011,2019-09,31,76218,20,2362758
C1016,2019-09,62,76977,17,4772574
C1021,2019-09,237,35777,20,8479149
C1022,2019-09,50,51011,22,2550550
C1023,2019-09,183,25403,25,4648749
C1024,2019-09,57,50174,12,2859918
C1025,2019-09,88,50489,18,4443032
C1026,2019-09,26,75867,14,1972542
C1030,2019-09,25,76241,11,1906025
C1031,2019-09,37,76824,13,2842488
C1032,2019-09,25,75639,13,1890975
C1038,2019-09,69,51457,25,3550533
C1041,2019-09,162,18290,14,2962980
C1043,2019-09,157,18408,13,2890056
C1046,2019-09,86,51052,14,4390472
C1047,2019-09,107,35743,19,3824501
C1048,2019-09,105,35630,12,3741150
C1051,2019-09,159,18036,14,2867724
C1057,2019-09,56,76067,16,4259752
C1062,2019-09,80,50074,23,4005920
C1063,2019-09,63,51452,15,3241476
C1066,2019-09,167,25737,21,4298079
C1069,2019-09,161,18294,12,2945334
C1070,2019-09,107,35091,25,3754737
C1075,2019-09,120,25513,15,3061560
C1077,2019-09,26,77065,22,2003690
C1080,2019-09,107,35208,20,3767256
C1081,2019-09,135,25374,21,3425490
C1082,2019-09,151,18196,21,2747596
C1086,2019-09,272,18058,11,4911776
C1089,2019-09,470,25457,17,11964790
C1090,2019-09,163,25594,13,4171822
C1093,2019-09,34,76103,24,2587502
C1094,2019-09,66,51014,14,3366924
C1095,2019-09,26,75144,9,1953744
C1101,2019-09,131,25595,10,3352945
C1001,2019-10,117,25172,12,2945124
C1007,2019-10,114,25504,23,2907456
C1008,2019-10,57,51201,10,2918457
C1010,2019-10,237,25004,25,5925948
C1011,2019-10,29,75340,15,2184860
C1016,2019-10,54,75675,23,4086450
C1021,2019-10,207,35524,12,7353468
C1022,2019-10,45,50284,9,2262780
C1023,2019-10,177,25447,10,4504119
C1024,2019-10,53,50666,13,2685298
C1025,2019-10,87,50136,12,4361832
C1026,2019-10,24,75783,18,1818792
C1030,2019-10,23,75239,20,1730497
C1031,2019-10,36,75633,10,2722788
C1032,2019-10,24,76764,21,1842336
C1034,2019-10,24,76374,10,1832976
C1038,2019-10,67,50656,13,3393952
C1041,2019-10,147,18010,13,2647470
C1043,2019-10,144,18428,25,2653632
C1046,2019-10,82,51448,17,4218736
C1047,2019-10,90,35553,12,3199770
C1048,2019-10,92,35187,9,3237204
C1051,2019-10,139,18258,25,2537862
C1057,2019-10,50,75719,12,3785950
C1062,2019-10,74,51477,17,3809298
C1063,2019-10,57,50547,21,2881179
C1066,2019-10,154,25225,18,3884650
C1069,2019-10,143,18403,8,2631629
C1070,2019-10,97,35052,17,3400044
C1075,2019-10,112,25667,22,2874704
C1077,2019-10,23,75745,12,1742135
C1080,2019-10,93,35915,24,3340095
C1081,2019-10,135,25509,18,3443715
C1082,2019-10,141,18094,10,2551254
C1086,2019-10,248,18015,15,4467720
C1089,2019-10,204,25247,8,5150388
C1090,2019-10,148,25556,19,3782288
C1093,2019-10,32,76931,24,2461792
C1094,2019-10,58,50053,11,2903074
C1095,2019-10,23,75768,16,1742664
C1101,2019-10,109,25438,11,2772742
C1001,2019-11,115,25377,12,2918355
C1007,2019-11,116,25498,22,2957768
C1008,2019-11,61,51085,14,3116185
C1010,2019-11,250,25162,9,6290500
C1011,2019-11,31,76231,10,2363161
C1016,2019-11,55,75787,18,4168285
C1021,2019-11,200,35159,25,7031800
C1022,2019-11,48,50895,10,2442960
C1023,2019-11,188,25580,22,4809040
C1024,2019-11,59,51221,14,3022039
C1025,2019-11,87,50529,20,4396023
C1026,2019-11,24,76479,13,1835496
C1030,2019-11,10,75841,25,758410
C1031,2019-11,37,76516,12,2831092
C1032,2019-11,23,75477,13,1735971
C1034,2019-11,24,75891,10,1821384
C1036,2019-11,23,76336,16,1755728
C1038,2019-11,67,51095,9,3423365
C1039,2019-11,144,18121,8,2609424
C1041,2019-11,145,18432,21,2672640
C1043,2019-11,142,18016,15,2558272
C1046,2019-11,84,50362,21,4230408
C1047,2019-11,91,35377,15,3219307
C1048,2019-11,97,35906,18,3482882
C1051,2019-11,137,18176,25,2490112
C1057,2019-11,52,75356,8,3918512
C1062,2019-11,76,50202,14,3815352
C1063,2019-11,58,50125,15,2907250
C1066,2019-11,155,25420,16,3940100
C1069,2019-11,134,18319,19,2454746
C1070,2019-11,98,35738,16,3502324
C1075,2019-11,116,25259,25,2930044
C1077,2019-11,24,76876,21,1845024
C1080,2019-11,92,35316,12,3249072
C1081,2019-11,140,25290,15,3540600
C1082,2019-11,147,18472,23,2715384
C1086,2019-11,264,18346,21,4843344
C1089,2019-11,205,25149,12,5155545
C1090,2019-11,146,25731,19,3756726
C1093,2019-11,34,76829,14,2612186
C1094,2019-11,63,50375,16,3173625
C1095,2019-11,23,76276,24,1754348
C1101,2019-11,116,25387,17,2944892
C1102,2019-11,138,18265,14,2520570
C1001,2019-12,121,25693,12,3108853
C1007,2019-12,127,25015,25,3176905
C1008,2019-12,31,50105,17,1553255
C1010,2019-12,259,25351,21,6565909
C1011,2019-12,34,75567,17,2569278
C1016,2019-12,64,75133,14,4808512
C1021,2019-12,234,35948,18,8411832
C1022,2019-12,57,51343,25,2926551
C1023,2019-12,199,25693,10,5112907
C1024,2019-12,63,51327,24,3233601
C1025,2019-12,97,51186,12,4965042
C1026,2019-12,27,75856,19,2048112
C1030,2019-12,25,75687,24,1892175
C1031,2019-12,43,76607,25,3294101
C1032,2019-12,26,77153,13,2005978
C1034,2019-12,25,75348,12,1883700
C1036,2019-12,27,76972,12,2078244
C1038,2019-12,77,50569,18,3893813
C1039,2019-12,164,18302,9,3001528
C1041,2019-12,170,18015,11,3062550
C1043,2019-12,157,18389,8,2887073
C1046,2019-12,96,50379,24,4836384
C1047,2019-12,105,35236,16,3699780
C1048,2019-12,109,35601,16,3880509
C1051,2019-12,157,18468,10,2899476
C1057,2019-12,61,76709,21,4679249
C1062,2019-12,81,50613,15,4099653
C1063,2019-12,65,51085,23,3320525
C1066,2019-12,173,25260,20,4369980
C1069,2019-12,152,18064,16,2745728
C1070,2019-12,101,35371,22,3572471
C1075,2019-12,127,25042,22,3180334
C1077,2019-12,27,75324,14,2033748
C1080,2019-12,106,35378,25,3750068
C1081,2019-12,158,25079,8,3962482
C1082,2019-12,157,18097,22,2841229
C1086,2019-12,296,18222,12,5393712
C1089,2019-12,242,25142,15,6084364
C1090,2019-12,175,25216,14,4412800
C1093,2019-12,38,75406,17,2865428
C1094,2019-12,69,51295,18,3539355
C1095,2019-12,26,75578,25,1965028
C1097,2019-12,27,75335,10,2034045
C1101,2019-12,120,25515,23,3061800
C1102,2019-12,154,18157,14,2796178
C1001,2020-01,96,25244,12,2423424
C1007,2020-01,93,25185,9,2342205
C1008,2020-01,90,51207,8,4608630
C1010,2020-01,216,25152,20,5432832
C1011,2020-01,27,75441,15,2036907
C1016,2020-01,50,75876,11,3793800
C1021,2020-01,192,35437,21,6803904
C1022,2020-01,75,50904,13,3817800
C1023,2020-01,170,25156,10,4276520
C1024,2020-01,89,50279,12,4474831
C1025,2020-01,126,51154,22,6445404
C1026,2020-01,21,76825,17,1613325
C1030,2020-01,19,75401,16,1432619
C1031,2020-01,32,75995,20,2431840
C1032,2020-01,20,76345,21,1526900
C1034,2020-01,19,76782,16,1458858
C1035,2020-01,19,77037,20,1463703
C1036,2020-01,21,76193,13,1600053
C1038,2020-01,101,51091,10,5160191
C1039,2020-01,131,18338,21,2402278
C1041,2020-01,137,18512,25,2536144
C1043,2020-01,126,18207,20,2294082
C1046,2020-01,128,50656,18,6483968
C1047,2020-01,82,35050,22,2874100
C1048,2020-01,78,35944,24,2803632
C1051,2020-01,119,18019,17,2144261
C1057,2020-01,46,76497,13,3518862
C1062,2020-01,114,51491,11,5869974
C1063,2020-01,90,51096,9,4598640
C1066,2020-01,144,25427,25,3661488
C1069,2020-01,127,18349,21,2330323
C1070,2020-01,82,35869,15,2941258
C1075,2020-01,98,25647,12,2513406
C1077,2020-01,20,75041,22,1500820
C1080,2020-01,28,35586,11,996408
C1081,2020-01,127,25375,9,3222625
C1082,2020-01,117,18494,25,2163798
C1086,2020-01,552,18346,8,10126992
C1089,2020-01,191,25435,24,4858085
C1090,2020-01,143,25687,13,3673241
C1093,2020-01,30,75587,13,2267610
C1094,2020-01,215,50841,12,10930815
C1095,2020-01,19,76528,17,1454032
C1097,2020-01,20,77187,21,1543740
C1101,2020-01,95,25620,25,2433900
C1102,2020-01,120,18098,20,2171760
C1001,2020-02,96,25039,14,2403744
C1007,2020-02,97,25147,13,2439259
C1008,2020-02,92,50397,11,4636524
C1010,2020-02,211,25341,16,5346951
C1011,2020-02,29,76983,13,2232507
C1016,2020-02,50,77148,9,3857400
C1021,2020-02,194,35027,18,6795238
C1022,2020-02,76,50200,16,3815200
C1023,2020-02,173,25106,21,4343338
C1024,2020-02,90,50706,24,4563540
C1025,2020-02,134,50614,9,6782276
C1026,2020-02,20,75257,9,1505140
C1030,2020-02,19,76007,23,1444133
C1031,2020-02,33,75117,13,2478861
C1032,2020-02,19,75562,21,1435678
C1034,2020-02,19,76151,12,1446869
C1035,2020-02,19,75317,17,1431023
C1036,2020-02,21,76472,20,1605912
C1038,2020-02,103,51323,8,5286269
C1039,2020-02,132,18443,16,2434476
C1041,2020-02,140,18217,16,2550380
C1043,2020-02,119,18169,22,2162111
C1046,2020-02,132,50840,21,6710880
C1047,2020-02,79,35339,13,2791781
C1048,2020-02,80,35646,23,2851680
C1049,2020-02,120,18522,14,2222640
C1051,2020-02,124,18373,8,2278252
C1057,2020-02,47,76147,19,3578909
C1062,2020-02,120,50058,8,6006960
C1063,2020-02,92,50170,12,4615640
C1066,2020-02,144,25193,9,3627792
C1069,2020-02,121,18120,21,2192520
C1070,2020-02,79,35645,20,2815955
C1075,2020-02,99,25350,18,2509650
C1077,2020-02,20,76347,12,1526940
C1080,2020-02,82,35889,9,2942898
C1081,2020-02,126,25374,10,3197124
C1082,2020-02,124,18449,18,2287676
C1086,2020-02,236,18534,22,4374024
C1089,2020-02,189,25676,23,4852764
C1090,2020-02,49,25678,16,1258222
C1093,2020-02,32,77042,21,2465344
C1094,2020-02,100,50468,17,5046800
C1095,2020-02,7,75299,14,527093
C1097,2020-02,20,75075,25,1501500
C1101,2020-02,101,25281,14,2553381
C1102,2020-02,126,18262,10,2301012
C1001,2020-03,89,25125,10,2236125
C1007,2020-03,84,25483,20,2140572
C1008,2020-03,88,50253,18,4422264
C1010,2020-03,193,25661,10,4952573
C1011,2020-03,27,75629,12,2041983
C1016,2020-03,44,75346,23,3315224
C1021,2020-03,181,35485,9,6422785
C1022,2020-03,70,50056,18,3503920
C1023,2020-03,161,25641,12,4128201
C1024,2020-03,84,51254,23,4305336
C1025,2020-03,126,51160,20,6446160
C1026,2020-03,17,77053,11,1309901
C1030,2020-03,18,77088,25,1387584
C1031,2020-03,32,76379,14,2444128
C1032,2020-03,17,75169,15,1277873
C1034,2020-03,17,75569,18,1284673
C1035,2020-03,18,76458,24,1376244
C1036,2020-03,21,75672,9,1589112
C1038,2020-03,97,50411,11,4889867
C1039,2020-03,123,18238,12,2243274
C1041,2020-03,137,18269,15,2502853
C1043,2020-03,106,18021,12,1910226
C1046,2020-03,118,51075,25,6026850
C1047,2020-03,76,35817,19,2722092
C1048,2020-03,75,35783,12,2683725
C1049,2020-03,114,18220,19,2077080
C1051,2020-03,114,18085,11,2061690
C1053,2020-03,70,35626,18,2493820
C1057,2020-03,42,75860,20,3186120
C1062,2020-03,106,50665,11,5370490
C1063,2020-03,84,51243,12,4304412
C1066,2020-03,139,25006,13,3475834
C1069,2020-03,113,18361,13,2074793
C1070,2020-03,71,35335,19,2508785
C1072,2020-03,18,75727,16,1363086
C1075,2020-03,88,25450,9,2239600
C1077,2020-03,18,75540,25,1359720
C1080,2020-03,73,36008,17,2628584
C1081,2020-03,121,25228,16,3052588
C1082,2020-03,113,18078,20,2042814
C1086,2020-03,226,18197,17,4112522
C1089,2020-03,165,25731,24,4245615
C1090,2020-03,135,25596,23,3455460
C1093,2020-03,29,77015,10,2233435
C1094,2020-03,89,50330,14,4479370
C1095,2020-03,19,76046,9,1444874
C1097,2020-03,18,76301,19,1373418
C1101,2020-03,85,25528,12,2169880
C1102,2020-03,114,18317,11,2088138
C1001,2020-04,81,25165,15,2038365
C1007,2020-04,76,25567,24,1943092
C1008,2020-04,83,51034,17,4235822
C1010,2020-04,187,25132,11,4699684
C1011,2020-04,24,76890,18,1845360
C1016,2020-04,41,76157,19,3122437
C1021,2020-04,153,35733,8,5467149
C1022,2020-04,67,50140,8,3359380
C1023,2020-04,142,25508,23,3622136
C1024,2020-04,75,50502,11,3787650
C1025,2020-04,114,50015,14,5701710
C1026,2020-04,17,75692,15,1286764
C1030,2020-04,16,76774,8,1228384
C1031,2020-04,28,75169,25,2104732
C1032,2020-04,16,76592,14,1225472
C1034,2020-04,17,75449,10,1282633
C1035,2020-04,16,75073,13,1201168
C1036,2020-04,19,75358,21,1431802
C1038,2020-04,90,50517,17,4546530
C1039,2020-04,117,18270,14,2137590
C1041,2020-04,125,18018,17,2252250
C1043,2020-04,99,18273,19,1809027
C1046,2020-04,105,50989,8,5353845
C1047,2020-04,67,36038,9,2414546
C1048,2020-04,63,35118,24,2212434
C1049,2020-04,106,18380,23,1948280
C1051,2020-04,100,18335,16,1833500
C1053,2020-04,67,35819,10,2399873
C1057,2020-04,39,75354,8,2938806
C1062,2020-04,97,50212,16,4870564
C1063,2020-04,80,50647,17,4051760
C1066,2020-04,132,25367,12,3348444
C1069,2020-04,96,18467,13,1772832
C1070,2020-04,66,35259,12,2327094
C1072,2020-04,31,76163,17,2361053
C1075,2020-04,78,25441,12,1984398
C1077,2020-04,17,75834,19,1289178
C1080,2020-04,67,35376,24,2370192
C1081,2020-04,107,25322,11,2709454
C1082,2020-04,95,18339,24,1742205
C1086,2020-04,208,18302,9,3806816
C1089,2020-04,153,25449,16,3893697
C1090,2020-04,123,25043,12,3080289
C1093,2020-04,26,75937,20,1974362
C1094,2020-04,80,50384,17,4030720
C1095,2020-04,16,75060,13,1200960
C1097,2020-04,16,77009,8,1232144
C1101,2020-04,82,25538,10,2094116
C1102,2020-04,101,18259,24,1844159
C1001,2020-05,76,25282,15,1921432
C1002,2020-05,65,35956,13,2337140
C1007,2020-05,77,25670,13,1976590
C1008,2020-05,82,50264,25,4121648
C1010,2020-05,189,25726,11,4862214
C1011,2020-05,24,77194,13,1852656
C1016,2020-05,41,76888,22,3152408
C1021,2020-05,162,35691,24,5781942
C1022,2020-05,65,50610,25,3289650
C1023,2020-05,140,25722,8,3601080
C1024,2020-05,77,51249,14,3946173
C1025,2020-05,109,50754,16,5532186
C1026,2020-05,16,76914,16,1230624
C1030,2020-05,16,75871,20,1213936
C1031,2020-05,29,76765,25,2226185
C1032,2020-05,16,75156,13,1202496
C1034,2020-05,15,75798,12,1136970
C1035,2020-05,16,76127,17,1218032
C1036,2020-05,20,77128,20,1542560
C1038,2020-05,96,50226,15,4821696
C1039,2020-05,118,18216,15,2149488
C1041,2020-05,132,18291,18,2414412
C1043,2020-05,102,18506,18,1887612
C1046,2020-05,108,50101,8,5410908
C1047,2020-05,64,35594,21,2278016
C1048,2020-05,64,35880,19,2296320
C1049,2020-05,106,18458,9,1956548
C1051,2020-05,96,18047,8,1732512
C1053,2020-05,67,35802,8,2398734
C1057,2020-05,40,76279,16,3051160
C1062,2020-05,96,50127,24,4812192
C1063,2020-05,82,50561,23,4146002
C1066,2020-05,124,25561,20,3169564
C1069,2020-05,103,18086,25,1862858
C1070,2020-05,66,35191,10,2322606
C1072,2020-05,17,75787,21,1288379
C1075,2020-05,81,25639,23,2076759
C1077,2020-05,16,77103,19,1233648
C1080,2020-05,68,35579,14,2419372
C1081,2020-05,118,25051,15,2956018
C1082,2020-05,99,18204,17,1802196
C1086,2020-05,205,18152,9,3721160
C1089,2020-05,157,25707,25,4035999
C1090,2020-05,129,25296,10,3263184
C1093,2020-05,26,76265,10,1982890
C1094,2020-05,88,50574,9,4450512
C1095,2020-05,16,76910,21,1230560
C1097,2020-05,15,77186,23,1157790
C1101,2020-05,82,25712,20,2108384
C1102,2020-05,102,18153,23,1851606
C1001,2020-06,85,25690,8,2183650
C1002,2020-06,71,35767,12,2539457
C1007,2020-06,91,25151,11,2288741
C1008,2020-06,97,51185,17,4964945
C1010,2020-06,209,25114,23,5248826
C1011,2020-06,28,76250,25,2135000
C1016,2020-06,48,76264,17,3660672
C1021,2020-06,191,35411,24,6763501
C1022,2020-06,76,51336,19,3901536
C1023,2020-06,173,25541,22,4418593
C1024,2020-06,88,50636,22,4455968
C1025,2020-06,129,50196,10,6475284
C1026,2020-06,18,75423,8,1357614
C1030,2020-06,17,75510,13,1283670
C1031,2020-06,34,76338,10,2595492
C1032,2020-06,18,76393,23,1375074
C1034,2020-06,17,76300,20,1297100
C1035,2020-06,18,75862,21,1365516
C1036,2020-06,23,76778,10,1765894
C1038,2020-06,106,50399,21,5342294
C1039,2020-06,135,18333,19,2474955
C1041,2020-06,144,18513,17,2665872
C1043,2020-06,113,18026,11,2036938
C1046,2020-06,119,51181,13,6090539
C1047,2020-06,73,36009,23,2628657
C1048,2020-06,71,35827,24,2543717
C1049,2020-06,130,18094,13,2352220
C1051,2020-06,108,18265,10,1972620
C1053,2020-06,73,35183,14,2568359
C1057,2020-06,45,75284,9,3387780
C1062,2020-06,108,50673,21,5472684
C1063,2020-06,92,50877,17,4680684
C1066,2020-06,151,25054,25,3783154
C1069,2020-06,107,18316,16,1959812
C1070,2020-06,74,35922,20,2658228
C1072,2020-06,20,75790,8,1515800
C1075,2020-06,87,25294,13,2200578
C1077,2020-06,18,75112,16,1352016
C1080,2020-06,72,35686,20,2569392
C1081,2020-06,130,25112,12,3264560
C1082,2020-06,114,18009,20,2053026
C1086,2020-06,247,18487,22,4566289
C1089,2020-06,180,25478,10,4586040
C1090,2020-06,144,25213,12,3630672
C1093,2020-06,30,76236,13,2287080
C1094,2020-06,92,51086,21,4699912
C1095,2020-06,18,76780,25,1382040
C1097,2020-06,17,75872,11,1289824
C1101,2020-06,84,25081,15,2106804
C1102,2020-06,105,18185,15,1909425
C1001,2020-07,101,25273,25,2552573
C1002,2020-07,77,35663,11,2746051
C1007,2020-07,96,25409,11,2439264
C1008,2020-07,110,50245,12,5526950
C1010,2020-07,247,25282,10,6244654
C1011,2020-07,33,75047,19,2476551
C1016,2020-07,51,75531,16,3852081
C1021,2020-07,207,35574,16,7363818
C1022,2020-07,88,50837,16,4473656
C1023,2020-07,190,25351,17,4816690
C1024,2020-07,106,50169,22,5317914
C1025,2020-07,149,50134,20,7469966
C1026,2020-07,19,77222,15,1467218
C1030,2020-07,20,75840,11,1516800
C1031,2020-07,39,76822,10,2996058
C1032,2020-07,19,76806,20,1459314
C1034,2020-07,19,76589,25,1455191
C1035,2020-07,20,76070,9,1521400
C1036,2020-07,27,75257,15,2031939
C1038,2020-07,121,50092,8,6061132
C1039,2020-07,157,18359,23,2882363
C1041,2020-07,175,18508,8,3238900
C1043,2020-07,119,18017,25,2144023
C1046,2020-07,138,50717,11,6998946
C1047,2020-07,77,35921,19,2765917
C1048,2020-07,83,35194,16,2921102
C1049,2020-07,140,18392,15,2574880
C1051,2020-07,127,18067,11,2294509
C1053,2020-07,84,35845,13,3010980
C1057,2020-07,50,76969,16,3848450
C1062,2020-07,130,50599,10,6577870
C1063,2020-07,108,50191,9,5420628
C1066,2020-07,173,25506,25,4412538
C1069,2020-07,120,18404,25,2208480
C1072,2020-07,22,76322,17,1679084
C1075,2020-07,94,25596,23,2406024
C1077,2020-07,19,76655,19,1456445
C1080,2020-07,77,35553,9,2737581
C1081,2020-07,148,25704,8,3804192
C1082,2020-07,122,18107,15,2209054
C1086,2020-07,279,18105,16,5051295
C1089,2020-07,199,25744,22,5123056
C1090,2020-07,156,25574,13,3989544
C1093,2020-07,35,76776,23,2687160
C1094,2020-07,112,50002,16,5600224
C1095,2020-07,20,77144,25,1542880
C1097,2020-07,20,75161,10,1503220
C1101,2020-07,99,25064,15,2481336
C1102,2020-07,121,18232,10,2206072
C1001,2020-08,96,25683,23,2465568
C1002,2020-08,78,35158,17,2742324
C1007,2020-08,93,25313,11,2354109
C1008,2020-08,104,51251,8,5330104
C1010,2020-08,247,25227,15,6231069
C1011,2020-08,34,76817,16,2611778
C1016,2020-08,56,75557,10,4231192
C1021,2020-08,214,35175,9,7527450
C1022,2020-08,91,50693,25,4613063
C1023,2020-08,191,25697,10,4908127
C1024,2020-08,101,50453,15,5095753
C1025,2020-08,146,50033,8,7304818
C1026,2020-08,19,76830,22,1459770
C1029,2020-08,20,76615,22,1532300
C1030,2020-08,20,76040,19,1520800
C1031,2020-08,37,76320,10,2823840
C1032,2020-08,19,76916,10,1461404
C1034,2020-08,19,76036,16,1444684
C1035,2020-08,19,75754,11,1439326
C1036,2020-08,28,75383,15,2110724
C1038,2020-08,116,51076,24,5924816
C1039,2020-08,172,18005,24,3096860
C1041,2020-08,177,18051,8,3195027
C1043,2020-08,126,18147,18,2286522
C1046,2020-08,138,51179,21,7062702
C1047,2020-08,79,35732,25,2822828
C1048,2020-08,83,35865,18,2976795
C1049,2020-08,147,18178,24,2672166
C1051,2020-08,124,18402,21,2281848
C1053,2020-08,81,35135,23,2845935
C1057,2020-08,52,75026,11,3901352
C1062,2020-08,132,50780,23,6702960
C1063,2020-08,104,51152,14,5319808
C1066,2020-08,164,25726,19,4219064
C1069,2020-08,123,18155,11,2233065
C1072,2020-08,24,75609,16,1814616
C1075,2020-08,95,25282,13,2401790
C1077,2020-08,19,76563,21,1454697
C1080,2020-08,77,35647,11,2744819
C1081,2020-08,151,25727,17,3884777
C1082,2020-08,117,18145,21,2122965
C1086,2020-08,281,18117,20,5090877
C1089,2020-08,214,25618,23,5482252
C1090,2020-08,174,25396,19,4418904
C1093,2020-08,35,75458,16,2641030
C1094,2020-08,116,51347,19,5956252
C1095,2020-08,21,75255,14,1580355
C1097,2020-08,19,77099,19,1464881
C1101,2020-08,101,25183,16,2543483
C1102,2020-08,120,18192,21,2183040
C1001,2020-09,89,25594,23,2277866
C1002,2020-09,75,35836,9,2687700
C1007,2020-09,86,25747,11,2214242
C1008,2020-09,100,50698,11,5069800
C1010,2020-09,227,25312,19,5745824
C1011,2020-09,31,77239,24,2394409
C1016,2020-09,49,76095,20,3728655
C1019,2020-09,18,76897,8,1384146
C1021,2020-09,192,35764,12,6866688
C1022,2020-09,83,50872,8,4222376
C1023,2020-09,182,25073,25,4563286
C1024,2020-09,96,50815,14,4878240
C1025,2020-09,138,50043,19,6905934
C1026,2020-09,19,75768,13,1439592
C1029,2020-09,18,76500,21,1377000
C1030,2020-09,18,76848,10,1383264
C1031,2020-09,36,76863,21,2767068
C1032,2020-09,18,76553,18,1377954
C1034,2020-09,19,77172,10,1466268
C1035,2020-09,18,75666,23,1361988
C1036,2020-09,26,76816,24,1997216
C1038,2020-09,113,50439,20,5699607
C1039,2020-09,150,18191,15,2728650
C1041,2020-09,168,18458,8,3100944
C1043,2020-09,115,18120,12,2083800
C1046,2020-09,135,50945,12,6877575
C1047,2020-09,76,35895,13,2728020
C1048,2020-09,76,35260,18,2679760
C1049,2020-09,135,18009,24,2431215
C1051,2020-09,105,18468,21,1939140
C1053,2020-09,74,35395,15,2619230
C1057,2020-09,50,76032,22,3801600
C1062,2020-09,117,50398,16,5896566
C1063,2020-09,101,50410,24,5091410
C1066,2020-09,153,25154,23,3848562
C1069,2020-09,107,18005,15,1926535
C1072,2020-09,23,76502,12,1759546
C1075,2020-09,85,25132,15,2136220
C1077,2020-09,18,77209,12,1389762
C1080,2020-09,74,35843,17,2652382
C1081,2020-09,247,25440,12,6283680
C1082,2020-09,105,18271,25,1918455
C1086,2020-09,251,18208,21,4570208
C1089,2020-09,200,25370,16,5074000
C1090,2020-09,159,25146,22,3998214
C1093,2020-09,34,77161,18,2623474
C1094,2020-09,101,50189,25,5069089
C1095,2020-09,19,76716,20,1457604
C1097,2020-09,18,76095,8,1369710
C1101,2020-09,88,25068,12,2205984
C1102,2020-09,108,18201,11,1965708
C1001,2020-10,78,25408,19,1981824
C1002,2020-10,66,35059,17,2313894
C1007,2020-10,82,25602,18,2099364
C1008,2020-10,91,50553,16,4600323
C1010,2020-10,204,25525,22,5207100
C1011,2020-10,30,76975,10,2309250
C1016,2020-10,44,75184,18,3308096
C1019,2020-10,16,75057,10,1200912
C1021,2020-10,174,35754,16,6221196
C1022,2020-10,75,50688,13,3801600
C1023,2020-10,154,25140,24,3871560
C1024,2020-10,92,50126,25,4611592
C1025,2020-10,124,50711,17,6288164
C1026,2020-10,15,77160,12,1157400
C1029,2020-10,16,76028,18,1216448
C1030,2020-10,16,75877,10,1214032
C1031,2020-10,32,76156,19,2436992
C1032,2020-10,16,76536,13,1224576
C1034,2020-10,16,75555,18,1208880
C1035,2020-10,16,76283,11,1220528
C1036,2020-10,23,75947,9,1746781
C1038,2020-10,99,50430,8,4992570
C1039,2020-10,148,18218,9,2696264
C1041,2020-10,149,18508,17,2757692
C1043,2020-10,101,18436,9,1862036
C1046,2020-10,119,50372,23,5994268
C1047,2020-10,64,35717,11,2285888
C1048,2020-10,64,35017,25,2241088
C1049,2020-10,124,18281,18,2266844
C1051,2020-10,39,18381,13,716859
C1053,2020-10,68,35361,23,2404548
C1057,2020-10,42,75924,24,3188808
C1062,2020-10,112,51290,25,5744480
C1063,2020-10,88,51236,15,4508768
C1066,2020-10,142,25271,16,3588482
C1069,2020-10,100,18067,16,1806700
C1072,2020-10,20,75540,14,1510800
C1075,2020-10,78,25407,17,1981746
C1077,2020-10,15,75277,16,1129155
C1080,2020-10,64,35545,17,2274880
C1081,2020-10,128,25229,14,3229312
C1082,2020-10,94,18468,14,1735992
C1086,2020-10,225,18029,18,4056525
C1089,2020-10,176,25431,16,4475856
C1090,2020-10,140,25749,15,3604860
C1093,2020-10,30,76764,10,2302920
C1094,2020-10,95,50832,11,4829040
C1095,2020-10,16,75488,23,1207808
C1097,2020-10,16,77175,25,1234800
C1101,2020-10,75,25334,23,1900050
C1102,2020-10,101,18423,24,1860723
C1001,2020-11,75,25302,22,1897650
C1002,2020-11,68,35437,20,2409716
C1007,2020-11,82,25380,14,2081160
C1008,2020-11,96,50048,25,4804608
C1010,2020-11,199,25134,12,5001666
C1011,2020-11,30,76900,16,2307000
C1016,2020-11,44,75517,20,3322748
C1019,2020-11,18,76076,15,1369368
C1021,2020-11,179,35856,23,6418224
C1022,2020-11,77,50135,18,3860395
C1023,2020-11,168,25210,21,4235280
C1024,2020-11,87,51259,9,4459533
C1025,2020-11,120,50203,25,6024360
C1026,2020-11,17,75136,11,1277312
C1029,2020-11,16,75727,19,1211632
C1030,2020-11,16,75214,25,1203424
C1031,2020-11,32,76908,20,2461056
C1032,2020-11,17,75358,21,1281086
C1034,2020-11,15,75926,23,1138890
C1035,2020-11,6,76726,10,460356
C1036,2020-11,23,76996,20,1770908
C1038,2020-11,106,50482,23,5351092
C1039,2020-11,142,18193,20,2583406
C1040,2020-11,96,18265,14,1753440
C1041,2020-11,148,18037,19,2669476
C1043,2020-11,101,18535,21,1872035
C1046,2020-11,119,50296,16,5985224
C1047,2020-11,63,35580,10,2241540
C1048,2020-11,66,35872,8,2367552
C1049,2020-11,139,18493,10,2570527
C1051,2020-11,101,18202,8,1838402
C1053,2020-11,65,35924,19,2335060
C1057,2020-11,45,76224,17,3430080
C1062,2020-11,108,50465,17,5450220
C1063,2020-11,89,51493,23,4582877
C1066,2020-11,145,25058,16,3633410
C1069,2020-11,94,18155,23,1706570
C1072,2020-11,21,75194,21,1579074
C1075,2020-11,78,25472,24,1986816
C1077,2020-11,17,76503,24,1300551
C1080,2020-11,66,35629,10,2351514
C1081,2020-11,134,25398,12,3403332
C1082,2020-11,98,18046,19,1768508
C1086,2020-11,104,18471,14,1920984
C1089,2020-11,174,25357,15,4412118
C1090,2020-11,150,25630,25,3844500
C1093,2020-11,31,76383,15,2367873
C1094,2020-11,93,50584,14,4704312
C1095,2020-11,16,75586,16,1209376
C1097,2020-11,16,76277,15,1220432
C1101,2020-11,41,25279,13,1036439
C1102,2020-11,100,18337,10,1833700
C1001,2020-12,86,25266,25,2172876
C1002,2020-12,73,35446,25,2587558
C1007,2020-12,88,25381,25,2233528
C1008,2020-12,111,50557,10,5611827
C1010,2020-12,227,25129,16,5704283
C1011,2020-12,34,75043,10,2551462
C1016,2020-12,52,76841,10,3995732
C1019,2020-12,21,75625,9,1588125
C1021,2020-12,209,35307,16,7379163
C1022,2020-12,87,51424,18,4473888
C1023,2020-12,190,25647,11,4872930
C1024,2020-12,107,51136,14,5471552
C1025,2020-12,134,50393,24,6752662
C1026,2020-12,18,76194,19,1371492
C1029,2020-12,18,75879,19,1365822
C1030,2020-12,18,75209,22,1353762
C1031,2020-12,36,75172,14,2706192
C1032,2020-12,18,76080,10,1369440
C1034,2020-12,18,76891,13,1384038
C1035,2020-12,18,77166,17,1388988
C1036,2020-12,27,76588,18,2067876
C1038,2020-12,112,51240,25,5738880
C1039,2020-12,170,18005,24,3060850
C1040,2020-12,108,18397,8,1986876
C1041,2020-12,179,18010,22,3223790
C1043,2020-12,112,18057,9,2022384
C1046,2020-12,141,51190,21,7217790
C1047,2020-12,72,35083,11,2525976
C1048,2020-12,70,35023,24,2451610
C1049,2020-12,153,18490,11,2828970
C1051,2020-12,109,18228,18,1986852
C1053,2020-12,73,35604,21,2599092
C1057,2020-12,50,75742,21,3787100
C1062,2020-12,125,51490,19,6436250
C1063,2020-12,101,50448,9,5095248
C1066,2020-12,162,25216,10,4084992
C1069,2020-12,111,18215,25,2021865
C1072,2020-12,24,75205,20,1804920
C1074,2020-12,89,25633,23,2281337
C1075,2020-12,85,25041,18,2128485
C1077,2020-12,17,77014,21,1309238
C1080,2020-12,73,35105,20,2562665
C1081,2020-12,152,25070,14,3810640
C1082,2020-12,112,18099,20,2027088
C1086,2020-12,266,18206,19,4842796
C1089,2020-12,203,25476,19,5171628
C1090,2020-12,165,25734,19,4246110
C1093,2020-12,34,76990,9,2617660
C1094,2020-12,105,51401,14,5397105
C1095,2020-12,17,77029,22,1309493
C1097,2020-12,18,75618,20,1361124
C1101,2020-12,91,25553,21,2325323
C1102,2020-12,106,18086,19,1917116
C1001,2021-01,99,25747,19,2548953
C1002,2021-01,78,35124,8,2739672
C1007,2021-01,99,25269,13,2501631
C1008,2021-01,122,51196,9,6245912
C1010,2021-01,259,25660,8,6645940
C1011,2021-01,37,75037,22,2776369
C1016,2021-01,58,75842,9,4398836
C1019,2021-01,24,75008,20,1800192
C1021,2021-01,228,35129,22,8009412
C1022,2021-01,106,51033,23,5409498
C1023,2021-01,203,25465,10,5169395
C1024,2021-01,120,51421,14,6170520
C1025,2021-01,157,50043,16,7856751
C1026,2021-01,20,75003,24,1500060
C1029,2021-01,21,75379,14,1582959
C1030,2021-01,20,76946,23,1538920
C1031,2021-01,40,76071,10,3042840
C1032,2021-01,19,76674,13,1456806
C1034,2021-01,21,75196,12,1579116
C1035,2021-01,20,75321,8,1506420
C1036,2021-01,32,76920,9,2461440
C1038,2021-01,125,51234,16,6404250
C1039,2021-01,183,18116,24,3315228
C1040,2021-01,125,18032,16,2254000
C1041,2021-01,193,18444,25,3559692
C1043,2021-01,123,18503,17,2275869
C1046,2021-01,151,50198,23,7579898
C1047,2021-01,82,35629,20,2921578
C1048,2021-01,81,35101,23,2843181
C1049,2021-01,171,18161,22,3105531
C1051,2021-01,118,18092,13,2134856
C1053,2021-01,83,36044,13,2991652
C1057,2021-01,116,77159,10,8950444
C1062,2021-01,145,51172,17,7419940
C1063,2021-01,113,50817,17,5742321
C1066,2021-01,198,25595,12,5067810
C1069,2021-01,119,18037,9,2146403
C1072,2021-01,29,76583,11,2220907
C1074,2021-01,104,25039,20,2604056
C1075,2021-01,94,25438,20,2391172
C1077,2021-01,20,75366,13,1507320
C1080,2021-01,77,35492,8,2732884
C1081,2021-01,165,25234,9,4163610
C1082,2021-01,126,18138,13,2285388
C1086,2021-01,299,18002,19,5382598
C1089,2021-01,236,25214,20,5950504
C1090,2021-01,191,25575,22,4884825
C1093,2021-01,42,75469,24,3169698
C1094,2021-01,126,51371,17,6472746
C1095,2021-01,19,75474,17,1434006
C1097,2021-01,21,76069,10,1597449
C1101,2021-01,98,25149,12,2464602
C1102,2021-01,125,18078,10,2259750
C1001,2021-02,93,25492,10,2370756
C1002,2021-02,83,35696,17,2962768
C1007,2021-02,98,25007,9,2450686
C1008,2021-02,118,50437,22,5951566
C1010,2021-02,255,25107,23,6402285
C1011,2021-02,37,76502,12,2830574
C1016,2021-02,57,76796,11,4377372
C1019,2021-02,24,75063,24,1801512
C1021,2021-02,239,35171,11,8405869
C1022,2021-02,102,51344,19,5237088
C1023,2021-02,212,25452,10,5395824
C1024,2021-02,121,51098,9,6182858
C1025,2021-02,158,50741,23,8017078
C1026,2021-02,20,75709,20,1514180
C1029,2021-02,20,75852,21,1517040
C1030,2021-02,20,75992,16,1519840
C1031,2021-02,45,76580,11,3446100
C1032,2021-02,20,77217,16,1544340
C1034,2021-02,21,75678,12,1589238
C1035,2021-02,19,76578,19,1454982
C1036,2021-02,31,76623,17,2375313
C1038,2021-02,135,50142,8,6769170
C1039,2021-02,190,18335,9,3483650
C1040,2021-02,119,18412,25,2191028
C1041,2021-02,198,18216,9,3606768
C1043,2021-02,119,18289,15,2176391
C1046,2021-02,155,50864,9,7883920
C1047,2021-02,77,35565,16,2738505
C1048,2021-02,77,35522,9,2735194
C1049,2021-02,188,18503,14,3478564
C1051,2021-02,127,18519,11,2351913
C1053,2021-02,78,35289,12,2752542
C1057,2021-02,58,77179,12,4476382
C1061,2021-02,123,18365,18,2258895
C1062,2021-02,271,51186,12,13871406
C1063,2021-02,123,50505,19,6212115
C1066,2021-02,196,25427,13,4983692
C1069,2021-02,126,18375,11,2315250
C1072,2021-02,29,75487,9,2189123
C1074,2021-02,101,25575,14,2583075
C1075,2021-02,93,25186,19,2342298
C1077,2021-02,19,75159,17,1428021
C1080,2021-02,79,35744,11,2823776
C1081,2021-02,174,25313,10,4404462
C1082,2021-02,119,18294,10,2176986
C1086,2021-02,290,18532,25,5374280
C1089,2021-02,233,25370,23,5911210
C1090,2021-02,182,25624,16,4663568
C1093,2021-02,40,76410,20,3056400
C1094,2021-02,129,50160,11,6470640
C1095,2021-02,19,76751,13,1458269
C1097,2021-02,19,76499,20,1453481
C1101,2021-02,99,25453,14,2519847
C1102,2021-02,126,18525,10,2334150
C1001,2021-03,86,25715,16,2211490
C1002,2021-03,70,35080,17,2455600
C1007,2021-03,87,25098,18,2183526
C1008,2021-03,115,50422,22,5798530
C1010,2021-03,240,25046,23,6011040
C1011,2021-03,35,76541,19,2678935
C1016,2021-03,53,75964,16,4026092
C1019,2021-03,21,75066,8,1576386
C1021,2021-03,210,35149,18,7381290
C1022,2021-03,94,50837,20,4778678
C1023,2021-03,189,25255,24,4773195
C1024,2021-03,212,50718,14,10752216
C1025,2021-03,140,51298,16,7181720
C1026,2021-03,19,75705,15,1438395
C1029,2021-03,18,75435,14,1357830
C1030,2021-03,18,76684,24,1380312
C1031,2021-03,40,75751,23,3030040
C1032,2021-03,17,75408,17,1281936
C1034,2021-03,17,76367,14,1298239
C1035,2021-03,19,75584,22,1436096
C1036,2021-03,31,75335,25,2335385
C1038,2021-03,127,50625,20,6429375
C1039,2021-03,172,18250,17,3139000
C1040,2021-03,109,18207,25,1984563
C1041,2021-03,182,18526,13,3371732
C1043,2021-03,111,18083,17,2007213
C1046,2021-03,148,50066,25,7409768
C1047,2021-03,73,35621,15,2600333
C1048,2021-03,74,35837,20,2651938
C1049,2021-03,160,18106,12,2896960
C1051,2021-03,107,18074,17,1933918
C1053,2021-03,73,35527,23,2593471
C1057,2021-03,51,75944,8,3873144
C1061,2021-03,114,18350,25,2091900
C1062,2021-03,129,50873,23,6562617
C1063,2021-03,111,50774,13,5635914
C1066,2021-03,181,25682,24,4648442
C1069,2021-03,113,18248,11,2062024
C1072,2021-03,27,77141,11,2082807
C1074,2021-03,99,25542,20,2528658
C1075,2021-03,86,25353,11,2180358
C1077,2021-03,17,75637,17,1285829
C1080,2021-03,70,35837,22,2508590
C1081,2021-03,313,25149,20,7871637
C1082,2021-03,106,18190,25,1928140
C1086,2021-03,268,18141,13,4861788
C1089,2021-03,224,25380,8,5685120
C1090,2021-03,172,25732,25,4425904
C1093,2021-03,39,75362,23,2939118
C1094,2021-03,119,50462,22,6004978
C1095,2021-03,19,76688,15,1457072
C1097,2021-03,18,76133,23,1370394
C1101,2021-03,84,25531,14,2144604
C1102,2021-03,114,18354,13,2092356
C1001,2021-04,78,25382,11,1979796
C1002,2021-04,67,35974,15,2410258
C1007,2021-04,82,25385,15,2081570
C1008,2021-04,107,50666,18,5421262
C1010,2021-04,212,25511,21,5408332
C1011,2021-04,33,75595,19,2494635
C1016,2021-04,49,76846,19,3765454
C1019,2021-04,21,76499,24,1606479
C1021,2021-04,197,35375,13,6968875
C1022,2021-04,89,50049,19,4454361
C1023,2021-04,182,25420,18,4626440
C1024,2021-04,103,51262,18,5279986
C1025,2021-04,131,50678,13,6638818
C1026,2021-04,16,76300,13,1220800
C1029,2021-04,16,76980,20,1231680
C1030,2021-04,16,75823,15,1213168
C1031,2021-04,36,75484,14,2717424
C1032,2021-04,15,75990,19,1139850
C1034,2021-04,17,76866,21,1306722
C1035,2021-04,15,75841,11,1137615
C1036,2021-04,27,75782,21,2046114
C1038,2021-04,113,50836,20,5744468
C1039,2021-04,161,18127,8,2918447
C1040,2021-04,96,18516,24,1777536
C1041,2021-04,172,18338,22,3154136
C1043,2021-04,101,18180,24,1836180
C1046,2021-04,127,51450,10,6534150
C1047,2021-04,66,35348,18,2332968
C1048,2021-04,63,35670,20,2247210
C1049,2021-04,157,18478,9,2901046
C1051,2021-04,94,18048,19,1696512
C1053,2021-04,68,35584,24,2419712
C1057,2021-04,47,76072,16,3575384
C1061,2021-04,100,18240,18,1824000
C1062,2021-04,113,50715,21,5730795
C1063,2021-04,98,51202,23,5017796
C1066,2021-04,166,25240,17,4189840
C1069,2021-04,103,18175,18,1872025
C1072,2021-04,25,76416,12,1910400
C1074,2021-04,95,25138,11,2388110
C1075,2021-04,77,25171,8,1938167
C1077,2021-04,17,77012,19,1309204
C1080,2021-04,63,35455,18,2233665
C1081,2021-04,150,25602,12,3840300
C1082,2021-04,102,18110,18,1847220
C1086,2021-04,259,18304,8,4740736
C1089,2021-04,199,25678,14,5109922
C1090,2021-04,161,25605,8,4122405
C1093,2021-04,35,76715,21,2685025
C1094,2021-04,100,51067,17,5106700
C1095,2021-04,15,76215,13,1143225
C1097,2021-04,16,76862,11,1229792
C1101,2021-04,80,25030,8,2002400
C1102,2021-04,96,18536,14,1779456
C1001,2021-05,77,25142,12,1935934
C1002,2021-05,68,35368,19,2405024
C1007,2021-05,76,25532,10,1940432
C1008,2021-05,102,50828,11,5184456
C1010,2021-05,216,25654,20,5541264
C1011,2021-05,33,76431,23,2522223
C1016,2021-05,49,76462,21,3746638
C1019,2021-05,22,76610,21,1685420
C1021,2021-05,203,35793,24,7265979
C1022,2021-05,91,50910,14,4632810
C1023,2021-05,189,25499,21,4819311
C1024,2021-05,99,50366,16,4986234
C1025,2021-05,140,51161,16,7162540
C1026,2021-05,7,76244,18,533708
C1029,2021-05,16,75590,9,1209440
C1030,2021-05,16,76688,9,1227008
C1031,2021-05,37,77241,17,2857917
C1032,2021-05,16,77071,9,1233136
C1034,2021-05,16,75336,21,1205376
C1035,2021-05,15,75171,15,1127565
C1036,2021-05,28,75071,10,2101988
C1038,2021-05,116,50809,15,5893844
C1039,2021-05,169,18153,8,3067857
C1040,2021-05,98,18149,16,1778602
C1041,2021-05,173,18535,12,3206555
C1043,2021-05,97,18048,10,1750656
C1046,2021-05,132,51321,8,6774372
C1047,2021-05,66,35720,12,2357520
C1048,2021-05,65,35551,12,2310815
C1049,2021-05,151,18434,13,2783534
C1051,2021-05,100,18459,8,1845900
C1053,2021-05,66,35786,23,2361876
C1057,2021-05,49,75693,22,3708957
C1061,2021-05,102,18096,19,1845792
C1062,2021-05,119,51446,14,6122074
C1063,2021-05,98,50532,25,4952136
C1066,2021-05,168,25369,12,4261992
C1067,2021-05,45,51276,9,2307420
C1069,2021-05,96,18243,10,1751328
C1072,2021-05,24,75717,14,1817208
C1074,2021-05,97,25684,15,2491348
C1075,2021-05,76,25235,19,1917860
C1077,2021-05,16,76292,9,1220672
C1080,2021-05,66,35968,21,2373888
C1081,2021-05,157,25343,24,3978851
C1082,2021-05,99,18283,24,1810017
C1086,2021-05,248,18025,20,4470200
C1089,2021-05,205,25499,19,5227295
C1090,2021-05,170,25512,9,4337040
C1093,2021-05,34,77045,21,2619530
C1094,2021-05,107,50374,19,5390018
C1095,2021-05,17,75859,23,1289603
C1097,2021-05,16,76427,14,1222832
C1101,2021-05,82,25629,14,2101578
C1102,2021-05,99,18063,12,1788237
C1001,2021-06,84,25555,21,2146620
C1002,2021-06,71,35941,24,2551811
C1007,2021-06,89,25358,16,2256862
C1008,2021-06,115,51212,13,5889380
C1010,2021-06,251,25217,8,6329467
C1011,2021-06,38,75907,24,2884466
C1016,2021-06,57,76362,15,4352634
C1018,2021-06,115,18447,15,2121405
C1019,2021-06,24,75284,23,1806816
C1021,2021-06,222,35725,19,7930950
C1022,2021-06,101,50424,21,5092824
C1023,2021-06,201,25513,17,5128113
C1024,2021-06,120,50137,20,6016440
C1025,2021-06,157,50082,9,7862874
C1026,2021-06,17,75035,22,1275595
C1029,2021-06,17,75298,9,1280066
C1030,2021-06,18,75887,19,1365966
C1031,2021-06,44,76871,18,3382324
C1032,2021-06,18,76693,25,1380474
C1034,2021-06,18,76120,24,1370160
C1035,2021-06,19,75987,12,1443753
C1036,2021-06,31,75528,25,2341368
C1038,2021-06,134,50227,21,6730418
C1039,2021-06,199,18121,18,3606079
C1040,2021-06,114,18518,21,2111052
C1041,2021-06,212,18019,24,3820028
C1043,2021-06,108,18409,10,1988172
C1046,2021-06,152,50655,23,7699560
C1047,2021-06,75,36007,12,2700525
C1048,2021-06,73,36002,18,2628146
C1049,2021-06,174,18226,9,3171324
C1051,2021-06,111,18129,23,2012319
C1053,2021-06,70,35071,21,2454970
C1057,2021-06,53,75584,10,4005952
C1061,2021-06,107,18176,10,1944832
C1062,2021-06,139,50831,10,7065509
C1063,2021-06,113,51452,15,5814076
C1066,2021-06,197,25481,20,5019757
C1067,2021-06,52,51121,15,2658292
C1069,2021-06,105,18514,25,1943970
C1071,2021-06,88,25688,8,2260544
C1072,2021-06,28,76888,9,2152864
C1074,2021-06,108,25048,19,2705184
C1075,2021-06,90,25594,10,2303460
C1077,2021-06,18,75334,25,1356012
C1080,2021-06,73,35449,20,2587777
C1081,2021-06,177,25057,10,4435089
C1082,2021-06,110,18472,15,2031920
C1086,2021-06,299,18207,10,5443893
C1089,2021-06,218,25495,20,5557910
C1090,2021-06,193,25722,10,4964346
C1093,2021-06,39,75359,12,2939001
C1094,2021-06,116,50360,14,5841760
C1095,2021-06,18,75101,20,1351818
C1097,2021-06,17,75359,24,1281103
C1101,2021-06,88,25723,19,2263624
C1102,2021-06,114,18401,22,2097714
C1001,2021-07,96,25557,17,2453472
C1002,2021-07,82,35619,17,2920758
C1007,2021-07,96,25094,18,2409024
C1008,2021-07,60,50393,17,3023580
C1010,2021-07,289,25017,24,7229913
C1011,2021-07,44,75812,12,3335728
C1016,2021-07,66,76398,16,5042268
C1018,2021-07,130,18468,10,2400840
C1019,2021-07,27,76656,12,2069712
C1021,2021-07,243,35899,15,8723457
C1022,2021-07,112,50016,21,5601792
C1023,2021-07,224,25080,11,5617920
C1024,2021-07,131,51412,21,6734972
C1025,2021-07,170,50270,11,8545900
C1026,2021-07,21,75833,13,1592493
C1029,2021-07,20,76830,10,1536600
C1030,2021-07,19,77125,25,1465375
C1031,2021-07,46,76315,14,3510490
C1032,2021-07,21,76352,10,1603392
C1034,2021-07,19,76360,25,1450840
C1035,2021-07,21,76849,8,1613829
C1036,2021-07,35,76147,25,2665145
C1038,2021-07,145,50759,11,7360055
C1039,2021-07,220,18171,24,3997620
C1040,2021-07,120,18133,19,2175960
C1041,2021-07,228,18293,22,4170804
C1043,2021-07,121,18320,24,2216720
C1049,2021-07,195,18027,16,3515265
C1051,2021-07,119,18085,14,2152115
C1053,2021-07,82,35556,20,2915592
C1057,2021-07,60,77129,13,4627740
C1059,2021-07,123,18475,9,2272425
C1061,2021-07,125,18138,12,2267250
C1062,2021-07,157,50960,25,8000720
C1063,2021-07,132,50580,25,6676560
C1066,2021-07,219,25142,11,5506098
C1067,2021-07,59,50764,21,2995076
C1069,2021-07,123,18057,9,2221011
C1071,2021-07,99,25404,16,2514996
C1072,2021-07,34,75948,14,2582232
C1074,2021-07,126,25163,19,3170538
C1075,2021-07,99,25502,10,2524698
C1077,2021-07,21,76872,20,1614312
C1080,2021-07,80,35738,17,2859040
C1081,2021-07,197,25201,9,4964597
C1082,2021-07,121,18499,19,2238379
C1086,2021-07,325,18062,16,5870150
C1089,2021-07,262,25160,18,6591920
C1090,2021-07,218,25282,19,5511476
C1093,2021-07,45,76998,19,3464910
C1094,2021-07,129,50652,16,6534108
C1095,2021-07,20,75647,20,1512940
C1097,2021-07,20,75246,17,1504920
C1102,2021-07,119,18238,24,2170322
C1001,2021-08,101,25160,21,2541160
C1002,2021-08,81,35667,24,2889027
C1006,2021-08,56,50351,9,2819656
C1007,2021-08,94,25461,9,2393334
C1008,2021-08,135,51425,14,6942375
C1010,2021-08,279,25511,9,7117569
C1011,2021-08,43,76563,14,3292209
C1016,2021-08,63,75654,15,4766202
C1018,2021-08,134,18072,23,2421648
C1019,2021-08,29,75504,24,2189616
C1021,2021-08,261,35021,12,9140481
C1022,2021-08,116,50183,24,5821228
C1023,2021-08,245,25155,13,6162975
C1024,2021-08,127,51435,24,6532245
C1025,2021-08,179,50710,25,9077090
C1026,2021-08,19,75071,17,1426349
C1029,2021-08,19,75197,24,1428743
C1030,2021-08,20,75389,13,1507780
C1031,2021-08,48,76756,25,3684288
C1032,2021-08,19,76823,22,1459637
C1034,2021-08,20,77049,24,1540980
C1035,2021-08,20,75179,19,1503580
C1036,2021-08,38,76742,11,2916196
C1038,2021-08,148,50840,12,7524320
C1039,2021-08,223,18429,16,4109667
C1040,2021-08,120,18396,25,2207520
C1041,2021-08,240,18290,14,4389600
C1043,2021-08,119,18521,22,2203999
C1049,2021-08,205,18373,22,3766465
C1051,2021-08,118,18364,22,2166952
C1053,2021-08,81,35919,25,2909439
C1057,2021-08,59,75953,24,4481227
C1059,2021-08,117,18058,19,2112786
C1061,2021-08,119,18086,15,2152234
C1062,2021-08,154,50678,8,7804412
C1063,2021-08,130,50504,25,6565520
C1066,2021-08,218,25202,12,5494036
C1067,2021-08,60,51452,20,3087120
C1069,2021-08,118,18247,18,2153146
C1071,2021-08,99,25539,24,2528361
C1072,2021-08,33,75152,8,2480016
C1074,2021-08,134,25364,24,3398776
C1075,2021-08,97,25532,10,2476604
C1077,2021-08,20,75939,20,1518780
C1078,2021-08,123,18305,13,2251515
C1080,2021-08,81,35983,20,2914623
C1081,2021-08,201,25638,23,5153238
C1082,2021-08,122,18385,23,2242970
C1086,2021-08,338,18339,8,6198582
C1089,2021-08,257,25741,15,6615437
C1090,2021-08,214,25567,20,5471338
C1093,2021-08,47,75429,18,3545163
C1094,2021-08,141,50567,20,7129947
C1095,2021-08,20,77083,21,1541660
C1097,2021-08,20,76628,13,1532560
C1102,2021-08,117,18396,8,2152332
C1001,2021-09,87,25349,24,2205363
C1002,2021-09,76,35302,25,2682952
C1006,2021-09,54,51341,18,2772414
C1007,2021-09,86,25005,12,2150430
C1008,2021-09,125,50455,15,6306875
C1010,2021-09,268,25222,13,6759496
C1011,2021-09,41,76483,9,3135803
C1016,2021-09,61,76948,13,4693828
C1018,2021-09,125,18467,9,2308375
C1019,2021-09,27,76732,18,2071764
C1021,2021-09,229,35245,22,8071105
C1022,2021-09,106,50226,23,5323956
C1023,2021-09,211,25427,25,5365097
C1024,2021-09,122,50265,13,6132330
C1025,2021-09,153,50253,10,7688709
C1026,2021-09,17,76929,22,1307793
C1029,2021-09,18,75134,25,1352412
C1030,2021-09,18,75920,12,1366560
C1031,2021-09,45,75814,19,3411630
C1032,2021-09,17,75424,8,1282208
C1034,2021-09,17,76193,12,1295281
C1035,2021-09,18,76533,11,1377594
C1036,2021-09,33,75000,19,2475000
C1038,2021-09,132,50181,14,6623892
C1039,2021-09,446,18206,11,8119876
C1040,2021-09,108,18479,24,1995732
C1041,2021-09,208,18362,13,3819296
C1043,2021-09,112,18033,8,2019696
C1049,2021-09,187,18085,11,3381895
C1051,2021-09,107,18368,25,1965376
C1053,2021-09,72,35532,11,2558304
C1057,2021-09,56,75081,12,4204536
C1059,2021-09,106,18505,10,1961530
C1061,2021-09,109,18372,10,2002548
C1062,2021-09,144,51023,10,7347312
C1063,2021-09,117,50445,13,5902065
C1066,2021-09,207,25066,17,5188662
C1067,2021-09,60,51260,17,3075600
C1069,2021-09,112,18463,22,2067856
C1071,2021-09,91,25651,23,2334241
C1072,2021-09,31,76833,11,2381823
C1074,2021-09,115,25548,21,2938020
C1075,2021-09,89,25058,17,2230162
C1077,2021-09,17,77112,17,1310904
C1078,2021-09,116,18074,8,2096584
C1080,2021-09,72,35399,12,2548728
C1081,2021-09,186,25410,13,4726260
C1082,2021-09,112,18414,12,2062368
C1086,2021-09,308,18329,12,5645332
C1089,2021-09,233,25038,18,5833854
C1090,2021-09,195,25464,11,4965480
C1093,2021-09,44,75161,12,3307084
C1094,2021-09,126,50466,16,6358716
C1095,2021-09,18,75048,22,1350864
C1097,2021-09,17,75558,13,1284486
C1102,2021-09,108,18245,9,1970460
C1001,2021-10,78,25297,21,1973166
C1002,2021-10,68,36012,21,2448816
C1006,2021-10,50,51238,12,2561900
C1007,2021-10,81,25526,17,2067606
C1008,2021-10,216,50138,20,10829808
C1010,2021-10,246,25514,11,6276444
C1011,2021-10,36,75373,25,2713428
C1016,2021-10,52,75916,17,3947632
C1018,2021-10,112,18100,22,2027200
C1019,2021-10,25,75080,21,1877000
C1021,2021-10,204,35885,12,7320540
C1022,2021-10,100,50142,15,5014200
C1023,2021-10,193,25143,17,4852599
C1024,2021-10,113,50626,22,5720738
C1025,2021-10,144,50075,13,7210800
C1026,2021-10,17,76132,12,1294244
C1029,2021-10,15,75582,24,1133730
C1030,2021-10,15,75574,18,1133610
C1031,2021-10,40,76386,19,3055440
C1032,2021-10,15,76680,15,1150200
C1034,2021-10,16,77121,16,1233936
C1035,2021-10,17,76592,17,1302064
C1036,2021-10,32,76646,12,2452672
C1038,2021-10,125,50480,16,6310000
C1039,2021-10,197,18113,11,3568261
C1040,2021-10,101,18307,17,1849007
C1041,2021-10,205,18491,13,3790655
C1043,2021-10,101,18336,18,1851936
C1049,2021-10,180,18159,22,3268620
C1051,2021-10,103,18480,21,1903440
C1053,2021-10,27,35900,18,969300
C1057,2021-10,49,77187,25,3782163
C1059,2021-10,100,18153,21,1815300
C1061,2021-10,95,18090,10,1718550
C1062,2021-10,124,51254,13,6355496
C1063,2021-10,110,51364,17,5650040
C1066,2021-10,181,25062,20,4536222
C1067,2021-10,53,50334,21,2667702
C1069,2021-10,54,18159,14,980586
C1071,2021-10,76,25654,10,1949704
C1072,2021-10,13,76416,18,993408
C1074,2021-10,112,25198,20,2822176
C1075,2021-10,82,25748,18,2111336
C1077,2021-10,16,76552,14,1224832
C1078,2021-10,108,18080,23,1952640
C1080,2021-10,68,35106,20,2387208
C1081,2021-10,161,25614,21,4123854
C1082,2021-10,100,18487,20,1848700
C1086,2021-10,271,18193,24,4930303
C1089,2021-10,212,25316,21,5366992
C1090,2021-10,179,25664,13,4593856
C1093,2021-10,38,75347,17,2863186
C1094,2021-10,113,50754,18,5735202
C1095,2021-10,15,76604,14,1149060
C1097,2021-10,17,75639,22,1285863
C1102,2021-10,100,18397,15,1839700
C1001,2021-11,80,25705,11,2056400
C1002,2021-11,63,35564,21,2240532
C1006,2021-11,50,50322,18,2516100
C1007,2021-11,75,25410,11,1905750
C1008,2021-11,114,50543,17,5761902
C1010,2021-11,245,25478,20,6242110
C1011,2021-11,36,76247,23,2744892
C1016,2021-11,54,75834,22,4095036
C1018,2021-11,123,18013,20,2215599
C1019,2021-11,26,75636,25,1966536
C1021,2021-11,216,35103,12,7582248
C1022,2021-11,97,51421,21,4987837
C1023,2021-11,200,25283,9,5056600
C1024,2021-11,116,50742,13,5886072
C1025,2021-11,152,51068,21,7762336
C1026,2021-11,15,76571,21,1148565
C1029,2021-11,16,77227,23,1235632
C1030,2021-11,16,75063,13,1201008
C1031,2021-11,40,76667,12,3066680
C1032,2021-11,16,77058,16,1232928
C1034,2021-11,16,76009,16,1216144
C1035,2021-11,16,75196,21,1203136
C1036,2021-11,31,75216,24,2331696
C1038,2021-11,126,51380,23,6473880
C1039,2021-11,193,18109,8,3495037
C1040,2021-11,46,18404,19,846584
C1041,2021-11,199,18183,15,3618417
C1043,2021-11,100,18021,18,1802100
C1049,2021-11,174,18208,20,3168192
C1051,2021-11,99,18166,25,1798434
C1053,2021-11,68,35778,10,2432904
C1056,2021-11,75,25010,25,1875750
C1057,2021-11,54,76187,14,4114098
C1059,2021-11,99,18015,16,1783485
C1061,2021-11,94,18144,20,1705536
C1062,2021-11,126,51012,14,6427512
C1063,2021-11,117,50789,14,5942313
C1066,2021-11,187,25564,8,4780468
C1067,2021-11,54,50842,8,2745468
C1069,2021-11,97,18483,24,1792851
C1071,2021-11,80,25397,16,2031760
C1072,2021-11,30,76717,15,2301510
C1074,2021-11,113,25449,12,2875737
C1075,2021-11,78,25253,17,1969734
C1077,2021-11,16,76544,18,1224704
C1078,2021-11,113,18420,8,2081460
C1080,2021-11,64,35952,14,2300928
C1081,2021-11,173,25450,12,4402850
C1082,2021-11,97,18378,22,1782666
C1083,2021-11,80,25221,20,2017680
C1086,2021-11,278,18059,24,5020402
C1089,2021-11,226,25462,21,5754412
C1090,2021-11,178,25147,14,4476166
C1093,2021-11,41,76239,15,3125799
C1094,2021-11,116,50059,9,5806844
C1095,2021-11,16,75076,15,1201216
C1097,2021-11,16,76909,12,1230544
C1102,2021-11,99,18173,13,1799127
C1001,2021-12,85,25611,15,2176935
C1002,2021-12,72,35813,13,2578536
C1006,2021-12,55,50925,10,2800875
C1007,2021-12,85,25001,24,2125085
C1008,2021-12,127,51181,24,6499987
C1010,2021-12,273,25301,18,6907173
C1011,2021-12,44,76896,23,3383424
C1016,2021-12,61,75066,20,4579026
C1018,2021-12,130,18142,18,2358460
C1019,2021-12,30,75818,23,2274540
C1021,2021-12,247,35987,19,8888789
C1022,2021-12,119,50368,8,5993792
C1023,2021-12,227,25522,10,5793494
C1024,2021-12,131,50269,8,6585239
C1025,2021-12,161,50755,22,8171555
C1026,2021-12,17,76220,21,1295740
C1028,2021-12,18,75770,14,1363860
C1029,2021-12,18,75287,20,1355166
C1030,2021-12,17,75772,24,1288124
C1031,2021-12,48,77124,18,3701952
C1032,2021-12,18,76414,21,1375452
C1034,2021-12,18,75501,13,1359018
C1035,2021-12,17,75703,15,1286951
C1036,2021-12,37,76016,14,2812592
C1038,2021-12,147,50580,23,7435260
C1039,2021-12,218,18332,9,3996376
C1040,2021-12,115,18112,8,2082880
C1041,2021-12,223,18266,21,4073318
C1043,2021-12,113,18274,18,2064962
C1045,2021-12,17,75375,22,1281375
C1049,2021-12,198,18182,19,3600036
C1051,2021-12,107,18198,24,1947186
C1053,2021-12,73,35266,11,2574418
C1056,2021-12,84,25643,9,2154012
C1057,2021-12,58,76894,16,4459852
C1059,2021-12,112,18125,11,2030000
C1061,2021-12,110,18444,25,2028840
C1062,2021-12,142,51072,15,7252224
C1063,2021-12,135,50884,19,6869340
C1066,2021-12,217,25317,8,5493789
C1067,2021-12,67,50272,9,3368224
C1069,2021-12,111,18529,18,2056719
C1071,2021-12,86,25394,17,2183884
C1072,2021-12,34,76718,8,2608412
C1074,2021-12,135,25308,16,3416580
C1075,2021-12,87,25059,20,2180133
C1077,2021-12,18,76756,22,1381608
C1078,2021-12,129,18186,17,2345994
C1080,2021-12,71,35615,19,2528665
C1081,2021-12,194,25215,8,4891710
C1082,2021-12,110,18308,11,2013880
C1083,2021-12,89,25073,9,2231497
C1086,2021-12,312,18281,16,5703672
C1087,2021-12,51,51268,20,2614668
C1088,2021-12,86,25195,23,2166770
C1089,2021-12,256,25723,11,6585088
C1090,2021-12,198,25097,13,4969206
C1093,2021-12,46,75071,18,3453266
C1094,2021-12,138,50739,21,7001982
C1095,2021-12,18,76081,20,1369458
C1097,2021-12,18,75480,8,1358640
C1102,2021-12,107,18052,13,1931564
C1001,2022-01,136,28820,16,3919520
C1002,2022-01,115,40862,17,4699130
C1006,2022-01,72,58670,10,4224240
C1007,2022-01,140,28925,13,4049500
C1008,2022-01,152,58930,25,8957360
C1010,2022-01,443,28939,11,12819977
C1011,2022-01,16,86834,24,1389344
C1016,2022-01,61,86644,23,5285284
C1017,2022-01,142,29352,23,4167984
C1018,2022-01,231,21146,11,4884726
C1019,2022-01,30,88176,22,2645280
C1021,2022-01,396,40574,22,16067304
C1022,2022-01,133,57700,18,7674100
C1023,2022-01,371,29434,12,10920014
C1024,2022-01,150,58180,11,8727000
C1025,2022-01,184,57784,15,10632256
C1026,2022-01,19,88242,16,1676598
C1028,2022-01,18,87908,9,1582344
C1029,2022-01,19,86831,25,1649789
C1030,2022-01,19,87716,17,1666604
C1031,2022-01,49,86407,24,4233943
C1032,2022-01,19,87669,13,1665711
C1034,2022-01,19,88219,16,1676161
C1035,2022-01,19,87531,22,1663089
C1036,2022-01,39,88190,21,3439410
C1038,2022-01,163,58090,14,9468670
C1039,2022-01,363,21206,14,7697778
C1040,2022-01,177,20826,13,3686202
C1041,2022-01,384,21023,17,8072832
C1043,2022-01,170,21297,12,3620490
C1045,2022-01,17,88310,15,1501270
C1049,2022-01,329,20779,18,6836291
C1051,2022-01,173,20965,16,3626945
C1053,2022-01,118,41248,13,4867264
C1056,2022-01,139,29444,8,4092716
C1057,2022-01,63,87570,8,5516910
C1059,2022-01,166,20933,17,3474878
C1061,2022-01,172,20794,10,3576568
C1062,2022-01,175,58108,12,10168900
C1063,2022-01,147,57764,12,8491308
C1066,2022-01,346,29546,16,10222916
C1067,2022-01,75,58599,23,4394925
C1069,2022-01,166,21303,22,3536298
C1071,2022-01,133,29238,19,3888654
C1072,2022-01,37,88762,15,3284194
C1074,2022-01,219,28861,18,6320559
C1075,2022-01,142,28969,14,4113598
C1077,2022-01,18,87480,10,1574640
C1078,2022-01,215,20917,20,4497155
C1079,2022-01,175,21145,23,3700375
C1080,2022-01,119,40855,23,4861745
C1081,2022-01,320,28826,25,9224320
C1082,2022-01,175,21091,21,3690925
C1083,2022-01,134,29152,16,3906368
C1086,2022-01,486,20926,10,10170036
C1087,2022-01,59,57805,11,3410495
C1088,2022-01,132,28766,23,3797112
C1089,2022-01,402,29001,21,11658402
C1090,2022-01,338,29443,9,9951734
C1093,2022-01,48,86260,25,4140480
C1094,2022-01,161,59097,17,9514617
C1095,2022-01,18,86462,12,1556316
C1097,2022-01,19,87009,14,1653171
C1102,2022-01,173,20820,21,3601860
C1001,2022-02,134,29374,16,3936116
C1002,2022-02,115,41423,20,4763645
C1006,2022-02,73,59059,13,4311307
C1007,2022-02,145,29084,13,4217180
C1008,2022-02,161,57662,15,9283582
C1010,2022-02,436,29189,23,12726404
C1011,2022-02,44,87545,12,3851980
C1016,2022-02,67,86773,20,5813791
C1017,2022-02,147,29258,14,4300926
C1018,2022-02,234,20965,23,4905810
C1019,2022-02,32,88626,24,2836032
C1021,2022-02,399,41329,24,16490271
C1022,2022-02,136,58479,23,7953144
C1023,2022-02,360,28886,15,10398960
C1024,2022-02,152,58051,10,8823752
C1025,2022-02,199,58142,18,11570258
C1026,2022-02,18,88312,18,1589616
C1028,2022-02,19,87160,13,1656040
C1029,2022-02,18,86771,9,1561878
C1030,2022-02,19,88448,17,1680512
C1031,2022-02,50,86522,23,4326100
C1032,2022-02,19,87675,24,1665825
C1034,2022-02,18,87171,14,1569078
C1035,2022-02,19,86251,18,1638769
C1036,2022-02,40,86979,23,3479160
C1037,2022-02,19,86787,20,1648953
C1038,2022-02,172,57846,12,9949512
C1039,2022-02,353,21149,11,7465597
C1040,2022-02,168,21263,18,3572184
C1041,2022-02,391,21256,21,8311096
C1043,2022-02,175,20728,11,3627400
C1045,2022-02,19,88109,24,1674071
C1049,2022-02,336,20731,23,6965616
C1051,2022-02,180,21057,15,3790260
C1053,2022-02,115,40985,8,4713275
C1056,2022-02,144,28780,14,4144320
C1057,2022-02,65,87264,23,5672160
C1059,2022-02,174,21219,23,3692106
C1061,2022-02,171,20946,8,3581766
C1062,2022-02,173,58615,11,10140395
C1063,2022-02,153,58839,17,9002367
C1066,2022-02,360,29602,18,10656720
C1067,2022-02,80,57522,9,4601760
C1069,2022-02,169,21093,13,3564717
C1071,2022-02,58,28765,19,1668370
C1072,2022-02,34,87506,11,2975204
C1074,2022-02,226,29130,25,6583380
C1075,2022-02,144,29608,16,4263552
C1077,2022-02,17,87607,23,1489319
C1078,2022-02,217,21186,11,4597362
C1079,2022-02,171,20900,10,3573900
C1080,2022-02,115,40544,24,4662560
C1081,2022-02,305,29431,22,8976455
C1082,2022-02,181,20982,11,3797742
C1083,2022-02,143,29108,12,4162444
C1086,2022-02,527,21275,19,11211925
C1087,2022-02,62,58434,22,3622908
C1088,2022-02,143,29341,9,4195763
C1089,2022-02,407,29465,25,11992255
C1090,2022-02,336,29491,16,9908976
C1093,2022-02,45,86345,14,3885525
C1094,2022-02,164,58193,8,9543652
C1095,2022-02,18,86695,24,1560510
C1097,2022-02,18,87782,17,1580076
C1102,2022-02,177,20717,24,3666909
C1001,2022-03,128,28903,20,3699584
C1002,2022-03,102,41079,13,4190058
C1006,2022-03,66,58770,25,3878820
C1007,2022-03,120,28842,13,3461040
C1008,2022-03,138,58407,22,8060166
C1010,2022-03,406,28909,22,11737054
C1011,2022-03,41,87624,12,3592584
C1016,2022-03,57,88428,12,5040396
C1017,2022-03,135,29215,11,3944025
C1018,2022-03,222,20710,14,4597620
C1019,2022-03,29,87951,10,2550579
C1021,2022-03,357,41005,21,14638785
C1022,2022-03,124,57603,9,7142772
C1023,2022-03,340,29533,9,10041220
C1024,2022-03,141,59084,10,8330844
C1025,2022-03,171,58054,8,9927234
C1026,2022-03,17,86569,10,1471673
C1028,2022-03,17,88520,8,1504840
C1029,2022-03,17,86678,13,1473526
C1030,2022-03,17,88421,11,1503157
C1031,2022-03,47,88229,18,4146763
C1032,2022-03,16,87272,9,1396352
C1034,2022-03,16,87504,25,1400064
C1035,2022-03,16,86495,15,1383920
C1036,2022-03,36,86491,16,3113676
C1037,2022-03,17,88072,24,1497224
C1038,2022-03,157,58796,10,9230972
C1039,2022-03,319,21301,25,6795019
C1040,2022-03,160,21070,13,3371200
C1041,2022-03,345,21162,17,7300890
C1043,2022-03,163,21308,9,3473204
C1045,2022-03,16,88016,17,1408256
C1049,2022-03,686,21205,10,14546630
C1051,2022-03,163,20921,21,3410123
C1053,2022-03,101,41373,16,4178673
C1056,2022-03,130,29556,19,3842280
C1057,2022-03,57,86509,19,4931013
C1059,2022-03,155,20992,8,3253760
C1061,2022-03,156,20993,21,3274908
C1062,2022-03,168,57600,20,9676800
C1063,2022-03,135,58813,15,7939755
C1066,2022-03,303,29050,25,8802150
C1067,2022-03,72,58055,22,4179960
C1069,2022-03,70,21235,25,1486450
C1071,2022-03,124,29512,8,3659488
C1072,2022-03,32,88097,18,2819104
C1074,2022-03,198,29202,16,5781996
C1075,2022-03,123,29407,16,3617061
C1077,2022-03,16,86685,20,1386960
C1078,2022-03,195,20913,24,4078035
C1079,2022-03,151,21031,15,3175681
C1080,2022-03,101,41304,17,4171704
C1081,2022-03,304,28905,13,8787120
C1082,2022-03,156,21121,10,3294876
C1083,2022-03,122,29271,21,3571062
C1086,2022-03,455,20750,11,9441250
C1087,2022-03,56,58852,23,3295712
C1088,2022-03,126,29563,23,3724938
C1089,2022-03,373,29202,13,10892346
C1090,2022-03,314,29545,22,9277130
C1093,2022-03,45,87023,9,3916035
C1094,2022-03,293,57822,18,16941846
C1095,2022-03,16,86953,20,1391248
C1097,2022-03,8,88489,21,707912
C1102,2022-03,157,21199,13,3328243
C1001,2022-04,116,29383,24,3408428
C1002,2022-04,94,40799,22,3835106
C1006,2022-04,62,57519,11,3566178
C1007,2022-04,113,28981,11,3274853
C1008,2022-04,128,58355,12,7469440
C1010,2022-04,359,29406,9,10556754
C1011,2022-04,85,88345,14,7509325
C1016,2022-04,55,87103,24,4790665
C1017,2022-04,132,29205,18,3855060
C1018,2022-04,189,20979,17,3965031
C1019,2022-04,27,87141,20,2352807
C1021,2022-04,315,40640,8,12801600
C1022,2022-04,109,59037,12,6435033
C1023,2022-04,309,28873,12,8921757
C1024,2022-04,128,58049,12,7430272
C1025,2022-04,160,58637,21,9381920
C1026,2022-04,15,88092,23,1321380
C1028,2022-04,15,88138,24,1322070
C1029,2022-04,15,88808,12,1332120
C1030,2022-04,15,87378,22,1310670
C1031,2022-04,40,87409,16,3496360
C1032,2022-04,15,88549,14,1328235
C1033,2022-04,14,86534,25,1211476
C1034,2022-04,14,86762,15,1214668
C1035,2022-04,15,88595,9,1328925
C1036,2022-04,33,87350,11,2882550
C1037,2022-04,16,87562,24,1400992
C1038,2022-04,142,58885,20,8361670
C1039,2022-04,318,20979,12,6671322
C1040,2022-04,147,20734,22,3047898
C1041,2022-04,311,20772,23,6460092
C1043,2022-04,147,21219,21,3119193
C1045,2022-04,14,87665,14,1227310
C1049,2022-04,281,20870,13,5864470
C1051,2022-04,146,21127,18,3084542
C1053,2022-04,94,40318,22,3789892
C1056,2022-04,112,29465,20,3300080
C1057,2022-04,53,86252,14,4571356
C1058,2022-04,48,58812,14,2822976
C1059,2022-04,73,20826,20,1520298
C1061,2022-04,138,20976,11,2894688
C1062,2022-04,141,58509,24,8249769
C1063,2022-04,129,58486,22,7544694
C1066,2022-04,286,28938,25,8276268
C1067,2022-04,67,57666,11,3863622
C1069,2022-04,134,21272,12,2850448
C1071,2022-04,110,29541,18,3249510
C1072,2022-04,31,88247,18,2735657
C1074,2022-04,178,28758,24,5118924
C1075,2022-04,110,29497,21,3244670
C1077,2022-04,15,87651,9,1314765
C1078,2022-04,182,21059,9,3832738
C1079,2022-04,137,21062,22,2885494
C1080,2022-04,91,40751,10,3708341
C1081,2022-04,257,29274,22,7523418
C1082,2022-04,140,20746,19,2904440
C1083,2022-04,112,29390,12,3291680
C1086,2022-04,413,20740,10,8565620
C1087,2022-04,53,57917,9,3069601
C1088,2022-04,109,28887,22,3148683
C1089,2022-04,332,28764,10,9549648
C1090,2022-04,291,29065,15,8457915
C1093,2022-04,38,87777,17,3335526
C1094,2022-04,133,58320,16,7756560
C1095,2022-04,14,88727,18,1242178
C1097,2022-04,15,87730,18,1315950
C1102,2022-04,147,21051,21,3094497
C1001,2022-05,113,29604,20,3345252
C1002,2022-05,89,41132,25,3660748
C1006,2022-05,61,58164,17,3548004
C1007,2022-05,110,29565,14,3252150
C1008,2022-05,132,57969,9,7651908
C1010,2022-05,389,29317,19,11404313
C1011,2022-05,40,86951,23,3478040
C1015,2022-05,98,40530,10,3971940
C1016,2022-05,53,88298,13,4679794
C1017,2022-05,128,29158,22,3732224
C1018,2022-05,201,20778,25,4176378
C1019,2022-05,26,88785,9,2308410
C1021,2022-05,319,40954,17,13064326
C1022,2022-05,116,58677,11,6806532
C1023,2022-05,120,28982,22,3477840
C1024,2022-05,122,58228,14,7103816
C1025,2022-05,164,57625,20,9450500
C1026,2022-05,14,88657,22,1241198
C1028,2022-05,14,86344,12,1208816
C1029,2022-05,14,86892,9,1216488
C1030,2022-05,15,87832,18,1317480
C1031,2022-05,44,87481,13,3849164
C1032,2022-05,15,88794,10,1331910
C1033,2022-05,15,87007,15,1305105
C1034,2022-05,15,86996,12,1304940
C1035,2022-05,15,86311,19,1294665
C1036,2022-05,32,87795,12,2809440
C1037,2022-05,17,87787,12,1492379
C1038,2022-05,145,59054,25,8562830
C1039,2022-05,324,20728,23,6715872
C1040,2022-05,137,20940,25,2868780
C1041,2022-05,334,21295,23,7112530
C1043,2022-05,139,21091,14,2931649
C1045,2022-05,15,86608,16,1299120
C1049,2022-05,287,20806,12,5971322
C1051,2022-05,136,21278,12,2893808
C1053,2022-05,94,40545,17,3811230
C1056,2022-05,115,29076,14,3343740
C1057,2022-05,50,87221,23,4361050
C1058,2022-05,49,58410,17,2862090
C1059,2022-05,143,20744,22,2966392
C1061,2022-05,137,21199,10,2904263
C1062,2022-05,151,58783,12,8876233
C1063,2022-05,127,57982,13,7363714
C1066,2022-05,296,29269,19,8663624
C1067,2022-05,67,57756,15,3869652
C1069,2022-05,142,21083,9,2993786
C1071,2022-05,116,29272,15,3395552
C1072,2022-05,30,86464,19,2593920
C1074,2022-05,186,28995,17,5393070
C1075,2022-05,109,29529,22,3218661
C1077,2022-05,15,87358,14,1310370
C1078,2022-05,185,20857,14,3858545
C1079,2022-05,137,20930,22,2867410
C1080,2022-05,95,41295,23,3923025
C1081,2022-05,272,28918,10,7865696
C1082,2022-05,135,20941,14,2827035
C1083,2022-05,108,29112,19,3144096
C1086,2022-05,452,20976,19,9481152
C1087,2022-05,58,58916,23,3417128
C1088,2022-05,108,28824,25,3112992
C1089,2022-05,329,28950,20,9524550
C1090,2022-05,279,29040,11,8102160
C1093,2022-05,39,88218,9,3440502
C1094,2022-05,136,57634,15,7838224
C1095,2022-05,15,86609,12,1299135
C1097,2022-05,14,88689,15,1241646
C1102,2022-05,147,20808,12,3058776
C1001,2022-06,127,28783,20,3655441
C1002,2022-06,105,41302,25,4336710
C1006,2022-06,74,57501,23,4255074
C1007,2022-06,120,29106,17,3492720
C1008,2022-06,149,59091,24,8804559
C1010,2022-06,437,29566,13,12920342
C1011,2022-06,44,88738,10,3904472
C1015,2022-06,114,40618,14,4630452
C1016,2022-06,28,86628,22,2425584
C1017,2022-06,149,29273,24,4361677
C1018,2022-06,238,20777,10,4944926
C1019,2022-06,32,88442,18,2830144
C1020,2022-06,17,88038,20,1496646
C1021,2022-06,379,40368,25,15299472
C1022,2022-06,130,57691,10,7499830
C1023,2022-06,352,29464,16,10371328
C1024,2022-06,150,57753,21,8662950
C1025,2022-06,189,58468,21,11050452
C1026,2022-06,17,86288,17,1466896
C1028,2022-06,16,86664,9,1386624
C1029,2022-06,17,87553,25,1488401
C1030,2022-06,16,86741,10,1387856
C1031,2022-06,46,86884,8,3996664
C1032,2022-06,17,87589,15,1489013
C1033,2022-06,16,88070,17,1409120
C1034,2022-06,17,86667,12,1473339
C1035,2022-06,16,87366,10,1397856
C1036,2022-06,36,86633,25,3118788
C1037,2022-06,20,86693,12,1733860
C1038,2022-06,164,57667,19,9457388
C1039,2022-06,724,20729,23,15007796
C1040,2022-06,162,20999,8,3401838
C1041,2022-06,357,20720,22,7397040
C1043,2022-06,160,21217,20,3394720
C1044,2022-06,130,29460,11,3829800
C1045,2022-06,17,88721,18,1508257
C1049,2022-06,324,21262,16,6888888
C1051,2022-06,152,20938,15,3182576
C1053,2022-06,101,41323,23,4173623
C1056,2022-06,129,29335,8,3784215
C1057,2022-06,59,86840,12,5123560
C1058,2022-06,59,57568,16,3396512
C1059,2022-06,163,21271,24,3467173
C1061,2022-06,153,21272,17,3254616
C1062,2022-06,171,58216,10,9954936
C1063,2022-06,145,59132,20,8574140
C1066,2022-06,323,29151,12,9415773
C1067,2022-06,82,58440,24,4792080
C1068,2022-06,51,58921,11,3004971
C1069,2022-06,162,21081,25,3415122
C1071,2022-06,121,29027,22,3512267
C1072,2022-06,35,86789,15,3037615
C1074,2022-06,220,29604,24,6512880
C1075,2022-06,125,29596,12,3699500
C1077,2022-06,17,87004,12,1479068
C1078,2022-06,213,20860,16,4443180
C1079,2022-06,164,21255,19,3485820
C1080,2022-06,103,40657,22,4187671
C1081,2022-06,667,28843,12,19238281
C1082,2022-06,155,20860,17,3233300
C1083,2022-06,122,29018,25,3540196
C1086,2022-06,506,21133,8,10693298
C1087,2022-06,63,57950,21,3650850
C1088,2022-06,70,29462,20,2062340
C1089,2022-06,389,29390,19,11432710
C1090,2022-06,315,29511,21,9295965
C1093,2022-06,44,88313,20,3885772
C1094,2022-06,157,58691,22,9214487
C1095,2022-06,16,87357,13,1397712
C1097,2022-06,17,88003,9,1496051
C1102,2022-06,152,20993,22,3190936
C1002,2022-07,118,41427,16,4888386
C1006,2022-07,87,58001,18,5046087
C1007,2022-07,138,29004,22,4002552
C1008,2022-07,169,57688,23,9749272
C1010,2022-07,480,29526,13,14172480
C1011,2022-07,51,86856,12,4429656
C1015,2022-07,127,41395,21,5257165
C1016,2022-07,70,86659,23,6066130
C1017,2022-07,174,29462,12,5126388
C1018,2022-07,261,20819,9,5433759
C1019,2022-07,36,86376,9,3109536
C1020,2022-07,19,87507,8,1662633
C1021,2022-07,416,40357,19,16788512
C1022,2022-07,153,58032,18,8878896
C1023,2022-07,869,29469,23,25608561
C1024,2022-07,156,57622,25,8989032
C1025,2022-07,203,58245,22,11823735
C1026,2022-07,28,88076,21,2466128
C1028,2022-07,26,88018,9,2288468
C1029,2022-07,27,88094,18,2378538
C1030,2022-07,26,86592,20,2251392
C1031,2022-07,76,88426,23,6720376
C1033,2022-07,26,87932,17,2286232
C1034,2022-07,26,87685,22,2279810
C1035,2022-07,28,87525,9,2450700
C1036,2022-07,132,86951,19,11477532
C1037,2022-07,31,87131,23,2701061
C1039,2022-07,392,21106,13,8273552
C1040,2022-07,168,20884,14,3508512
C1041,2022-07,428,21298,12,9115544
C1043,2022-07,165,20956,12,3457740
C1044,2022-07,140,29179,22,4085060
C1045,2022-07,18,87273,25,1570914
C1049,2022-07,359,21099,21,7574541
C1051,2022-07,165,20708,20,3416820
C1053,2022-07,117,40656,15,4756752
C1056,2022-07,142,28990,14,4116580
C1057,2022-07,69,86424,20,5963256
C1058,2022-07,62,58465,25,3624830
C1059,2022-07,180,20807,18,3745260
C1061,2022-07,171,21251,11,3633921
C1062,2022-07,189,58592,9,11073888
C1063,2022-07,164,58162,15,9538568
C1066,2022-07,369,28825,20,10636425
C1067,2022-07,93,57876,15,5382468
C1068,2022-07,62,57846,18,3586452
C1069,2022-07,178,20719,15,3687982
C1071,2022-07,134,29083,16,3897122
C1072,2022-07,39,87298,16,3404622
C1073,2022-07,114,40646,13,4633644
C1074,2022-07,247,29592,11,7309224
C1075,2022-07,137,29311,8,4015607
C1077,2022-07,19,87770,11,1667630
C1078,2022-07,248,21129,21,5239992
C1079,2022-07,165,21037,11,3471105
C1080,2022-07,111,40324,8,4475964
C1081,2022-07,333,29570,16,9846810
C1082,2022-07,180,21134,10,3804120
C1083,2022-07,136,29103,19,3958008
C1086,2022-07,555,21185,8,11757675
C1087,2022-07,76,57695,22,4384820
C1088,2022-07,140,29400,21,4116000
C1089,2022-07,173,29230,8,5056790
C1090,2022-07,352,29017,21,10213984
C1093,2022-07,49,86416,19,4234384
C1094,2022-07,162,58365,8,9455130
C1095,2022-07,18,88285,16,1589130
C1097,2022-07,18,87610,17,1576980
C1098,2022-07,57,58093,11,3311301
C1102,2022-07,169,20745,16,3505905
C1002,2022-08,120,41024,16,4922880
C1006,2022-08,87,58449,9,5085063
C1007,2022-08,143,29309,22,4191187
C1008,2022-08,176,57675,11,10150800
C1010,2022-08,460,28785,19,13241100
C1011,2022-08,49,86424,14,4234776
C1015,2022-08,135,40453,14,5461155
C1016,2022-08,66,87764,21,5792424
C1017,2022-08,170,28888,18,4910960
C1018,2022-08,282,21066,15,5940612
C1019,2022-08,36,88641,14,3191076
C1020,2022-08,19,88445,10,1680455
C1021,2022-08,396,41237,22,16329852
C1022,2022-08,79,58763,25,4642277
C1023,2022-08,412,28817,13,11872604
C1024,2022-08,157,57896,18,9089672
C1025,2022-08,216,57787,24,12481992
C1026,2022-08,26,86448,12,2247648
C1028,2022-08,28,87708,25,2455824
C1029,2022-08,27,87570,14,2364390
C1030,2022-08,26,87729,10,2280954
C1031,2022-08,77,88405,13,6807185
C1033,2022-08,9,86681,11,780129
C1034,2022-08,27,86407,21,2332989
C1035,2022-08,27,87871,14,2372517
C1036,2022-08,61,86394,11,5270034
C1037,2022-08,33,86477,21,2853741
C1039,2022-08,404,20850,13,8423400
C1040,2022-08,180,21056,19,3790080
C1041,2022-08,422,21004,10,8863688
C1043,2022-08,173,21085,8,3647705
C1044,2022-08,138,29052,9,4009176
C1045,2022-08,19,88537,15,1682203
C1049,2022-08,374,21195,21,7926930
C1051,2022-08,176,20955,22,3688080
C1053,2022-08,111,40633,18,4510263
C1056,2022-08,135,28830,21,3892050
C1057,2022-08,64,87588,16,5605632
C1058,2022-08,69,57699,19,3981231
C1059,2022-08,175,20849,8,3648575
C1060,2022-08,144,28986,12,4173984
C1061,2022-08,168,20956,25,3520608
C1062,2022-08,192,58918,11,11312256
C1063,2022-08,160,57585,8,9213600
C1066,2022-08,390,29437,15,11480430
C1067,2022-08,92,58054,23,5340968
C1068,2022-08,64,58071,13,3716544
C1069,2022-08,174,20742,15,3609108
C1071,2022-08,139,28811,20,4004729
C1072,2022-08,42,87955,15,3694110
C1073,2022-08,117,40835,19,4777695
C1074,2022-08,258,29562,19,7626996
C1075,2022-08,140,28884,11,4043760
C1077,2022-08,19,88654,8,1684426
C1078,2022-08,259,21087,24,5461533
C1079,2022-08,168,20869,21,3505992
C1080,2022-08,111,40367,14,4480737
C1081,2022-08,363,29151,10,10581813
C1082,2022-08,166,20803,16,3453298
C1083,2022-08,141,29250,24,4124250
C1086,2022-08,555,20933,24,11617815
C1087,2022-08,77,57975,20,4464075
C1088,2022-08,139,29109,13,4046151
C1089,2022-08,447,28790,14,12869130
C1090,2022-08,385,29422,19,11327470
C1093,2022-08,51,86430,10,4407930
C1094,2022-08,174,59122,22,10287228
C1095,2022-08,18,86835,21,1563030
C1096,2022-08,116,41261,17,4786276
C1097,2022-08,18,88409,19,1591362
C1098,2022-08,59,59035,12,3483065
C1102,2022-08,182,21292,22,3875144
C1002,2022-09,103,40822,22,4204666
C1006,2022-09,83,57608,19,4781464
C1007,2022-09,124,29335,19,3637540
C1008,2022-09,151,57931,22,8747581
C1010,2022-09,428,29510,25,12630280
C1011,2022-09,46,88480,17,4070080
C1015,2022-09,126,40442,16,5095692
C1016,2022-09,62,86739,12,5377818
C1017,2022-09,162,28777,24,4661874
C1018,2022-09,257,20784,17,5341488
C1019,2022-09,32,88819,9,2842208
C1020,2022-09,18,86888,17,1563984
C1021,2022-09,364,40961,9,14909804
C1022,2022-09,143,58926,16,8426418
C1023,2022-09,377,29549,14,11139973
C1024,2022-09,146,57692,21,8423032
C1025,2022-09,198,58678,13,11618244
C1026,2022-09,25,86439,21,2160975
C1028,2022-09,25,88306,22,2207650
C1029,2022-09,25,87448,12,2186200
C1030,2022-09,25,88179,20,2204475
C1031,2022-09,38,86630,23,3291940
C1033,2022-09,25,87926,12,2198150
C1034,2022-09,24,88097,9,2114328
C1035,2022-09,24,86904,20,2085696
C1036,2022-09,57,87028,22,4960596
C1037,2022-09,33,87577,22,2890041
C1039,2022-09,360,20927,13,7533720
C1040,2022-09,154,20870,21,3213980
C1041,2022-09,395,20839,14,8231405
C1043,2022-09,152,21242,19,3228784
C1044,2022-09,131,29112,13,3813672
C1045,2022-09,16,87961,12,1407376
C1049,2022-09,356,20967,24,7464252
C1051,2022-09,164,21273,22,3488772
C1053,2022-09,109,40410,24,4404690
C1056,2022-09,131,29403,11,3851793
C1057,2022-09,61,86514,23,5277354
C1058,2022-09,65,57938,10,3765970
C1059,2022-09,154,20799,22,3203046
C1060,2022-09,128,29383,13,3761024
C1061,2022-09,157,20989,14,3295273
C1062,2022-09,182,58926,13,10724532
C1063,2022-09,146,58186,15,8495156
C1066,2022-09,356,28898,24,10287688
C1067,2022-09,90,59118,22,5320620
C1068,2022-09,59,57680,10,3403120
C1069,2022-09,153,21315,20,3261195
C1071,2022-09,121,29267,20,3541307
C1072,2022-09,37,88723,21,3282751
C1073,2022-09,107,40883,20,4374481
C1074,2022-09,224,28983,21,6492192
C1075,2022-09,129,29322,19,3782538
C1077,2022-09,17,87401,13,1485817
C1078,2022-09,250,20785,10,5196250
C1079,2022-09,160,20752,19,3320320
C1080,2022-09,101,40786,8,4119386
C1081,2022-09,325,28938,21,9404850
C1082,2022-09,157,21298,12,3343786
C1083,2022-09,126,29122,24,3669372
C1084,2022-09,52,58956,8,3065712
C1086,2022-09,501,21103,12,10572603
C1087,2022-09,68,58383,23,3970044
C1088,2022-09,130,28841,16,3749330
C1089,2022-09,402,29143,11,11715486
C1090,2022-09,356,29490,12,10498440
C1093,2022-09,48,87685,11,4208880
C1094,2022-09,164,58372,14,9573008
C1095,2022-09,17,87706,23,1491002
C1096,2022-09,113,40855,16,4616615
C1097,2022-09,16,86458,12,1383328
C1098,2022-09,57,58513,10,3335241
C1102,2022-09,160,20793,23,3326880
C1002,2022-10,92,40674,25,3742008
C1006,2022-10,74,58580,22,4334920
C1007,2022-10,109,29113,17,3173317
C1008,2022-10,147,58830,22,8648010
C1009,2022-10,91,41240,18,3752840
C1010,2022-10,403,28980,17,11678940
C1011,2022-10,39,88169,20,3438591
C1015,2022-10,109,40563,24,4421367
C1016,2022-10,58,86322,18,5006676
C1017,2022-10,151,28818,8,4351518
C1018,2022-10,229,21149,23,4843121
C1019,2022-10,29,88790,19,2574910
C1020,2022-10,37,86447,16,3198539
C1021,2022-10,731,40320,21,29473920
C1022,2022-10,127,58128,8,7382256
C1023,2022-10,353,29338,12,10356314
C1024,2022-10,136,57537,17,7825032
C1025,2022-10,168,57517,13,9662856
C1026,2022-10,15,87256,13,1308840
C1028,2022-10,14,88581,24,1240134
C1029,2022-10,14,87119,16,1219666
C1030,2022-10,15,88443,9,1326645
C1031,2022-10,46,87901,10,4043446
C1033,2022-10,14,87041,8,1218574
C1034,2022-10,15,86524,24,1297860
C1035,2022-10,15,87992,17,1319880
C1036,2022-10,37,86956,11,3217372
C1037,2022-10,19,87913,8,1670347
C1039,2022-10,337,20890,20,7039930
C1040,2022-10,142,21055,11,2989810
C1041,2022-10,343,20892,16,7165956
C1043,2022-10,144,20875,14,3006000
C1044,2022-10,111,29028,10,3222108
C1045,2022-10,15,86380,13,1295700
C1049,2022-10,328,21304,21,6987712
C1050,2022-10,112,28885,20,3235120
C1051,2022-10,136,20872,11,2838592
C1052,2022-10,117,29604,10,3463668
C1053,2022-10,97,41139,25,3990483
C1056,2022-10,114,29060,25,3312840
C1057,2022-10,55,87949,11,4837195
C1058,2022-10,59,58672,25,3461648
C1059,2022-10,140,20870,10,2921800
C1060,2022-10,109,29188,21,3181492
C1061,2022-10,140,20865,23,2921100
C1062,2022-10,162,58637,15,9499194
C1063,2022-10,144,57590,21,8292960
C1064,2022-10,45,58732,18,2642940
C1066,2022-10,322,28992,22,9335424
C1067,2022-10,75,57643,13,4323225
C1068,2022-10,56,58631,18,3283336
C1069,2022-10,137,21090,17,2889330
C1071,2022-10,108,29107,13,3143556
C1072,2022-10,35,87094,21,3048290
C1073,2022-10,96,40302,8,3868992
C1074,2022-10,216,29011,10,6266376
C1075,2022-10,116,29298,8,3398568
C1077,2022-10,14,88272,10,1235808
C1078,2022-10,227,20857,12,4734539
C1079,2022-10,140,20976,10,2936640
C1080,2022-10,95,40312,19,3829640
C1081,2022-10,283,29000,21,8207000
C1082,2022-10,141,21200,8,2989200
C1083,2022-10,115,29288,18,3368120
C1084,2022-10,47,57688,24,2711336
C1086,2022-10,483,20938,11,10113054
C1087,2022-10,68,58464,11,3975552
C1088,2022-10,108,29011,25,3133188
C1089,2022-10,362,29184,13,10564608
C1090,2022-10,314,29046,22,9120444
C1093,2022-10,42,87315,23,3667230
C1094,2022-10,136,58403,17,7942808
C1095,2022-10,14,88525,12,1239350
C1096,2022-10,102,40903,10,4172106
C1097,2022-10,15,87790,21,1316850
C1098,2022-10,51,58063,21,2961213
C1099,2022-10,108,29029,11,3135132
C1102,2022-10,134,20826,16,2790684
C1002,2022-11,95,41078,11,3902410
C1006,2022-11,77,59101,24,4550777
C1007,2022-11,115,29348,23,3375020
C1008,2022-11,142,57660,19,8187720
C1009,2022-11,100,41083,17,4108300
C1010,2022-11,401,29611,10,11874011
C1011,2022-11,43,88307,8,3797201
C1015,2022-11,117,41365,8,4839705
C1016,2022-11,58,86408,20,5011664
C1017,2022-11,150,29474,20,4421100
C1018,2022-11,243,21155,9,5140665
C1019,2022-11,30,87567,9,2627010
C1020,2022-11,38,86965,23,3304670
C1021,2022-11,360,40757,25,14672520
C1022,2022-11,71,57654,24,4093434
C1023,2022-11,328,28807,23,9448696
C1024,2022-11,141,58248,13,8212968
C1025,2022-11,169,58105,18,9819745
C1026,2022-11,15,88678,16,1330170
C1028,2022-11,14,87733,22,1228262
C1029,2022-11,15,86379,15,1295685
C1030,2022-11,15,88363,9,1325445
C1031,2022-11,45,88744,17,3993480
C1033,2022-11,15,86882,23,1303230
C1034,2022-11,14,87361,20,1223054
C1035,2022-11,15,86789,13,1301835
C1036,2022-11,37,87756,15,3246972
C1037,2022-11,20,88339,12,1766780
C1039,2022-11,339,20947,9,7101033
C1040,2022-11,140,20831,15,2916340
C1041,2022-11,366,21166,20,7746756
C1043,2022-11,142,20871,12,2963682
C1044,2022-11,111,28902,12,3208122
C1045,2022-11,15,88803,15,1332045
C1049,2022-11,340,21201,12,7208340
C1050,2022-11,117,29492,10,3450564
C1051,2022-11,135,20928,14,2825280
C1052,2022-11,112,28847,23,3230864
C1053,2022-11,96,41198,11,3955008
C1056,2022-11,111,29349,13,3257739
C1057,2022-11,57,87336,23,4978152
C1058,2022-11,57,58139,11,3313923
C1059,2022-11,137,20849,25,2856313
C1060,2022-11,112,29559,21,3310608
C1061,2022-11,137,20762,15,2844394
C1062,2022-11,152,58153,22,8839256
C1063,2022-11,138,58344,20,8051472
C1064,2022-11,47,57859,19,2719373
C1066,2022-11,307,28883,10,8867081
C1067,2022-11,79,59092,17,4668268
C1068,2022-11,55,58322,16,3207710
C1069,2022-11,135,20855,12,2815425
C1071,2022-11,111,29501,23,3274611
C1072,2022-11,33,86274,17,2847042
C1073,2022-11,92,40604,24,3735568
C1074,2022-11,214,29169,14,6242166
C1075,2022-11,118,29514,18,3482652
C1077,2022-11,14,86678,11,1213492
C1078,2022-11,234,21232,8,4968288
C1079,2022-11,146,21200,8,3095200
C1080,2022-11,96,41346,21,3969216
C1081,2022-11,299,28874,19,8633326
C1082,2022-11,143,20864,22,2983552
C1083,2022-11,117,29436,9,3444012
C1084,2022-11,48,58608,13,2813184
C1086,2022-11,451,21062,13,9498962
C1087,2022-11,65,58031,19,3772015
C1088,2022-11,116,28941,14,3357156
C1089,2022-11,359,29286,18,10513674
C1090,2022-11,306,29025,23,8881650
C1093,2022-11,43,87907,22,3780001
C1094,2022-11,138,58810,11,8115780
C1095,2022-11,14,88128,20,1233792
C1096,2022-11,101,40857,19,4126557
C1097,2022-11,15,87544,11,1313160
C1098,2022-11,55,58808,9,3234440
C1099,2022-11,109,29146,16,3176914
C1102,2022-11,138,20916,25,2886408
C1002,2022-12,103,41166,11,4240098
C1003,2022-12,121,29472,15,3566112
C1006,2022-12,89,57749,10,5139661
C1007,2022-12,130,29470,21,3831100
C1008,2022-12,155,59157,22,9169335
C1009,2022-12,112,41204,22,4614848
C1010,2022-12,440,28877,24,12705880
C1011,2022-12,48,86621,18,4157808
C1015,2022-12,139,40252,9,5595028
C1016,2022-12,68,88513,25,6018884
C1017,2022-12,182,29526,19,5373732
C1018,2022-12,264,20852,25,5504928
C1019,2022-12,36,87308,18,3143088
C1020,2022-12,21,86790,15,1822590
C1021,2022-12,407,41307,15,16811949
C1022,2022-12,150,58834,19,8825100
C1023,2022-12,379,29060,12,11013740
C1024,2022-12,150,58124,22,8718600
C1025,2022-12,204,57651,13,11760804
C1026,2022-12,17,86397,23,1468749
C1028,2022-12,17,87818,19,1492906
C1029,2022-12,16,86352,20,1381632
C1030,2022-12,16,88559,12,1416944
C1031,2022-12,19,86346,25,1640574
C1033,2022-12,16,88674,24,1418784
C1034,2022-12,17,87489,17,1487313
C1035,2022-12,17,86829,10,1476093
C1036,2022-12,42,87556,23,3677352
C1037,2022-12,23,87647,23,2015881
C1039,2022-12,408,20707,14,8448456
C1040,2022-12,163,21207,22,3456741
C1041,2022-12,405,20787,9,8418735
C1043,2022-12,153,20776,16,3178728
C1044,2022-12,128,29462,10,3771136
C1045,2022-12,16,87500,12,1400000
C1049,2022-12,387,21304,22,8244648
C1050,2022-12,131,28939,9,3791009
C1051,2022-12,156,21087,15,3289572
C1052,2022-12,124,28983,23,3593892
C1053,2022-12,107,41015,18,4388605
C1056,2022-12,126,28854,25,3635604
C1057,2022-12,61,87651,24,5346711
C1058,2022-12,72,57606,14,4147632
C1059,2022-12,152,20942,17,3183184
C1060,2022-12,128,28806,19,3687168
C1061,2022-12,164,20780,18,3407920
C1062,2022-12,186,58580,19,10895880
C1063,2022-12,156,57547,14,8977332
C1064,2022-12,54,59091,23,3190914
C1066,2022-12,375,29580,23,11092500
C1067,2022-12,88,57729,11,5080152
C1068,2022-12,67,58833,20,3941811
C1069,2022-12,153,21238,12,3249414
C1071,2022-12,126,29383,21,3702258
C1072,2022-12,39,87245,17,3402555
C1073,2022-12,105,40878,15,4292190
C1074,2022-12,244,28848,22,7038912
C1075,2022-12,128,29123,9,3727744
C1077,2022-12,17,88760,10,1508920
C1078,2022-12,125,21118,19,2639750
C1079,2022-12,151,20752,11,3133552
C1080,2022-12,108,40932,22,4420656
C1081,2022-12,353,29087,25,10267711
C1082,2022-12,160,21034,20,3365440
C1083,2022-12,123,28802,22,3542646
C1084,2022-12,59,58288,16,3438992
C1086,2022-12,535,21238,24,11362330
C1087,2022-12,80,59038,10,4723040
C1088,2022-12,124,28779,11,3568596
C1089,2022-12,404,29406,19,11880024
C1090,2022-12,354,28927,15,10240158
C1093,2022-12,47,86340,22,4057980
C1094,2022-12,158,58347,9,9218826
C1095,2022-12,17,86907,19,1477419
C1096,2022-12,127,40645,12,5161915
C1097,2022-12,17,86270,19,1466590
C1098,2022-12,63,58132,23,3662316
C1099,2022-12,127,29486,14,3744722
C1102,2022-12,158,21109,21,3335222
C1002,2023-01,113,41385,14,4676505
C1003,2023-01,133,29399,23,3910067
C1006,2023-01,74,57754,16,4273796
C1007,2023-01,142,28876,19,4100392
C1008,2023-01,146,58644,11,8562024
C1009,2023-01,134,41247,21,5527098
C1010,2023-01,529,29364,13,15533556
C1011,2023-01,83,88561,10,7350563
C1015,2023-01,160,40455,11,6472800
C1016,2023-01,110,88335,17,9716850
C1017,2023-01,197,29152,23,5742944
C1018,2023-01,307,21281,15,6533267
C1019,2023-01,59,86913,12,5127867
C1020,2023-01,38,88184,23,3350992
C1021,2023-01,436,40384,16,17607424
C1022,2023-01,135,58244,22,7862940
C1023,2023-01,447,29344,11,13116768
C1024,2023-01,139,57740,17,8025860
C1025,2023-01,170,57707,16,9810190
C1026,2023-01,30,88184,20,2645520
C1027,2023-01,30,86731,8,2601930
C1028,2023-01,29,86416,12,2506064
C1029,2023-01,29,86571,11,2510559
C1030,2023-01,30,87304,15,2619120
C1031,2023-01,170,88179,23,14990430
C1033,2023-01,29,86856,13,2518824
C1034,2023-01,29,88153,15,2556437
C1035,2023-01,29,87387,8,2534223
C1036,2023-01,73,88493,12,6459989
C1037,2023-01,41,86565,18,3549165
C1039,2023-01,438,20774,19,9099012
C1040,2023-01,180,21318,16,3837240
C1041,2023-01,454,21243,24,9644322
C1043,2023-01,173,21171,20,3662583
C1044,2023-01,133,29575,17,3933475
C1045,2023-01,29,86427,13,2506383
C1049,2023-01,432,20776,8,8975232
C1050,2023-01,138,29360,12,4051680
C1051,2023-01,177,20942,16,3706734
C1052,2023-01,144,29262,22,4213728
C1053,2023-01,116,40939,14,4748924
C1056,2023-01,133,29372,14,3906476
C1057,2023-01,110,87189,17,9590790
C1058,2023-01,63,59201,23,3729663
C1059,2023-01,166,20898,21,3469068
C1060,2023-01,136,29074,15,3954064
C1061,2023-01,168,21183,20,3558744
C1062,2023-01,157,57673,25,9054661
C1063,2023-01,144,57839,13,8328816
C1064,2023-01,51,57758,13,2945658
C1066,2023-01,387,28767,19,11132829
C1067,2023-01,80,57690,10,4615200
C1068,2023-01,60,57911,14,3474660
C1069,2023-01,177,21190,11,3750630
C1071,2023-01,137,29230,20,4004510
C1072,2023-01,70,86406,11,6048420
C1073,2023-01,118,41188,24,4860184
C1074,2023-01,267,29068,25,7761156
C1075,2023-01,135,29433,17,3973455
C1077,2023-01,28,88607,25,2480996
C1078,2023-01,288,20944,24,6031872
C1079,2023-01,180,20986,25,3777480
C1080,2023-01,119,40362,18,4803078
C1081,2023-01,386,29517,12,11393562
C1082,2023-01,181,20724,19,3751044
C1083,2023-01,137,29311,13,4015607
C1084,2023-01,51,58053,15,2960703
C1086,2023-01,586,21182,9,12412652
C1087,2023-01,70,59075,15,4135250
C1088,2023-01,143,28838,23,4123834
C1089,2023-01,461,29504,16,13601344
C1090,2023-01,416,29518,19,12279488
C1093,2023-01,174,86637,23,15074838
C1094,2023-01,149,58165,13,8666585
C1095,2023-01,27,87920,12,2373840
C1096,2023-01,139,40798,8,5670922
C1097,2023-01,29,88224,21,2558496
C1098,2023-01,57,58244,15,3319908
C1099,2023-01,140,29057,21,4067980
C1102,2023-01,176,20926,22,3682976
C1002,2023-02,120,40742,24,4889040
C1003,2023-02,134,29485,8,3950990
C1006,2023-02,76,58684,19,4459984
C1007,2023-02,144,29322,8,4222368
C1008,2023-02,146,59028,14,8618088
C1009,2023-02,134,41286,23,5532324
C1010,2023-02,519,28945,13,15022455
C1011,2023-02,81,87683,12,7102323
C1012,2023-02,113,40367,23,4561471
C1015,2023-02,151,41385,11,6249135
C1016,2023-02,114,86878,14,9904092
C1017,2023-02,213,29046,16,6186798
C1018,2023-02,303,21009,10,6365727
C1019,2023-02,60,86814,24,5208840
C1020,2023-02,37,88521,22,3275277
C1021,2023-02,452,41410,10,18717320
C1022,2023-02,132,58295,12,7694940
C1023,2023-02,428,29540,9,12643120
C1024,2023-02,144,57925,16,8341200
C1025,2023-02,170,58756,15,9988520
C1026,2023-02,30,87842,15,2635260
C1027,2023-02,29,87598,14,2540342
C1028,2023-02,29,88178,9,2557162
C1029,2023-02,28,86668,24,2426704
C1030,2023-02,29,88184,10,2557336
C1031,2023-02,47,87114,19,4094358
C1033,2023-02,28,87293,12,2444204
C1034,2023-02,29,87446,9,2535934
C1035,2023-02,27,87008,9,2349216
C1036,2023-02,72,88409,24,6365448
C1037,2023-02,44,87978,11,3871032
C1039,2023-02,449,20867,21,9369283
C1040,2023-02,169,20982,15,3545958
C1041,2023-02,459,21187,11,9724833
C1043,2023-02,92,20966,8,1928872
C1044,2023-02,144,29255,11,4212720
C1045,2023-02,29,87460,18,2536340
C1049,2023-02,422,20834,8,8791948
C1050,2023-02,139,29170,10,4054630
C1051,2023-02,181,20803,13,3765343
C1052,2023-02,144,29198,10,4204512
C1053,2023-02,45,40411,11,1818495
C1056,2023-02,135,29188,10,3940380
C1057,2023-02,110,87471,17,9621810
C1058,2023-02,62,59201,13,3670462
C1059,2023-02,178,20955,18,3729990
C1060,2023-02,142,29299,19,4160458
C1061,2023-02,177,20942,24,3706734
C1062,2023-02,170,59120,14,10050400
C1063,2023-02,147,58006,17,8526882
C1064,2023-02,54,58893,14,3180222
C1066,2023-02,393,29156,15,11458308
C1067,2023-02,83,57887,8,4804621
C1068,2023-02,63,58284,17,3671892
C1069,2023-02,179,21225,15,3799275
C1071,2023-02,140,29377,10,4112780
C1072,2023-02,69,88098,13,6078762
C1073,2023-02,115,41303,22,4749845
C1074,2023-02,276,29380,21,8108880
C1075,2023-02,135,29205,21,3942675
C1077,2023-02,27,86535,25,2336445
C1078,2023-02,286,20817,24,5953662
C1079,2023-02,167,20758,19,3466586
C1080,2023-02,112,40637,14,4551344
C1081,2023-02,377,29066,13,10957882
C1082,2023-02,166,21137,14,3508742
C1083,2023-02,144,29293,23,4218192
C1084,2023-02,56,57951,8,3245256
C1086,2023-02,573,21075,17,12075975
C1087,2023-02,70,58337,10,4083590
C1088,2023-02,133,29013,19,3858729
C1089,2023-02,460,29463,8,13552980
C1090,2023-02,170,29395,19,4997150
C1093,2023-02,88,86601,8,7620888
C1094,2023-02,150,58301,8,8745150
C1095,2023-02,28,88789,17,2486092
C1096,2023-02,143,40492,23,5790356
C1097,2023-02,27,87700,15,2367900
C1098,2023-02,57,58047,25,3308679
C1099,2023-02,141,29028,10,4092948
C1102,2023-02,180,20937,17,3768660
C1002,2023-03,102,40515,8,4132530
C1003,2023-03,121,29511,12,3570831
C1006,2023-03,70,59084,14,4135880
C1007,2023-03,127,29305,23,3721735
C1008,2023-03,139,58398,13,8117322
C1009,2023-03,125,40552,14,5069000
C1010,2023-03,454,28978,20,13156012
C1011,2023-03,153,86407,22,13220271
C1012,2023-03,108,40289,10,4351212
C1015,2023-03,153,41269,24,6314157
C1016,2023-03,100,87054,8,8705400
C1017,2023-03,199,28755,13,5722245
C1018,2023-03,276,21236,11,5861136
C1019,2023-03,58,87044,20,5048552
C1020,2023-03,35,88713,9,3104955
C1021,2023-03,405,40262,23,16306110
C1022,2023-03,117,57546,10,6732882
C1023,2023-03,405,29230,21,11838150
C1024,2023-03,125,57596,25,7199500
C1025,2023-03,162,57739,11,9353718
C1026,2023-03,25,88292,17,2207300
C1027,2023-03,29,87508,24,2537732
C1028,2023-03,25,88378,24,2209450
C1029,2023-03,25,87474,14,2186850
C1030,2023-03,26,87819,19,2283294
C1031,2023-03,86,86865,24,7470390
C1033,2023-03,25,88605,16,2215125
C1034,2023-03,25,88358,23,2208950
C1035,2023-03,26,86900,12,2259400
C1036,2023-03,68,86256,12,5865408
C1037,2023-03,41,88005,22,3608205
C1039,2023-03,811,21094,12,17107234
C1040,2023-03,157,21077,23,3309089
C1041,2023-03,433,21157,8,9160981
C1043,2023-03,150,20737,11,3110550
C1044,2023-03,120,28997,8,3479640
C1045,2023-03,27,87759,23,2369493
C1049,2023-03,389,21255,15,8268195
C1050,2023-03,126,29301,23,3691926
C1051,2023-03,153,20883,11,3195099
C1052,2023-03,125,29603,23,3700375
C1053,2023-03,101,41119,8,4153019
C1056,2023-03,129,29350,20,3786150
C1057,2023-03,101,88721,13,8960821
C1058,2023-03,61,59143,25,3607723
C1059,2023-03,156,21060,10,3285360
C1060,2023-03,126,29214,23,3680964
C1061,2023-03,154,20781,22,3200274
C1062,2023-03,153,57516,8,8799948
C1063,2023-03,129,58767,15,7580943
C1064,2023-03,52,57994,10,3015688
C1066,2023-03,362,29156,9,10554472
C1067,2023-03,77,58743,15,4523211
C1068,2023-03,59,58631,8,3459229
C1069,2023-03,162,20903,10,3386286
C1071,2023-03,125,29172,15,3646500
C1072,2023-03,61,86465,19,5274365
C1073,2023-03,109,40702,23,4436518
C1074,2023-03,268,28769,15,7710092
C1075,2023-03,130,29523,11,3837990
C1077,2023-03,26,87002,8,2262052
C1078,2023-03,285,20851,24,5942535
C1079,2023-03,155,21000,20,3255000
C1080,2023-03,101,40649,22,4105549
C1081,2023-03,349,28793,22,10048757
C1082,2023-03,152,21208,15,3223616
C1083,2023-03,121,29065,24,3516865
C1084,2023-03,53,57674,24,3056722
C1086,2023-03,544,21276,14,11574144
C1087,2023-03,67,57986,12,3885062
C1088,2023-03,123,29255,14,3598365
C1089,2023-03,440,29254,13,12871760
C1090,2023-03,369,29008,14,10703952
C1093,2023-03,76,87208,17,6627808
C1094,2023-03,133,58554,8,7787682
C1095,2023-03,25,87423,13,2185575
C1096,2023-03,135,41161,20,5556735
C1097,2023-03,26,88292,14,2295592
C1098,2023-03,54,58292,11,3147768
C1099,2023-03,120,29192,21,3503040
C1102,2023-03,164,20723,21,3398572
C1002,2023-04,92,40493,16,3725356
C1003,2023-04,117,29431,9,3443427
C1006,2023-04,65,59206,21,3848390
C1007,2023-04,117,29051,10,3398967
C1008,2023-04,124,58695,22,7278180
C1009,2023-04,121,41151,15,4979271
C1010,2023-04,420,29330,22,12318600
C1011,2023-04,69,88745,8,6123405
C1012,2023-04,104,40846,21,4247984
C1013,2023-04,23,86903,16,1998769
C1015,2023-04,137,41201,13,5644537
C1016,2023-04,92,88676,11,8158192
C1017,2023-04,173,29587,13,5118551
C1018,2023-04,268,20777,14,5568236
C1019,2023-04,52,88247,16,4588844
C1020,2023-04,32,88581,25,2834592
C1021,2023-04,355,40432,22,14353360
C1022,2023-04,110,58665,20,6453150
C1023,2023-04,355,29538,15,10485990
C1024,2023-04,116,58948,22,6837968
C1025,2023-04,147,58911,13,8659917
C1026,2023-04,22,86441,8,1901702
C1027,2023-04,26,87330,18,2270580
C1028,2023-04,22,88661,17,1950542
C1029,2023-04,24,86565,18,2077560
C1030,2023-04,23,87761,23,2018503
C1031,2023-04,77,86258,11,6641866
C1033,2023-04,22,88443,10,1945746
C1034,2023-04,22,88564,21,1948408
C1035,2023-04,24,87228,11,2093472
C1036,2023-04,62,86999,14,5393938
C1037,2023-04,35,86567,22,3029845
C1039,2023-04,384,20715,14,7954560
C1040,2023-04,135,20984,19,2832840
C1041,2023-04,374,20867,17,7804258
C1043,2023-04,135,21173,23,2858355
C1044,2023-04,116,29226,13,3390216
C1045,2023-04,23,87839,14,2020297
C1049,2023-04,349,20700,24,7224300
C1050,2023-04,112,29043,20,3252816
C1051,2023-04,141,20706,23,2919546
C1052,2023-04,111,28787,11,3195357
C1053,2023-04,98,40876,25,4005848
C1056,2023-04,112,28836,11,3229632
C1057,2023-04,90,86485,24,7783650
C1058,2023-04,54,58798,12,3175092
C1059,2023-04,146,21045,9,3072570
C1060,2023-04,116,29520,24,3424320
C1061,2023-04,141,21046,17,2967486
C1062,2023-04,130,58439,11,7597070
C1063,2023-04,123,58171,8,7155033
C1064,2023-04,47,57789,10,2716083
C1066,2023-04,352,29108,25,10246016
C1067,2023-04,74,57900,18,4284600
C1068,2023-04,52,58098,22,3021096
C1069,2023-04,146,20845,25,3043370
C1071,2023-04,114,29149,20,3322986
C1072,2023-04,58,87576,20,5079408
C1073,2023-04,97,40494,19,3927918
C1074,2023-04,236,29563,18,6976868
C1075,2023-04,115,29603,21,3404345
C1077,2023-04,23,87235,14,2006405
C1078,2023-04,265,20995,20,5563675
C1079,2023-04,144,21272,24,3063168
C1080,2023-04,89,41370,10,3681930
C1081,2023-04,320,29392,20,9405440
C1082,2023-04,146,20702,12,3022492
C1083,2023-04,116,29210,18,3388360
C1084,2023-04,48,58831,24,2823888
C1086,2023-04,474,20933,13,9922242
C1087,2023-04,63,58645,25,3694635
C1088,2023-04,109,29462,21,3211358
C1089,2023-04,396,29065,8,11509740
C1090,2023-04,352,29379,13,10341408
C1093,2023-04,75,88714,25,6653550
C1094,2023-04,125,59072,9,7384000
C1095,2023-04,24,87826,13,2107824
C1096,2023-04,121,41087,15,4971527
C1097,2023-04,23,86911,9,1998953
C1098,2023-04,49,57869,10,2835581
C1099,2023-04,108,29478,12,3183624
C1102,2023-04,146,20770,15,3032420
C1002,2023-05,98,41057,11,4023586
C1003,2023-05,114,29610,12,3375540
C1006,2023-05,70,59064,8,4134480
C1007,2023-05,114,29090,18,3316260
C1008,2023-05,120,57740,21,6928800
C1009,2023-05,116,41445,21,4807620
C1010,2023-05,448,29259,22,13108032
C1011,2023-05,69,86795,10,5988855
C1012,2023-05,102,40261,15,4106622
C1013,2023-05,24,88197,21,2116728
C1015,2023-05,132,41191,14,5437212
C1016,2023-05,91,88036,15,8011276
C1017,2023-05,183,28924,10,5293092
C1018,2023-05,272,20873,22,5677456
C1019,2023-05,52,88523,13,4603196
C1020,2023-05,33,87737,12,2895321
C1021,2023-05,363,40711,10,14778093
C1022,2023-05,108,57879,8,6250932
C1023,2023-05,373,29016,20,10822968
C1024,2023-05,118,58711,18,6927898
C1025,2023-05,151,58078,15,8769778
C1026,2023-05,24,88041,21,2112984
C1027,2023-05,10,87615,24,876150
C1028,2023-05,23,87834,20,2020182
C1029,2023-05,23,88340,15,2031820
C1030,2023-05,24,88228,20,2117472
C1031,2023-05,75,87783,14,6583725
C1033,2023-05,23,86352,8,1986096
C1034,2023-05,23,86624,23,1992352
C1035,2023-05,24,88832,23,2131968
C1036,2023-05,61,87373,25,5329753
C1037,2023-05,39,88254,18,3441906
C1039,2023-05,393,20941,23,8229813
C1040,2023-05,143,20829,17,2978547
C1041,2023-05,394,21317,24,8398898
C1043,2023-05,142,20767,24,2948914
C1044,2023-05,108,29424,23,3177792
C1045,2023-05,23,88171,15,2027933
C1049,2023-05,377,21272,18,8019544
C1050,2023-05,111,29579,15,3283269
C1051,2023-05,146,20806,22,3037676
C1052,2023-05,110,29510,25,3246100
C1053,2023-05,97,41034,9,3980298
C1056,2023-05,116,28757,8,3335812
C1057,2023-05,95,88660,18,8422700
C1058,2023-05,55,58472,18,3215960
C1059,2023-05,134,21194,23,2839996
C1060,2023-05,109,29110,22,3172990
C1061,2023-05,135,20917,12,2823795
C1062,2023-05,141,58815,18,8292915
C1063,2023-05,125,58761,15,7345125
C1064,2023-05,48,58299,17,2798352
C1066,2023-05,336,29288,18,9840768
C1067,2023-05,74,58239,18,4309686
C1068,2023-05,52,58921,20,3063892
C1069,2023-05,137,21188,8,2902756
C1071,2023-05,116,29233,25,3391028
C1072,2023-05,59,88731,23,5235129
C1073,2023-05,94,40615,23,3817810
C1074,2023-05,235,29057,24,6828395
C1075,2023-05,113,29183,24,3297679
C1077,2023-05,22,87057,9,1915254
C1078,2023-05,263,20707,12,5445941
C1079,2023-05,144,21129,24,3042576
C1080,2023-05,95,41059,25,3900605
C1081,2023-05,311,29022,16,9025842
C1082,2023-05,139,21064,22,2927896
C1083,2023-05,117,29033,9,3396861
C1084,2023-05,50,57703,12,2885150
C1086,2023-05,523,21111,25,11041053
C1087,2023-05,64,58249,13,3727936
C1088,2023-05,111,29277,23,3249747
C1089,2023-05,384,28953,15,11117952
C1090,2023-05,356,28997,17,10322932
C1093,2023-05,72,88211,18,6351192
C1094,2023-05,122,58290,10,7111380
C1095,2023-05,23,87391,8,2009993
C1096,2023-05,125,40623,10,5077875
C1097,2023-05,23,88832,16,2043136
C1098,2023-05,51,59048,25,3011448
C1099,2023-05,117,29538,15,3455946
C1102,2023-05,136,21027,20,2859672
C1002,2023-06,108,40614,11,4386312
C1003,2023-06,130,28843,9,3749590
C1006,2023-06,82,59121,24,4847922
C1007,2023-06,128,29113,17,3726464
C1008,2023-06,146,58947,17,8606262
C1009,2023-06,132,41173,17,5434836
C1010,2023-06,504,28865,13,14547960
C1011,2023-06,83,86926,13,7214858
C1012,2023-06,126,41269,21,5199894
C1013,2023-06,29,87480,16,2536920
C1015,2023-06,159,41211,18,6552549
C1016,2023-06,107,86530,15,9258710
C1017,2023-06,205,29415,15,6030075
C1018,2023-06,301,21304,25,6412504
C1019,2023-06,61,87779,20,5354519
C1020,2023-06,39,88544,12,3453216
C1021,2023-06,425,41030,22,17437750
C1022,2023-06,124,58308,22,7230192
C1023,2023-06,412,29029,16,11959948
C1024,2023-06,135,59147,11,7984845
C1025,2023-06,61,57991,16,3537451
C1026,2023-06,27,88709,23,2395143
C1027,2023-06,30,87258,25,2617740
C1028,2023-06,26,86424,17,2247024
C1029,2023-06,26,87995,15,2287870
C1030,2023-06,25,86792,21,2169800
C1031,2023-06,90,86952,11,7825680
C1033,2023-06,25,87745,22,2193625
C1034,2023-06,26,87738,16,2281188
C1035,2023-06,25,88051,20,2201275
C1036,2023-06,68,88468,22,6015824
C1037,2023-06,44,86516,12,3806704
C1039,2023-06,445,21227,15,9446015
C1040,2023-06,164,21071,13,3455644
C1041,2023-06,425,21001,9,8925425
C1043,2023-06,154,20774,21,3199196
C1044,2023-06,123,29511,15,3629853
C1045,2023-06,25,88389,10,2209725
C1049,2023-06,408,20837,16,8501496
C1050,2023-06,124,29135,11,3612740
C1051,2023-06,64,20863,23,1335232
C1052,2023-06,120,29108,25,3492960
C1053,2023-06,105,41219,8,4327995
C1056,2023-06,127,29109,12,3696843
C1057,2023-06,99,86887,20,8601813
C1058,2023-06,67,58204,25,3899668
C1059,2023-06,163,21275,13,3467825
C1060,2023-06,128,28902,21,3699456
C1061,2023-06,153,21052,25,3220956
C1062,2023-06,153,58017,22,8876601
C1063,2023-06,137,58963,24,8077931
C1064,2023-06,56,59037,21,3306072
C1066,2023-06,159,29474,10,4686366
C1067,2023-06,81,58804,22,4763124
C1068,2023-06,60,57790,23,3467400
C1069,2023-06,158,21175,14,3345650
C1071,2023-06,125,29155,16,3644375
C1072,2023-06,64,86955,20,5565120
C1073,2023-06,103,40650,8,4186950
C1074,2023-06,285,28934,21,8246190
C1075,2023-06,130,29072,16,3779360
C1076,2023-06,158,21263,18,3359554
C1077,2023-06,25,87499,14,2187475
C1078,2023-06,287,21211,24,6087557
C1079,2023-06,160,20786,24,3325760
C1080,2023-06,100,40355,9,4035500
C1081,2023-06,369,29220,16,10782180
C1082,2023-06,150,21053,23,3157950
C1083,2023-06,125,29295,15,3661875
C1084,2023-06,55,58116,25,3196380
C1086,2023-06,585,21117,21,12353445
C1087,2023-06,72,58368,12,4202496
C1088,2023-06,129,28840,11,3720360
C1089,2023-06,448,29363,16,13154624
C1090,2023-06,386,29606,15,11427916
C1093,2023-06,81,87986,13,7126866
C1094,2023-06,146,59214,23,8645244
C1095,2023-06,26,86335,17,2244710
C1096,2023-06,153,41346,22,6325938
C1097,2023-06,27,86612,21,2338524
C1098,2023-06,60,57947,21,3476820
C1099,2023-06,129,28960,8,3735840
C1102,2023-06,151,21205,20,3201955
C1002,2023-07,111,41133,10,4565763
C1003,2023-07,142,29212,21,4148104
C1006,2023-07,90,57948,11,5215320
C1007,2023-07,143,29503,12,4218929
C1008,2023-07,157,58671,11,9211347
C1009,2023-07,158,40317,13,6370086
C1010,2023-07,514,29294,13,15057116
C1012,2023-07,133,40265,21,5355245
C1013,2023-07,31,86409,11,2678679
C1015,2023-07,181,40529,23,7335749
C1016,2023-07,257,86389,18,22201973
C1017,2023-07,238,28791,21,6852258
C1018,2023-07,354,20959,13,7419486
C1019,2023-07,69,86267,19,5952423
C1020,2023-07,82,87560,18,7179920
C1021,2023-07,951,41422,19,39392322
C1022,2023-07,143,57813,21,8267259
C1023,2023-07,450,29373,17,13217850
C1024,2023-07,155,58018,21,8992790
C1025,2023-07,179,58013,8,10384327
C1026,2023-07,29,87985,20,2551565
C1027,2023-07,35,88683,11,3103905
C1028,2023-07,29,88098,22,2554842
C1029,2023-07,29,87353,20,2533237
C1030,2023-07,29,87196,19,2528684
C1031,2023-07,96,86627,9,8316192
C1033,2023-07,29,87478,19,2536862
C1034,2023-07,29,88234,19,2558786
C1035,2023-07,28,87020,22,2436560
C1036,2023-07,77,88807,24,6838139
C1037,2023-07,48,87002,15,4176096
C1039,2023-07,477,21249,24,10135773
C1040,2023-07,168,20949,9,3519432
C1041,2023-07,511,20734,22,10595074
C1043,2023-07,171,20789,10,3554919
C1044,2023-07,59,29132,17,1718788
C1045,2023-07,29,87746,14,2544634
C1049,2023-07,437,21128,21,9232936
C1050,2023-07,139,28858,21,4011262
C1051,2023-07,180,21275,21,3829500
C1052,2023-07,133,28831,15,3834523
C1053,2023-07,113,41329,21,4670177
C1056,2023-07,137,28874,23,3955738
C1057,2023-07,119,88292,16,10506748
C1058,2023-07,75,58155,15,4361625
C1059,2023-07,174,21205,23,3689670
C1060,2023-07,133,28999,10,3856867
C1061,2023-07,174,21000,21,3654000
C1062,2023-07,178,57953,21,10315634
C1063,2023-07,147,58498,12,8599206
C1064,2023-07,63,57845,12,3644235
C1066,2023-07,424,28894,22,12251056
C1067,2023-07,95,58935,14,5598825
C1068,2023-07,72,57573,21,4145256
C1069,2023-07,173,21151,21,3659123
C1071,2023-07,137,29287,19,4012319
C1072,2023-07,73,88818,15,6483714
C1073,2023-07,120,41362,23,4963440
C1074,2023-07,305,28949,25,8829445
C1075,2023-07,135,29331,8,3959685
C1076,2023-07,171,21041,14,3598011
C1077,2023-07,28,88817,9,2486876
C1078,2023-07,346,21217,11,7341082
C1079,2023-07,171,21094,25,3607074
C1080,2023-07,116,40472,23,4694752
C1081,2023-07,394,29005,24,11427970
C1082,2023-07,175,20724,14,3626700
C1083,2023-07,138,29137,20,4020906
C1084,2023-07,64,58482,17,3742848
C1086,2023-07,603,21008,24,12667824
C1087,2023-07,83,57770,22,4794910
C1088,2023-07,137,29465,13,4036705
C1089,2023-07,511,28795,12,14714245
C1090,2023-07,423,29021,20,12275883
C1093,2023-07,90,88699,10,7982910
C1094,2023-07,159,57552,25,9150768
C1095,2023-07,28,87060,24,2437680
C1096,2023-07,171,41218,22,7048278
C1097,2023-07,28,86671,12,2426788
C1098,2023-07,68,57974,15,3942232
C1099,2023-07,143,28973,18,4143139
C1102,2023-07,170,21203,22,3604510
C1002,2023-08,111,41295,19,4583745
C1003,2023-08,142,29471,25,4184882
C1006,2023-08,90,57729,9,5195610
C1007,2023-08,133,29196,13,3883068
C1008,2023-08,153,58872,19,9007416
C1009,2023-08,165,40710,21,6717150
C1010,2023-08,569,28772,10,16371268
C1012,2023-08,142,40731,11,5783802
C1013,2023-08,32,87088,19,2786816
C1015,2023-08,186,40317,9,7498962
C1016,2023-08,119,88446,23,10525074
C1017,2023-08,244,28911,21,7054284
C1018,2023-08,338,21147,14,7147686
C1019,2023-08,69,87349,15,6027081
C1020,2023-08,46,87620,15,4030520
C1021,2023-08,464,40978,23,19013792
C1022,2023-08,145,57611,11,8353595
C1023,2023-08,234,29279,11,6851286
C1024,2023-08,152,57553,23,8748056
C1025,2023-08,183,59034,9,10803222
C1026,2023-08,27,87565,10,2364255
C1027,2023-08,37,86386,19,3196282
C1028,2023-08,30,87193,11,2615790
C1029,2023-08,29,87618,8,2540922
C1030,2023-08,30,87090,13,2612700
C1031,2023-08,98,86589,19,8485722
C1033,2023-08,29,86772,14,2516388
C1034,2023-08,28,88252,13,2471056
C1035,2023-08,29,86697,17,2514213
C1036,2023-08,153,87951,14,13456503
C1037,2023-08,48,86438,12,4149024
C1039,2023-08,470,21059,16,9897730
C1040,2023-08,179,21000,16,3759000
C1041,2023-08,491,20707,24,10167137
C1043,2023-08,167,21221,22,3543907
C1044,2023-08,144,28761,25,4141584
C1045,2023-08,28,87493,17,2449804
C1049,2023-08,458,21096,14,9661968
C1050,2023-08,142,29419,24,4177498
C1051,2023-08,170,21185,10,3601450
C1052,2023-08,139,28789,14,4001671
C1053,2023-08,118,40350,20,4761300
C1054,2023-08,112,40643,21,4552016
C1056,2023-08,132,28959,19,3822588
C1057,2023-08,112,87272,23,9774464
C1058,2023-08,76,58996,22,4483696
C1059,2023-08,175,21204,13,3710700
C1060,2023-08,137,28761,16,3940257
C1061,2023-08,176,20968,8,3690368
C1062,2023-08,168,57721,12,9697128
C1063,2023-08,162,58300,12,9444600
C1064,2023-08,28,58343,10,1633604
C1066,2023-08,459,29240,16,13421160
C1067,2023-08,100,58212,21,5821200
C1068,2023-08,72,58118,20,4184496
C1069,2023-08,170,21076,24,3582920
C1071,2023-08,141,29130,14,4107330
C1072,2023-08,79,87784,25,6934936
C1073,2023-08,113,40451,14,4570963
C1074,2023-08,318,28830,15,9167940
C1075,2023-08,144,28782,9,4144608
C1076,2023-08,176,21270,18,3743520
C1077,2023-08,28,88195,14,2469460
C1078,2023-08,346,21004,13,7267384
C1079,2023-08,166,20981,12,3482846
C1080,2023-08,110,40457,19,4450270
C1081,2023-08,413,29122,21,12027386
C1082,2023-08,177,21096,11,3733992
C1083,2023-08,135,28992,15,3913920
C1084,2023-08,66,59181,21,3905946
C1086,2023-08,617,20721,23,12784857
C1087,2023-08,82,57821,12,4741322
C1088,2023-08,138,29129,20,4019802
C1089,2023-08,500,28826,11,14413000
C1090,2023-08,430,29180,20,12547400
C1093,2023-08,94,86892,17,8167848
C1094,2023-08,152,58313,25,8863576
C1095,2023-08,28,87202,14,2441656
C1096,2023-08,175,40957,13,7167475
C1097,2023-08,29,88299,25,2560671
C1098,2023-08,72,58209,15,4191048
C1099,2023-08,139,29220,18,4061580
C1102,2023-08,168,20731,17,3482808
C1002,2023-09,106,41376,19,4385856
C1003,2023-09,128,29067,20,3720576
C1006,2023-09,82,57824,12,4741568
C1007,2023-09,131,28762,19,3767822
C1008,2023-09,147,58996,25,8672412
C1009,2023-09,151,41278,16,6232978
C1010,2023-09,475,29246,9,13891850
C1012,2023-09,139,41008,14,5700112
C1013,2023-09,32,86619,17,2771808
C1015,2023-09,171,40689,11,6957819
C1016,2023-09,108,88372,15,9544176
C1017,2023-09,223,29163,22,6503349
C1018,2023-09,320,21276,13,6808320
C1019,2023-09,63,86936,16,5476968
C1020,2023-09,41,87288,21,3578808
C1021,2023-09,436,41136,8,17935296
C1022,2023-09,130,58550,10,7611500
C1023,2023-09,441,29187,9,12871467
C1024,2023-09,134,57612,8,7720008
C1025,2023-09,171,58817,14,10057707
C1026,2023-09,25,88201,20,2205025
C1027,2023-09,34,88674,9,3014916
C1028,2023-09,26,88433,11,2299258
C1029,2023-09,25,87894,17,2197350
C1030,2023-09,25,87101,10,2177525
C1031,2023-09,90,86701,12,7803090
C1033,2023-09,26,86402,10,2246452
C1034,2023-09,25,88278,11,2206950
C1035,2023-09,26,88251,18,2294526
C1036,2023-09,76,87364,24,6639664
C1037,2023-09,47,87752,23,4124344
C1039,2023-09,439,20930,17,9188270
C1040,2023-09,160,20839,25,3334240
C1041,2023-09,458,20907,22,9575406
C1043,2023-09,163,21264,24,3466032
C1044,2023-09,127,28862,24,3665474
C1045,2023-09,27,87397,21,2359719
C1049,2023-09,416,20983,22,8728928
C1050,2023-09,121,29418,14,3559578
C1051,2023-09,152,21022,15,3195344
C1052,2023-09,125,29317,15,3664625
C1053,2023-09,103,41085,12,4231755
C1054,2023-09,100,41246,25,4124600
C1056,2023-09,121,28774,17,3481654
C1057,2023-09,108,88087,21,9513396
C1058,2023-09,68,57924,12,3938832
C1059,2023-09,154,21155,12,3257870
C1060,2023-09,122,28996,10,3537512
C1061,2023-09,154,20918,12,3221372
C1062,2023-09,157,58089,11,9119973
C1063,2023-09,139,57755,9,8027945
C1064,2023-09,57,58660,12,3343620
C1066,2023-09,426,28966,10,12339516
C1067,2023-09,87,58847,12,5119689
C1068,2023-09,68,57988,24,3943184
C1069,2023-09,153,21303,12,3259359
C1071,2023-09,125,29134,10,3641750
C1072,2023-09,68,86619,20,5890092
C1073,2023-09,109,41317,9,4503553
C1074,2023-09,284,28907,17,8209588
C1075,2023-09,120,29314,12,3517680
C1076,2023-09,161,21295,11,3428495
C1077,2023-09,26,86670,18,2253420
C1078,2023-09,325,20758,23,6746350
C1079,2023-09,162,21221,25,3437802
C1080,2023-09,102,40787,9,4160274
C1081,2023-09,388,28828,13,11185264
C1082,2023-09,151,21077,23,3182627
C1083,2023-09,121,29452,13,3563692
C1084,2023-09,61,58958,19,3596438
C1086,2023-09,580,20947,20,12149260
C1087,2023-09,78,58809,20,4587102
C1088,2023-09,62,29552,13,1832224
C1089,2023-09,459,29402,23,13495518
C1090,2023-09,415,29442,24,12218430
C1093,2023-09,90,88346,10,7951140
C1094,2023-09,150,57902,17,8685300
C1095,2023-09,25,86880,11,2172000
C1096,2023-09,153,41150,21,6295950
C1097,2023-09,26,87051,24,2263326
C1098,2023-09,67,58786,8,3938662
C1099,2023-09,123,29273,10,3600579
C1102,2023-09,150,20830,23,3124500
C1002,2023-10,94,40335,24,3791490
C1003,2023-10,52,29093,9,1512836
C1005,2023-10,144,21225,14,3056400
C1006,2023-10,78,58259,10,4544202
C1007,2023-10,51,28882,8,1472982
C1008,2023-10,125,57870,23,7233750
C1009,2023-10,136,41048,11,5582528
C1010,2023-10,449,28814,24,12937486
C1012,2023-10,129,41033,15,5293257
C1013,2023-10,29,86840,14,2518360
C1015,2023-10,154,40712,11,6269648
C1016,2023-10,99,86365,14,8550135
C1017,2023-10,208,29092,11,6051136
C1018,2023-10,285,21205,19,6043425
C1019,2023-10,55,86262,16,4744410
C1020,2023-10,38,87957,9,3342366
C1021,2023-10,386,40522,12,15641492
C1022,2023-10,122,57579,11,7024638
C1023,2023-10,378,28868,20,10912104
C1024,2023-10,128,59058,24,7559424
C1025,2023-10,161,58559,15,9427999
C1026,2023-10,23,86915,20,1999045
C1027,2023-10,32,86542,21,2769344
C1028,2023-10,22,87595,12,1927090
C1029,2023-10,24,88018,14,2112432
C1030,2023-10,23,86722,19,1994606
C1031,2023-10,78,88790,22,6925620
C1033,2023-10,23,86591,18,1991593
C1034,2023-10,22,87656,25,1928432
C1035,2023-10,23,87845,19,2020435
C1036,2023-10,70,87300,22,6111000
C1037,2023-10,42,86740,8,3643080
C1039,2023-10,406,20830,23,8456980
C1040,2023-10,136,20943,21,2848248
C1041,2023-10,406,21049,20,8545894
C1043,2023-10,139,21284,15,2958476
C1044,2023-10,111,29301,21,3252411
C1045,2023-10,24,88446,23,2122704
C1049,2023-10,773,20747,17,16037431
C1050,2023-10,114,29504,25,3363456
C1051,2023-10,134,20827,19,2790818
C1052,2023-10,58,29348,14,1702184
C1053,2023-10,92,41080,18,3779360
C1054,2023-10,95,41199,18,3913905
C1056,2023-10,111,29539,10,3278829
C1057,2023-10,101,86815,22,8768315
C1058,2023-10,64,59182,13,3787648
C1059,2023-10,144,21054,11,3031776
C1060,2023-10,117,29056,15,3399552
C1061,2023-10,143,20862,21,2983266
C1062,2023-10,148,58237,16,8619076
C1063,2023-10,132,58503,16,7722396
C1064,2023-10,56,57618,15,3226608
C1066,2023-10,385,29233,24,11254705
C1067,2023-10,78,57906,13,4516668
C1068,2023-10,60,58124,17,3487440
C1069,2023-10,145,20813,19,3017885
C1071,2023-10,114,28884,20,3292776
C1072,2023-10,65,88090,24,5725850
C1073,2023-10,91,40775,25,3710525
C1074,2023-10,263,29339,9,7716157
C1075,2023-10,115,29264,10,3365360
C1076,2023-10,137,21097,22,2890289
C1077,2023-10,22,86992,10,1913824
C1078,2023-10,295,21169,8,6244855
C1079,2023-10,136,20901,24,2842536
C1080,2023-10,94,41248,22,3877312
C1081,2023-10,338,28980,20,9795240
C1082,2023-10,134,20727,20,2777418
C1083,2023-10,109,29433,11,3208197
C1084,2023-10,55,57909,18,3184995
C1086,2023-10,516,21069,18,10871604
C1087,2023-10,70,57778,8,4044460
C1088,2023-10,112,29355,25,3287760
C1089,2023-10,428,29159,20,12480052
C1090,2023-10,356,29521,13,10509476
C1091,2023-10,23,86769,17,1995687
C1093,2023-10,79,87625,16,6922375
C1094,2023-10,133,58116,11,7729428
C1095,2023-10,23,86379,8,1986717
C1096,2023-10,140,40638,24,5689320
C1097,2023-10,23,88493,14,2035339
C1098,2023-10,62,57770,8,3581740
C1099,2023-10,117,29464,19,3447288
C1102,2023-10,138,20926,15,2887788
C1002,2023-11,91,41189,8,3748199
C1003,2023-11,116,28989,22,3362724
C1005,2023-11,141,20737,21,2923917
C1006,2023-11,81,57841,10,4685121
C1007,2023-11,114,29186,18,3327204
C1008,2023-11,127,59219,10,7520813
C1009,2023-11,147,40899,11,6012153
C1010,2023-11,458,29583,13,13549014
C1012,2023-11,132,41378,10,5461896
C1013,2023-11,29,86455,10,2507195
C1015,2023-11,160,40784,18,6525440
C1016,2023-11,96,88063,8,8454048
C1017,2023-11,219,29452,9,6449988
C1018,2023-11,292,21079,22,6155068
C1019,2023-11,60,86346,13,5180760
C1020,2023-11,38,87307,8,3317666
C1021,2023-11,398,40810,8,16242380
C1022,2023-11,119,58563,18,6968997
C1023,2023-11,383,29435,25,11273605
C1024,2023-11,126,58761,18,7403886
C1025,2023-11,159,58908,24,9366372
C1026,2023-11,23,88295,11,2030785
C1027,2023-11,32,86909,19,2781088
C1028,2023-11,22,87314,14,1920908
C1029,2023-11,23,86326,25,1985498
C1030,2023-11,23,87597,15,2014731
C1031,2023-11,78,86609,22,6755502
C1033,2023-11,23,86880,11,1998240
C1034,2023-11,24,88165,19,2115960
C1035,2023-11,23,88625,8,2038375
C1036,2023-11,68,88316,23,6005488
C1037,2023-11,43,87271,22,3752653
C1039,2023-11,398,21069,14,8385462
C1040,2023-11,142,20836,8,2958712
C1041,2023-11,409,20815,12,8513335
C1043,2023-11,134,21202,24,2841068
C1044,2023-11,110,29229,14,3215190
C1045,2023-11,22,87069,22,1915518
C1049,2023-11,411,21263,12,8739093
C1050,2023-11,111,28777,25,3194247
C1051,2023-11,136,20956,8,2850016
C1052,2023-11,115,28787,12,3310505
C1053,2023-11,92,40329,9,3710268
C1054,2023-11,97,40958,20,3972926
C1055,2023-11,24,88290,21,2118960
C1056,2023-11,110,29408,8,3234880
C1057,2023-11,97,86701,19,8409997
C1058,2023-11,65,57764,11,3754660
C1059,2023-11,139,21062,19,2927618
C1060,2023-11,115,29239,17,3362485
C1061,2023-11,135,20709,18,2795715
C1062,2023-11,142,58019,23,8238698
C1063,2023-11,131,58018,24,7600358
C1064,2023-11,57,59100,11,3368700
C1066,2023-11,387,28799,8,11145213
C1067,2023-11,82,58547,8,4800854
C1068,2023-11,60,59006,14,3540360
C1069,2023-11,135,21259,22,2869965
C1071,2023-11,116,28849,21,3346484
C1072,2023-11,63,87869,16,5535747
C1073,2023-11,92,41340,8,3803280
C1074,2023-11,269,29205,24,7856145
C1075,2023-11,113,29433,15,3325929
C1076,2023-11,142,21004,19,2982568
C1077,2023-11,24,87975,17,2111400
C1078,2023-11,283,21008,17,5945264
C1079,2023-11,136,20700,14,2815200
C1080,2023-11,98,41147,21,4032406
C1081,2023-11,335,29553,13,9900255
C1082,2023-11,137,20767,17,2845079
C1083,2023-11,108,28977,11,3129516
C1084,2023-11,58,57878,17,3356924
C1086,2023-11,520,21017,21,10928840
C1087,2023-11,71,58069,16,4122899
C1088,2023-11,113,28938,15,3269994
C1089,2023-11,439,29078,9,12765242
C1090,2023-11,384,29380,9,11281920
C1091,2023-11,23,86433,21,1987959
C1092,2023-11,23,88018,15,2024414
C1093,2023-11,79,87298,8,6896542
C1094,2023-11,137,58369,14,7996553
C1095,2023-11,22,86806,22,1909732
C1096,2023-11,155,40730,17,6313150
C1097,2023-11,22,88206,19,1940532
C1098,2023-11,60,58193,24,3491580
C1099,2023-11,109,28911,10,3151299
C1102,2023-11,143,20741,24,2965963
C1002,2023-12,58,41226,10,2391108
C1003,2023-12,125,28819,24,3602375
C1004,2023-12,122,29429,22,3590338
C1005,2023-12,158,21022,25,3321476
C1006,2023-12,88,57638,22,5072144
C1007,2023-12,125,28993,16,3624125
C1008,2023-12,146,58275,14,8508150
C1009,2023-12,170,41327,18,7025590
C1010,2023-12,538,29002,25,15603076
C1012,2023-12,141,41394,24,5836554
C1013,2023-12,36,87843,19,3162348
C1015,2023-12,182,40790,14,7423780
C1016,2023-12,111,87407,17,9702177
C1017,2023-12,249,28842,16,7181658
C1018,2023-12,344,20893,16,7187192
C1019,2023-12,66,86796,13,5728536
C1020,2023-12,45,87342,11,3930390
C1021,2023-12,426,40941,12,17440866
C1022,2023-12,134,59057,9,7913638
C1023,2023-12,452,29338,10,13260776
C1024,2023-12,148,58259,21,8622332
C1025,2023-12,171,58098,10,9934758
C1026,2023-12,25,88193,23,2204825
C1027,2023-12,38,86560,18,3289280
C1028,2023-12,26,88696,14,2306096
C1029,2023-12,25,87520,14,2188000
C1030,2023-12,25,87862,11,2196550
C1031,2023-12,94,88389,19,8308566
C1033,2023-12,25,86625,22,2165625
C1034,2023-12,27,88435,11,2387745
C1035,2023-12,26,87488,25,2274688
C1036,2023-12,80,87368,13,6989440
C1037,2023-12,50,88193,25,4409650
C1039,2023-12,458,21002,19,9618916
C1040,2023-12,160,20947,12,3351520
C1041,2023-12,476,21080,9,10034080
C1042,2023-12,25,86357,24,2158925
C1043,2023-12,151,21287,23,3214337
C1044,2023-12,120,29363,23,3523560
C1045,2023-12,26,88323,15,2296398
C1049,2023-12,446,20773,22,9264758
C1050,2023-12,128,29180,15,3735040
C1051,2023-12,158,21289,10,3363662
C1052,2023-12,124,28857,12,3578268
C1053,2023-12,105,40328,9,4234440
C1054,2023-12,108,40385,20,4361580
C1055,2023-12,27,88183,16,2380941
C1056,2023-12,120,29604,9,3552480
C1057,2023-12,109,88784,24,9677456
C1058,2023-12,75,58038,12,4352850
C1059,2023-12,154,20869,24,3213826
C1060,2023-12,126,29055,24,3660930
C1061,2023-12,156,21164,18,3301584
C1062,2023-12,158,58351,21,9219458
C1063,2023-12,146,57909,11,8454714
C1064,2023-12,64,57658,22,3690112
C1065,2023-12,108,40357,12,4358556
C1066,2023-12,418,29105,19,12165890
C1067,2023-12,89,58062,24,5167518
C1068,2023-12,73,58347,23,4259331
C1069,2023-12,150,21105,20,3165750
C1071,2023-12,126,29511,13,3718386
C1072,2023-12,73,88363,13,6450499
C1073,2023-12,102,40890,24,4170780
C1074,2023-12,562,28867,10,16223254
C1075,2023-12,129,29160,13,3761640
C1076,2023-12,154,20950,24,3226300
C1077,2023-12,25,86915,25,2172875
C1078,2023-12,326,20860,21,6800360
C1079,2023-12,151,20893,11,3154843
C1080,2023-12,108,41130,12,4442040
C1081,2023-12,397,29528,13,11722616
C1082,2023-12,164,20759,15,3404476
C1083,2023-12,125,29555,23,3694375
C1084,2023-12,68,57516,14,3911088
C1086,2023-12,589,20898,24,12308922
C1087,2023-12,83,57906,25,4806198
C1088,2023-12,122,29195,20,3561790
C1089,2023-12,454,29089,24,13206406
C1090,2023-12,432,28837,21,12457584
C1091,2023-12,26,87986,23,2287636
C1092,2023-12,26,86551,8,2250326
C1093,2023-12,87,88737,16,7720119
C1094,2023-12,149,57860,15,8621140
C1095,2023-12,26,86489,21,2248714
C1096,2023-12,172,41244,16,7093968
C1097,2023-12,26,86306,16,2243956
C1098,2023-12,72,58560,22,4216320
C1099,2023-12,121,29502,23,3569742
C1102,2023-12,164,20745,8,3402180
