product_id,month,orders_count,avg_order_value,revenue,return_rate
P5001,2019-01,87,146.52,12747.1,0.1068
P5002,2019-01,82,145.6,11939.0,0.0819
P5003,2019-01,86,147.49,12683.92,0.0763
P5009,2019-01,82,146.19,11987.82,0.1051
P5012,2019-01,81,149.93,12144.65,0.0893
P5014,2019-01,90,154.2,13877.79,0.0917
P5017,2019-01,91,152.08,13839.29,0.0721
P5020,2019-01,89,148.73,13237.18,0.0853
P5024,2019-01,87,152.37,13255.98,0.0622
P5025,2019-01,124,40.14,4977.35,0.1741
P5033,2019-01,111,41.09,4560.5,0.1637
P5040,2019-01,122,45.66,5570.99,0.1966
P5042,2019-01,110,43.85,4823.71,0.2062
P5043,2019-01,267,45.56,12163.43,0.2034
P5046,2019-01,113,43.82,4951.37,0.202
P5049,2019-01,101,58.65,5923.58,0.0669
P5051,2019-01,103,56.46,5815.87,0.0869
P5052,2019-01,94,57.81,5434.11,0.0741
P5056,2019-01,98,60.85,5963.59,0.0943
P5057,2019-01,92,63.72,5862.49,0.0741
P5061,2019-01,95,64.08,6087.75,0.1008
P5063,2019-01,94,59.11,5555.89,0.0651
P5065,2019-01,102,56.11,5723.58,0.104
P5066,2019-01,90,62.1,5588.79,0.1077
P5067,2019-01,103,55.79,5746.68,0.098
P5068,2019-01,96,59.32,5695.04,0.0714
P5073,2019-01,94,61.55,5785.59,0.1033
P5074,2019-01,100,62.32,6232.43,0.1039
P5076,2019-01,91,59.01,5369.92,0.1051
P5077,2019-01,97,64.02,6209.59,0.0601
P5078,2019-01,103,58.19,5994.02,0.1025
P5086,2019-01,93,59.06,5492.28,0.0999
P5089,2019-01,97,63.15,6125.31,0.0965
P5091,2019-01,94,63.67,5985.42,0.0872
P5092,2019-01,96,57.66,5535.33,0.0819
P5096,2019-01,98,63.12,6185.53,0.0846
P5097,2019-01,94,64.42,6055.02,0.0645
P5099,2019-01,101,59.15,5974.62,0.0733
P5106,2019-01,98,64.22,6293.85,0.1027
P5110,2019-01,95,61.93,5883.24,0.0747
P5118,2019-01,103,55.42,5708.66,0.0948
P5001,2019-02,90,154.74,13926.27,0.1006
P5002,2019-02,83,151.32,12559.62,0.0952
P5003,2019-02,89,145.1,12914.21,0.0603
P5009,2019-02,87,151.44,13175.6,0.0788
P5012,2019-02,88,148.07,13030.54,0.0649
P5014,2019-02,85,153.25,13026.25,0.0791
P5017,2019-02,91,153.58,13975.48,0.0905
P5020,2019-02,80,152.17,12173.77,0.0695
P5024,2019-02,83,152.75,12678.16,0.0693
P5025,2019-02,123,49.86,6132.32,0.1623
P5033,2019-02,115,44.94,5168.56,0.1848
P5040,2019-02,110,44.85,4934.01,0.1966
P5042,2019-02,116,47.61,5522.67,0.1892
P5043,2019-02,124,48.97,6071.98,0.1838
P5045,2019-02,119,46.87,5576.97,0.1652
P5046,2019-02,124,49.76,6170.09,0.1625
P5049,2019-02,97,62.32,6044.95,0.0977
P5051,2019-02,95,55.38,5260.91,0.0755
P5052,2019-02,100,55.34,5533.68,0.1092
P5056,2019-02,97,59.82,5802.56,0.0695
P5057,2019-02,90,58.63,5276.48,0.0866
P5061,2019-02,97,56.43,5473.61,0.0605
P5063,2019-02,90,60.94,5484.74,0.0933
P5065,2019-02,99,62.44,6181.84,0.1007
P5066,2019-02,96,58.45,5611.23,0.0957
P5067,2019-02,92,55.09,5067.84,0.1096
P5068,2019-02,99,59.43,5883.98,0.0892
P5073,2019-02,95,64.3,6108.5,0.1032
P5074,2019-02,91,63.7,5796.29,0.0639
P5076,2019-02,100,60.24,6023.73,0.1007
P5077,2019-02,97,56.38,5469.31,0.0733
P5078,2019-02,100,64.24,6423.53,0.0895
P5086,2019-02,91,59.84,5445.21,0.0749
P5089,2019-02,92,58.39,5372.32,0.0947
P5091,2019-02,204,64.28,13113.66,0.0696
P5092,2019-02,96,62.48,5998.22,0.1032
P5096,2019-02,95,55.39,5262.01,0.0755
P5097,2019-02,96,58.99,5663.18,0.0712
P5099,2019-02,99,55.46,5490.81,0.0898
P5106,2019-02,96,55.19,5298.2,0.0851
P5110,2019-02,101,60.31,6091.38,0.068
P5118,2019-02,99,55.31,5475.92,0.0808
P5001,2019-03,84,145.73,12241.59,0.064
P5002,2019-03,81,146.43,11860.82,0.1067
P5003,2019-03,91,148.75,13536.65,0.0635
P5009,2019-03,81,150.44,12186.0,0.1016
P5012,2019-03,80,151.08,12086.34,0.108
P5014,2019-03,91,149.74,13626.12,0.091
P5017,2019-03,80,145.29,11623.29,0.0829
P5020,2019-03,85,154.66,13145.7,0.063
P5024,2019-03,82,153.06,12550.83,0.0688
P5025,2019-03,110,42.85,4712.99,0.192
P5033,2019-03,111,45.26,5024.08,0.1674
P5040,2019-03,113,41.93,4738.43,0.1835
P5042,2019-03,112,46.32,5187.82,0.1923
P5043,2019-03,119,47.03,5596.51,0.1757
P5045,2019-03,113,44.79,5061.08,0.2069
P5046,2019-03,121,44.05,5330.32,0.2019
P5049,2019-03,97,57.81,5607.71,0.0635
P5051,2019-03,103,58.3,6005.14,0.1082
P5052,2019-03,101,57.37,5794.83,0.0632
P5056,2019-03,101,57.75,5833.15,0.1093
P5057,2019-03,98,60.58,5937.19,0.0983
P5061,2019-03,101,60.55,6115.31,0.0844
P5063,2019-03,100,55.78,5578.21,0.0649
P5065,2019-03,91,58.14,5290.44,0.0905
P5066,2019-03,100,56.08,5607.98,0.0668
P5067,2019-03,93,64.52,6000.43,0.0878
P5068,2019-03,96,61.24,5879.15,0.085
P5073,2019-03,100,60.62,6061.56,0.0719
P5074,2019-03,92,56.45,5193.83,0.0918
P5076,2019-03,103,58.5,6025.85,0.0675
P5077,2019-03,93,56.22,5228.56,0.0955
P5078,2019-03,103,63.63,6553.77,0.0766
P5086,2019-03,103,60.15,6195.34,0.0621
P5089,2019-03,94,59.98,5637.73,0.0665
P5091,2019-03,192,64.02,12292.39,0.1015
P5092,2019-03,97,63.33,6142.62,0.0826
P5096,2019-03,101,57.78,5835.67,0.0837
P5097,2019-03,99,59.66,5906.5,0.1078
P5099,2019-03,99,62.03,6140.92,0.0937
P5106,2019-03,99,62.89,6226.21,0.0693
P5110,2019-03,99,62.79,6216.43,0.0867
P5117,2019-03,101,64.15,6479.5,0.0814
P5118,2019-03,91,57.1,5196.21,0.0866
P5001,2019-04,83,152.93,12693.45,0.0618
P5002,2019-04,87,150.98,13135.56,0.0988
P5003,2019-04,83,154.78,12846.64,0.078
P5009,2019-04,90,149.09,13418.01,0.0798
P5012,2019-04,80,152.5,12199.73,0.0821
P5014,2019-04,81,150.8,12214.88,0.0647
P5017,2019-04,83,150.16,12463.2,0.1087
P5020,2019-04,89,151.84,13514.11,0.0814
P5024,2019-04,83,154.86,12853.4,0.062
P5025,2019-04,111,44.95,4989.2,0.1686
P5033,2019-04,116,44.57,5169.87,0.1627
P5040,2019-04,114,48.06,5478.71,0.1943
P5041,2019-04,124,48.28,5986.72,0.2051
P5042,2019-04,116,40.62,4711.55,0.1958
P5043,2019-04,117,43.75,5118.41,0.1893
P5045,2019-04,119,47.59,5662.64,0.1868
P5046,2019-04,116,45.46,5273.71,0.2084
P5049,2019-04,94,60.34,5672.07,0.0882
P5051,2019-04,98,57.8,5664.72,0.0701
P5052,2019-04,94,62.41,5866.13,0.0685
P5056,2019-04,93,62.15,5779.74,0.0629
P5057,2019-04,99,62.36,6173.87,0.0973
P5060,2019-04,93,57.46,5344.12,0.0738
P5061,2019-04,93,64.1,5961.44,0.0854
P5063,2019-04,99,58.18,5759.35,0.0908
P5065,2019-04,95,62.55,5942.4,0.1084
P5066,2019-04,93,59.93,5573.39,0.0888
P5067,2019-04,98,59.79,5858.99,0.1024
P5068,2019-04,95,59.67,5669.07,0.0602
P5073,2019-04,96,55.96,5372.5,0.0601
P5074,2019-04,92,58.81,5410.06,0.0697
P5076,2019-04,90,62.19,5596.84,0.0838
P5077,2019-04,97,64.03,6210.51,0.0818
P5078,2019-04,99,57.17,5660.08,0.0668
P5086,2019-04,92,63.72,5862.53,0.0612
P5089,2019-04,102,55.71,5682.24,0.0777
P5091,2019-04,92,59.32,5457.27,0.062
P5092,2019-04,97,59.2,5742.73,0.0849
P5096,2019-04,101,55.47,5602.9,0.097
P5097,2019-04,90,64.17,5774.96,0.0941
P5099,2019-04,101,64.9,6554.91,0.1089
P5101,2019-04,96,60.38,5796.07,0.0728
P5106,2019-04,98,59.47,5828.39,0.0914
P5110,2019-04,101,59.71,6030.33,0.0732
P5117,2019-04,95,55.96,5316.54,0.075
P5118,2019-04,95,62.46,5933.3,0.0612
P5001,2019-05,84,148.04,12435.68,0.0723
P5002,2019-05,82,147.85,12123.41,0.0656
P5003,2019-05,89,151.12,13449.61,0.0777
P5009,2019-05,90,147.46,13271.7,0.1009
P5012,2019-05,85,151.85,12907.13,0.0757
P5014,2019-05,80,146.78,11742.04,0.0701
P5017,2019-05,91,149.2,13576.8,0.0981
P5020,2019-05,81,154.24,12493.65,0.0808
P5024,2019-05,91,151.32,13770.27,0.0897
P5025,2019-05,125,48.16,6019.84,0.1696
P5033,2019-05,115,48.61,5590.25,0.1832
P5040,2019-05,115,47.93,5512.45,0.1952
P5041,2019-05,122,48.68,5938.9,0.2056
P5042,2019-05,260,47.71,12404.49,0.1634
P5043,2019-05,122,40.94,4994.61,0.1655
P5045,2019-05,111,49.63,5508.95,0.1996
P5046,2019-05,119,46.47,5530.1,0.1851
P5049,2019-05,96,61.1,5865.65,0.1045
P5051,2019-05,95,64.77,6152.69,0.0973
P5052,2019-05,101,61.72,6233.75,0.0874
P5056,2019-05,97,58.18,5643.02,0.0766
P5057,2019-05,100,59.31,5931.46,0.0718
P5060,2019-05,90,57.08,5136.77,0.0897
P5061,2019-05,97,63.43,6153.02,0.0636
P5063,2019-05,101,64.72,6536.5,0.1012
P5065,2019-05,96,58.1,5577.58,0.0671
P5066,2019-05,99,55.91,5534.75,0.0631
P5067,2019-05,93,55.92,5200.44,0.0923
P5068,2019-05,91,57.22,5206.71,0.089
P5073,2019-05,97,58.48,5672.59,0.0913
P5074,2019-05,102,57.04,5818.28,0.0686
P5076,2019-05,101,61.65,6227.12,0.085
P5077,2019-05,94,61.05,5738.37,0.0645
P5078,2019-05,99,60.61,6000.43,0.0626
P5086,2019-05,97,57.02,5530.56,0.0831
P5088,2019-05,91,62.63,5698.92,0.1099
P5089,2019-05,99,62.35,6172.47,0.0681
P5091,2019-05,93,58.67,5456.11,0.0789
P5092,2019-05,95,59.53,5655.81,0.0759
P5096,2019-05,99,55.32,5476.61,0.0654
P5097,2019-05,99,55.38,5482.94,0.062
P5099,2019-05,100,60.99,6099.21,0.0656
P5101,2019-05,101,57.2,5777.51,0.0978
P5106,2019-05,98,61.63,6039.82,0.0634
P5110,2019-05,94,58.61,5509.63,0.0754
P5117,2019-05,95,56.95,5410.44,0.0854
P5118,2019-05,94,63.34,5953.74,0.1033
P5001,2019-06,92,151.07,13898.18,0.0924
P5002,2019-06,227,145.72,33077.97,0.0839
P5003,2019-06,105,154.6,16232.83,0.1034
P5009,2019-06,103,150.56,15508.17,0.0937
P5012,2019-06,94,148.5,13958.54,0.0908
P5014,2019-06,105,149.68,15716.75,0.082
P5017,2019-06,105,154.82,16255.71,0.0684
P5020,2019-06,100,149.53,14952.83,0.0702
P5024,2019-06,101,149.32,15081.25,0.0863
P5025,2019-06,135,43.15,5824.72,0.2002
P5033,2019-06,141,40.64,5730.28,0.1635
P5040,2019-06,144,44.4,6393.15,0.1709
P5041,2019-06,141,41.87,5904.33,0.1753
P5042,2019-06,128,45.22,5788.29,0.1899
P5043,2019-06,136,41.37,5626.15,0.1728
P5045,2019-06,136,47.38,6444.26,0.1671
P5046,2019-06,139,49.8,6922.78,0.2076
P5049,2019-06,107,61.69,6600.91,0.1067
P5051,2019-06,115,63.05,7250.6,0.0742
P5052,2019-06,111,57.58,6391.1,0.063
P5056,2019-06,108,63.7,6879.79,0.0916
P5057,2019-06,111,62.96,6989.0,0.0864
P5060,2019-06,104,58.29,6062.26,0.0677
P5061,2019-06,112,57.3,6417.38,0.1075
P5063,2019-06,114,56.99,6497.02,0.1018
P5065,2019-06,115,57.06,6562.17,0.0933
P5066,2019-06,111,57.16,6344.59,0.0676
P5067,2019-06,104,64.84,6743.06,0.0977
P5068,2019-06,109,64.94,7078.8,0.0627
P5073,2019-06,111,61.51,6827.82,0.1074
P5074,2019-06,106,58.03,6150.81,0.0917
P5076,2019-06,104,56.68,5894.3,0.0731
P5077,2019-06,260,55.53,14437.72,0.0974
P5078,2019-06,107,61.17,6544.94,0.1095
P5086,2019-06,114,58.82,6705.22,0.0713
P5088,2019-06,108,61.42,6633.35,0.0718
P5089,2019-06,118,60.36,7122.06,0.0825
P5091,2019-06,41,56.89,2332.36,0.0788
P5092,2019-06,115,60.64,6974.0,0.0896
P5096,2019-06,103,55.14,5679.75,0.071
P5097,2019-06,105,63.8,6698.5,0.0649
P5099,2019-06,108,59.34,6409.03,0.108
P5101,2019-06,106,56.32,5969.9,0.0679
P5106,2019-06,115,59.18,6805.7,0.0967
P5110,2019-06,110,55.85,6143.31,0.0655
P5117,2019-06,112,62.59,7010.06,0.108
P5118,2019-06,117,63.48,7426.91,0.1097
P5001,2019-07,102,150.19,15319.54,0.1068
P5002,2019-07,99,153.28,15175.12,0.085
P5003,2019-07,98,150.81,14779.71,0.0622
P5009,2019-07,100,152.56,15256.28,0.0605
P5012,2019-07,104,148.64,15458.75,0.0841
P5014,2019-07,93,153.78,14301.67,0.0877
P5017,2019-07,99,154.94,15339.43,0.0635
P5020,2019-07,99,145.92,14445.9,0.1052
P5024,2019-07,95,152.95,14529.96,0.1075
P5025,2019-07,127,42.3,5371.74,0.1845
P5031,2019-07,137,46.85,6418.01,0.192
P5033,2019-07,138,43.47,5998.41,0.186
P5040,2019-07,138,42.85,5912.99,0.1859
P5041,2019-07,136,44.71,6080.73,0.1714
P5042,2019-07,130,42.3,5499.1,0.1869
P5043,2019-07,135,41.9,5656.16,0.1977
P5045,2019-07,140,49.8,6972.07,0.1907
P5046,2019-07,144,44.21,6366.77,0.199
P5049,2019-07,116,56.86,6596.26,0.0656
P5051,2019-07,116,59.28,6877.03,0.085
P5052,2019-07,110,61.07,6717.47,0.0833
P5056,2019-07,106,62.7,6646.37,0.0857
P5057,2019-07,109,61.73,6728.3,0.089
P5060,2019-07,103,63.98,6589.6,0.0713
P5061,2019-07,211,64.58,13626.55,0.0882
P5063,2019-07,117,62.49,7310.75,0.07
P5065,2019-07,106,62.94,6671.88,0.077
P5066,2019-07,112,62.49,6998.86,0.0623
P5067,2019-07,106,55.72,5906.61,0.0676
P5068,2019-07,106,63.49,6730.1,0.0621
P5073,2019-07,114,63.16,7200.05,0.1089
P5074,2019-07,115,60.71,6981.78,0.0783
P5076,2019-07,116,61.03,7079.53,0.1014
P5077,2019-07,105,56.89,5973.93,0.0985
P5078,2019-07,113,56.5,6383.94,0.0871
P5086,2019-07,112,61.62,6901.08,0.0682
P5088,2019-07,107,64.64,6916.97,0.077
P5089,2019-07,114,59.09,6736.71,0.0933
P5091,2019-07,115,58.61,6739.79,0.0897
P5092,2019-07,114,63.51,7240.44,0.074
P5096,2019-07,107,57.46,6147.95,0.0834
P5097,2019-07,110,56.55,6220.24,0.0702
P5099,2019-07,105,58.79,6173.21,0.0739
P5101,2019-07,107,62.95,6735.16,0.0677
P5106,2019-07,59,59.74,3524.56,0.081
P5110,2019-07,108,57.0,6156.2,0.0986
P5117,2019-07,118,63.06,7441.33,0.0754
P5118,2019-07,104,56.63,5889.18,0.0806
P5001,2019-08,86,146.12,12566.05,0.0809
P5002,2019-08,81,149.86,12138.43,0.1097
P5003,2019-08,91,149.6,13613.88,0.1005
P5009,2019-08,85,146.33,12437.66,0.0659
P5012,2019-08,88,150.03,13202.85,0.0842
P5014,2019-08,85,153.81,13073.98,0.0838
P5017,2019-08,87,153.36,13342.26,0.1041
P5020,2019-08,84,151.13,12695.22,0.0621
P5024,2019-08,88,152.24,13397.18,0.0776
P5025,2019-08,115,49.26,5665.42,0.1875
P5031,2019-08,112,43.33,4852.46,0.1996
P5033,2019-08,125,49.57,6196.22,0.1681
P5039,2019-08,125,42.88,5359.88,0.1783
P5040,2019-08,114,48.08,5480.59,0.1843
P5041,2019-08,115,42.17,4849.13,0.1886
P5042,2019-08,124,44.4,5505.89,0.1896
P5043,2019-08,115,41.38,4758.88,0.1903
P5045,2019-08,126,40.03,5044.28,0.1764
P5046,2019-08,114,44.12,5029.23,0.1978
P5049,2019-08,103,64.85,6679.54,0.0994
P5051,2019-08,204,63.92,13038.99,0.0972
P5052,2019-08,102,60.48,6168.94,0.0702
P5056,2019-08,100,57.7,5770.49,0.0891
P5057,2019-08,95,59.38,5640.64,0.1024
P5060,2019-08,100,64.95,6494.5,0.0751
P5061,2019-08,90,58.37,5252.92,0.1094
P5063,2019-08,99,59.21,5861.6,0.0957
P5065,2019-08,100,60.6,6059.89,0.0875
P5066,2019-08,97,59.36,5757.46,0.0828
P5067,2019-08,95,61.29,5822.73,0.0612
P5068,2019-08,93,57.36,5334.41,0.0623
P5073,2019-08,90,63.64,5727.16,0.0758
P5074,2019-08,91,64.17,5839.59,0.1024
P5076,2019-08,94,55.32,5199.82,0.0834
P5077,2019-08,101,56.5,5706.81,0.0752
P5078,2019-08,90,64.45,5800.14,0.0929
P5086,2019-08,90,56.43,5078.31,0.0701
P5088,2019-08,90,56.73,5105.46,0.0851
P5089,2019-08,95,58.37,5544.74,0.0791
P5091,2019-08,52,60.32,3136.84,0.1066
P5092,2019-08,96,62.03,5954.68,0.1082
P5096,2019-08,101,55.04,5559.15,0.0621
P5097,2019-08,101,62.32,6294.59,0.075
P5099,2019-08,100,58.73,5872.74,0.0741
P5101,2019-08,102,60.07,6126.7,0.1037
P5106,2019-08,90,62.55,5629.42,0.093
P5110,2019-08,92,62.5,5750.19,0.1053
P5117,2019-08,98,60.66,5944.96,0.0619
P5118,2019-08,103,56.89,5860.17,0.0654
P5001,2019-09,82,146.38,12003.47,0.0833
P5002,2019-09,87,149.68,13022.31,0.0922
P5003,2019-09,90,153.47,13812.51,0.0953
P5009,2019-09,86,150.3,12926.12,0.0991
P5012,2019-09,86,149.6,12865.55,0.0849
P5014,2019-09,86,148.43,12765.0,0.1067
P5017,2019-09,87,151.41,13172.42,0.087
P5020,2019-09,82,152.15,12476.36,0.0895
P5024,2019-09,89,146.88,13072.45,0.0654
P5025,2019-09,114,48.15,5489.54,0.2037
P5031,2019-09,126,46.71,5885.67,0.1926
P5033,2019-09,114,43.24,4929.52,0.161
P5039,2019-09,111,44.24,4910.41,0.1663
P5040,2019-09,111,42.57,4725.13,0.1944
P5041,2019-09,112,43.06,4822.85,0.1941
P5042,2019-09,244,48.37,11802.15,0.176
P5043,2019-09,119,47.83,5691.67,0.1808
P5045,2019-09,113,42.83,4840.04,0.176
P5046,2019-09,121,49.47,5985.33,0.2035
P5049,2019-09,97,64.69,6274.84,0.0735
P5051,2019-09,93,55.52,5163.54,0.0953
P5052,2019-09,101,64.72,6536.59,0.0706
P5056,2019-09,102,59.51,6069.79,0.0619
P5057,2019-09,98,58.64,5746.25,0.0739
P5060,2019-09,93,55.85,5194.43,0.1044
P5061,2019-09,95,57.33,5446.69,0.075
P5063,2019-09,103,58.28,6002.61,0.0894
P5065,2019-09,92,60.17,5535.66,0.1084
P5066,2019-09,99,64.56,6391.71,0.1055
P5067,2019-09,100,57.86,5786.2,0.1041
P5068,2019-09,90,64.08,5766.85,0.0669
P5073,2019-09,101,60.14,6074.26,0.0747
P5074,2019-09,100,63.74,6374.1,0.1071
P5076,2019-09,98,61.24,6001.36,0.0922
P5077,2019-09,91,63.93,5818.02,0.0616
P5078,2019-09,97,62.52,6064.6,0.0626
P5086,2019-09,208,57.85,12032.2,0.0949
P5088,2019-09,101,64.72,6536.43,0.0618
P5089,2019-09,98,63.51,6224.24,0.0943
P5091,2019-09,100,63.71,6370.65,0.0623
P5092,2019-09,94,63.75,5992.09,0.0954
P5096,2019-09,98,60.82,5960.36,0.0928
P5097,2019-09,50,61.14,3057.06,0.0972
P5099,2019-09,100,56.41,5641.21,0.0647
P5101,2019-09,101,55.66,5622.15,0.0681
P5105,2019-09,98,61.94,6070.2,0.1058
P5106,2019-09,94,59.41,5584.07,0.087
P5110,2019-09,94,63.45,5963.84,0.0736
P5117,2019-09,91,61.98,5639.97,0.0661
P5118,2019-09,91,62.87,5720.99,0.095
P5001,2019-10,83,145.38,12066.93,0.0908
P5002,2019-10,82,148.03,12138.52,0.0642
P5003,2019-10,82,146.07,11977.73,0.0715
P5009,2019-10,84,152.22,12786.32,0.0754
P5010,2019-10,80,146.23,11698.74,0.0693
P5012,2019-10,87,150.98,13135.27,0.0651
P5014,2019-10,85,153.29,13029.67,0.0605
P5017,2019-10,88,148.23,13044.42,0.0811
P5020,2019-10,91,148.74,13535.41,0.0679
P5024,2019-10,87,146.36,12733.56,0.0899
P5025,2019-10,111,48.96,5434.36,0.1866
P5031,2019-10,112,49.51,5545.3,0.2021
P5033,2019-10,110,47.74,5251.74,0.1624
P5039,2019-10,124,42.87,5315.82,0.1606
P5040,2019-10,124,43.76,5426.03,0.1696
P5041,2019-10,116,41.95,4865.75,0.2072
P5042,2019-10,125,43.46,5432.66,0.1853
P5043,2019-10,123,44.81,5511.92,0.1713
P5045,2019-10,125,48.57,6071.76,0.1741
P5046,2019-10,113,44.92,5076.15,0.1859
P5049,2019-10,95,55.59,5281.15,0.1019
P5051,2019-10,94,56.31,5293.51,0.0794
P5052,2019-10,97,56.9,5519.47,0.0706
P5056,2019-10,91,62.99,5732.1,0.1093
P5057,2019-10,95,64.43,6121.12,0.0954
P5060,2019-10,100,59.95,5995.15,0.1086
P5061,2019-10,102,62.64,6389.45,0.0687
P5063,2019-10,99,56.91,5634.02,0.1094
P5065,2019-10,100,61.11,6111.12,0.0997
P5066,2019-10,91,62.15,5655.99,0.1031
P5067,2019-10,92,57.99,5335.44,0.0789
P5068,2019-10,93,59.3,5514.7,0.0652
P5073,2019-10,98,64.33,6303.87,0.0713
P5074,2019-10,98,61.6,6036.32,0.1045
P5076,2019-10,91,62.71,5706.9,0.0758
P5077,2019-10,97,56.93,5522.67,0.0631
P5078,2019-10,93,55.99,5206.92,0.1076
P5086,2019-10,93,60.32,5610.18,0.1053
P5088,2019-10,96,56.88,5460.08,0.0786
P5089,2019-10,96,57.04,5476.14,0.0728
P5091,2019-10,103,62.71,6459.48,0.0684
P5092,2019-10,90,63.51,5715.64,0.0638
P5096,2019-10,93,64.71,6018.19,0.1015
P5097,2019-10,95,63.38,6020.91,0.0849
P5099,2019-10,90,62.8,5651.95,0.0805
P5101,2019-10,92,60.4,5556.67,0.0929
P5105,2019-10,93,55.87,5195.48,0.0891
P5106,2019-10,100,63.29,6329.41,0.0893
P5108,2019-10,91,64.94,5909.95,0.0653
P5110,2019-10,91,64.13,5835.82,0.0998
P5117,2019-10,101,58.89,5948.12,0.1082
P5118,2019-10,90,61.74,5556.86,0.1039
P5001,2019-11,140,146.14,20460.17,0.0664
P5002,2019-11,143,147.55,21099.11,0.0919
P5003,2019-11,148,148.8,22022.08,0.0667
P5007,2019-11,146,149.27,21793.78,0.0658
P5009,2019-11,143,152.59,21820.4,0.0619
P5010,2019-11,132,154.72,20422.4,0.0923
P5012,2019-11,135,145.06,19583.67,0.1
P5014,2019-11,139,150.53,20924.3,0.1072
P5017,2019-11,139,154.31,21448.66,0.0644
P5020,2019-11,140,150.91,21126.78,0.064
P5024,2019-11,146,150.54,21978.43,0.0912
P5025,2019-11,207,40.27,8336.2,0.1972
P5031,2019-11,181,42.18,7634.16,0.2085
P5033,2019-11,203,43.38,8806.62,0.1836
P5039,2019-11,191,42.57,8131.46,0.1616
P5040,2019-11,206,41.54,8556.61,0.1825
P5041,2019-11,448,42.87,19207.25,0.2083
P5042,2019-11,203,41.12,8346.91,0.1809
P5043,2019-11,185,48.36,8947.02,0.2044
P5045,2019-11,195,48.89,9534.27,0.1752
P5046,2019-11,207,43.58,9020.21,0.2025
P5049,2019-11,169,57.9,9785.37,0.0791
P5051,2019-11,167,58.55,9777.4,0.0821
P5052,2019-11,162,60.1,9736.51,0.0989
P5056,2019-11,148,61.23,9062.76,0.073
P5057,2019-11,166,63.15,10482.08,0.0604
P5060,2019-11,167,57.56,9612.75,0.0682
P5061,2019-11,170,64.87,11027.75,0.1062
P5063,2019-11,61,64.72,3948.15,0.0832
P5065,2019-11,167,62.93,10508.92,0.1028
P5066,2019-11,148,59.65,8828.01,0.0745
P5067,2019-11,162,58.73,9513.54,0.0846
P5068,2019-11,163,56.63,9230.81,0.1005
P5073,2019-11,155,59.16,9170.07,0.0747
P5074,2019-11,168,58.11,9762.53,0.0896
P5076,2019-11,170,61.49,10452.92,0.0614
P5077,2019-11,150,56.57,8485.27,0.0712
P5078,2019-11,162,61.84,10018.86,0.0859
P5086,2019-11,161,59.35,9554.71,0.0779
P5088,2019-11,151,64.78,9782.03,0.0616
P5089,2019-11,154,61.89,9530.31,0.0703
P5091,2019-11,154,55.08,8481.68,0.0912
P5092,2019-11,153,59.7,9134.08,0.0849
P5096,2019-11,161,63.49,10221.19,0.0793
P5097,2019-11,170,64.69,10998.14,0.0871
P5099,2019-11,154,61.5,9470.59,0.081
P5101,2019-11,168,61.02,10252.11,0.0959
P5105,2019-11,159,64.25,10216.25,0.0847
P5106,2019-11,170,63.51,10796.07,0.0992
P5108,2019-11,154,56.74,8738.31,0.0934
P5110,2019-11,169,62.66,10590.04,0.0678
P5111,2019-11,149,56.54,8424.51,0.0713
P5117,2019-11,164,56.55,9273.59,0.0883
P5118,2019-11,149,59.99,8938.21,0.08
P5001,2019-12,147,153.61,22580.23,0.0915
P5002,2019-12,146,151.3,22090.14,0.1045
P5003,2019-12,144,150.73,21705.62,0.0771
P5007,2019-12,140,154.19,21586.75,0.079
P5009,2019-12,143,152.5,21808.05,0.107
P5010,2019-12,132,153.82,20303.6,0.072
P5012,2019-12,134,145.7,19524.31,0.0667
P5014,2019-12,138,150.78,20808.3,0.1039
P5017,2019-12,150,145.48,21821.69,0.1012
P5020,2019-12,133,145.61,19365.51,0.0743
P5024,2019-12,149,149.39,22259.5,0.097
P5025,2019-12,189,44.66,8440.29,0.2007
P5031,2019-12,185,40.44,7481.28,0.1775
P5033,2019-12,187,48.66,9099.97,0.1789
P5039,2019-12,202,41.06,8294.02,0.197
P5040,2019-12,200,47.4,9479.26,0.1831
P5041,2019-12,202,45.76,9243.73,0.2032
P5042,2019-12,193,47.4,9148.52,0.1664
P5043,2019-12,186,48.33,8989.77,0.1651
P5044,2019-12,194,41.75,8100.36,0.1978
P5045,2019-12,75,46.34,3475.38,0.1755
P5046,2019-12,184,48.06,8843.22,0.1937
P5049,2019-12,150,64.55,9681.76,0.0646
P5051,2019-12,150,56.02,8403.59,0.0939
P5052,2019-12,167,59.44,9926.76,0.1023
P5056,2019-12,156,57.56,8979.92,0.0955
P5057,2019-12,151,58.7,8864.16,0.0929
P5060,2019-12,153,58.08,8886.97,0.0907
P5061,2019-12,160,61.51,9840.99,0.0904
P5063,2019-12,154,59.76,9202.85,0.0822
P5065,2019-12,164,60.48,9919.42,0.0833
P5066,2019-12,151,59.02,8911.59,0.0683
P5067,2019-12,165,63.61,10495.29,0.0636
P5068,2019-12,158,59.77,9443.11,0.0628
P5073,2019-12,163,60.34,9836.03,0.0729
P5074,2019-12,169,59.53,10060.15,0.0835
P5076,2019-12,158,59.03,9326.51,0.0726
P5077,2019-12,159,60.57,9630.16,0.0735
P5078,2019-12,161,60.34,9714.51,0.0983
P5086,2019-12,149,59.85,8917.45,0.094
P5088,2019-12,153,62.96,9632.82,0.1015
P5089,2019-12,77,64.93,4999.96,0.092
P5091,2019-12,164,56.05,9192.21,0.0763
P5092,2019-12,151,63.98,9660.9,0.0743
P5096,2019-12,150,61.97,9295.26,0.0882
P5097,2019-12,150,63.94,9591.74,0.0899
P5099,2019-12,167,63.28,10567.95,0.065
P5101,2019-12,151,61.65,9309.26,0.0823
P5105,2019-12,166,57.89,9609.94,0.1077
P5106,2019-12,149,63.63,9481.12,0.0633
P5108,2019-12,169,60.24,10181.04,0.0906
P5110,2019-12,169,64.65,10925.37,0.0849
P5111,2019-12,157,61.06,9586.42,0.0991
P5112,2019-12,166,58.1,9644.26,0.0919
P5117,2019-12,163,64.15,10456.99,0.0663
P5118,2019-12,164,57.42,9416.56,0.0833
P5001,2020-01,116,151.82,17610.68,0.106
P5002,2020-01,123,149.17,18348.09,0.0638
P5007,2020-01,49,147.91,7247.82,0.0639
P5009,2020-01,122,145.45,17744.59,0.0973
P5010,2020-01,131,153.22,20072.33,0.066
P5012,2020-01,124,148.13,18368.38,0.1007
P5014,2020-01,127,150.13,19066.47,0.0857
P5017,2020-01,125,147.9,18487.51,0.0708
P5020,2020-01,120,151.81,18217.21,0.073
P5024,2020-01,127,150.64,19131.51,0.1037
P5025,2020-01,179,48.98,8766.84,0.2266
P5031,2020-01,182,48.38,8805.49,0.2619
P5033,2020-01,160,48.28,7724.2,0.231
P5039,2020-01,161,46.07,7417.11,0.2523
P5040,2020-01,179,49.74,8903.98,0.2681
P5041,2020-01,175,41.83,7321.04,0.2666
P5043,2020-01,163,44.02,7175.77,0.2424
P5044,2020-01,172,48.18,8287.02,0.2414
P5045,2020-01,171,44.88,7674.67,0.2405
P5046,2020-01,173,42.01,7267.28,0.2296
P5049,2020-01,144,57.62,8297.34,0.0933
P5051,2020-01,143,59.44,8499.65,0.0916
P5052,2020-01,137,55.99,7670.28,0.0799
P5056,2020-01,135,61.96,8364.71,0.0614
P5060,2020-01,144,63.9,9201.11,0.0964
P5061,2020-01,138,56.27,7765.69,0.0924
P5063,2020-01,137,56.49,7738.5,0.1045
P5065,2020-01,147,56.41,8291.92,0.1003
P5066,2020-01,144,62.13,8946.89,0.085
P5067,2020-01,137,55.64,7622.72,0.0671
P5068,2020-01,136,56.15,7636.02,0.0611
P5073,2020-01,143,63.57,9090.44,0.0624
P5074,2020-01,140,56.08,7850.91,0.0991
P5076,2020-01,143,62.76,8975.37,0.0952
P5077,2020-01,130,57.54,7480.41,0.0902
P5078,2020-01,138,58.73,8104.54,0.0951
P5086,2020-01,137,62.18,8518.69,0.0931
P5088,2020-01,133,64.84,8623.43,0.0887
P5089,2020-01,147,57.62,8470.02,0.0992
P5091,2020-01,144,59.31,8540.8,0.066
P5092,2020-01,142,55.04,7816.25,0.088
P5096,2020-01,145,60.83,8820.87,0.104
P5098,2020-01,134,55.28,7407.25,0.0884
P5099,2020-01,143,61.07,8733.6,0.1092
P5101,2020-01,130,61.01,7931.84,0.0916
P5105,2020-01,134,56.77,7607.14,0.0778
P5106,2020-01,141,55.26,7791.98,0.0982
P5108,2020-01,145,57.17,8288.95,0.1086
P5110,2020-01,141,56.36,7947.19,0.0967
P5111,2020-01,136,64.88,8823.44,0.0881
P5112,2020-01,138,62.29,8596.58,0.068
P5117,2020-01,135,64.17,8662.37,0.0939
P5118,2020-01,56,58.94,3300.41,0.0858
P5001,2020-02,122,152.88,18651.12,0.0922
P5002,2020-02,116,154.3,17899.32,0.1
P5007,2020-02,130,145.46,18910.13,0.0656
P5009,2020-02,117,150.99,17665.66,0.104
P5010,2020-02,116,154.47,17919.09,0.0775
P5012,2020-02,123,146.52,18022.17,0.0842
P5014,2020-02,116,154.27,17894.83,0.0812
P5017,2020-02,129,146.34,18878.23,0.0899
P5020,2020-02,128,149.93,19191.0,0.0892
P5024,2020-02,130,150.41,19552.94,0.1053
P5025,2020-02,163,41.39,6747.38,0.2473
P5031,2020-02,178,46.81,8331.65,0.2493
P5033,2020-02,162,43.75,7086.96,0.2692
P5039,2020-02,164,41.47,6800.67,0.255
P5040,2020-02,162,49.44,8010.0,0.2685
P5041,2020-02,163,46.89,7642.77,0.2461
P5043,2020-02,163,41.97,6840.9,0.257
P5044,2020-02,177,47.59,8423.05,0.2261
P5045,2020-02,162,45.32,7341.37,0.2293
P5046,2020-02,182,45.15,8218.11,0.232
P5049,2020-02,137,55.81,7646.01,0.0871
P5051,2020-02,58,63.78,3699.33,0.0971
P5052,2020-02,137,56.75,7774.63,0.0745
P5056,2020-02,138,56.72,7826.76,0.0637
P5060,2020-02,142,63.72,9048.36,0.0635
P5061,2020-02,147,60.69,8920.83,0.0711
P5063,2020-02,142,61.52,8735.68,0.1053
P5065,2020-02,143,55.42,7925.26,0.0916
P5066,2020-02,133,58.46,7774.81,0.0831
P5067,2020-02,133,55.76,7416.03,0.0849
P5068,2020-02,136,55.34,7525.77,0.1083
P5073,2020-02,145,59.04,8560.5,0.0685
P5074,2020-02,139,64.56,8973.18,0.1085
P5076,2020-02,142,60.2,8548.56,0.0788
P5077,2020-02,144,58.89,8479.77,0.0724
P5078,2020-02,137,62.77,8598.87,0.1039
P5086,2020-02,140,59.72,8361.12,0.1032
P5088,2020-02,138,64.35,8879.87,0.1089
P5089,2020-02,134,60.51,8107.77,0.0837
P5091,2020-02,144,59.75,8604.13,0.0911
P5092,2020-02,141,58.78,8287.65,0.0927
P5096,2020-02,137,61.51,8427.5,0.0877
P5098,2020-02,137,58.89,8067.71,0.1042
P5099,2020-02,134,56.95,7631.51,0.0876
P5101,2020-02,131,64.62,8465.19,0.1098
P5105,2020-02,141,64.38,9077.02,0.0737
P5106,2020-02,148,55.53,8218.42,0.0758
P5108,2020-02,144,55.25,7955.95,0.077
P5110,2020-02,136,59.83,8136.21,0.0743
P5111,2020-02,138,56.17,7751.51,0.074
P5112,2020-02,138,61.52,8489.94,0.1089
P5115,2020-02,139,61.75,8583.87,0.0654
P5117,2020-02,148,57.61,8526.44,0.0924
P5118,2020-02,138,62.47,8620.43,0.0645
P5119,2020-02,147,59.62,8764.12,0.0865
P5001,2020-03,126,147.3,18560.16,0.0793
P5002,2020-03,129,152.57,19681.33,0.1093
P5007,2020-03,124,153.4,19022.21,0.0873
P5009,2020-03,118,154.75,18260.2,0.0652
P5010,2020-03,125,147.53,18441.77,0.1043
P5012,2020-03,130,152.35,19805.44,0.1011
P5014,2020-03,125,150.91,18863.24,0.1002
P5017,2020-03,127,150.32,19090.99,0.0703
P5020,2020-03,116,154.66,17940.57,0.0642
P5024,2020-03,132,151.12,19948.46,0.1052
P5025,2020-03,164,45.85,7519.51,0.2498
P5031,2020-03,176,48.89,8604.19,0.2376
P5033,2020-03,177,44.97,7958.83,0.2433
P5039,2020-03,160,49.15,7864.22,0.2661
P5040,2020-03,181,47.75,8642.25,0.2515
P5041,2020-03,173,44.73,7738.07,0.2404
P5043,2020-03,167,49.06,8193.19,0.23
P5044,2020-03,177,44.39,7856.75,0.2345
P5045,2020-03,161,45.7,7357.08,0.2326
P5046,2020-03,168,44.15,7416.87,0.2307
P5049,2020-03,146,61.92,9040.12,0.0938
P5051,2020-03,149,58.85,8768.52,0.0695
P5052,2020-03,137,59.98,8217.61,0.1069
P5056,2020-03,142,64.24,9122.43,0.0628
P5060,2020-03,149,63.93,9525.79,0.0941
P5061,2020-03,139,55.88,7767.11,0.0671
P5063,2020-03,136,56.0,7615.8,0.0826
P5065,2020-03,147,61.14,8987.23,0.0633
P5066,2020-03,133,57.82,7690.41,0.1094
P5067,2020-03,137,62.46,8556.6,0.0836
P5068,2020-03,135,60.07,8109.37,0.0701
P5073,2020-03,142,57.53,8168.79,0.079
P5074,2020-03,147,62.06,9122.99,0.095
P5076,2020-03,145,64.56,9361.51,0.0923
P5077,2020-03,143,56.99,8148.86,0.1054
P5078,2020-03,145,63.62,9224.4,0.0632
P5081,2020-03,67,57.54,3855.24,0.0943
P5086,2020-03,146,59.26,8651.96,0.0792
P5088,2020-03,133,57.62,7663.63,0.0871
P5089,2020-03,134,56.82,7613.23,0.1018
P5091,2020-03,138,57.27,7903.37,0.0847
P5092,2020-03,143,59.06,8445.86,0.0641
P5096,2020-03,134,62.45,8368.9,0.0785
P5098,2020-03,139,64.37,8947.26,0.0677
P5099,2020-03,131,63.4,8305.21,0.0733
P5101,2020-03,145,60.82,8819.19,0.0971
P5105,2020-03,149,60.51,9015.86,0.1011
P5106,2020-03,142,55.87,7934.16,0.1001
P5108,2020-03,138,64.46,8896.09,0.0683
P5110,2020-03,145,56.61,8208.4,0.0644
P5111,2020-03,135,61.11,8250.12,0.0854
P5112,2020-03,146,56.25,8212.6,0.0649
P5115,2020-03,133,59.66,7935.06,0.0972
P5117,2020-03,148,56.37,8343.44,0.0692
P5118,2020-03,132,61.19,8076.47,0.0607
P5119,2020-03,145,58.44,8474.02,0.1081
P5001,2020-04,122,147.69,18017.66,0.1013
P5002,2020-04,128,149.93,19190.46,0.074
P5007,2020-04,117,151.13,17681.66,0.0979
P5009,2020-04,123,149.99,18448.94,0.0816
P5010,2020-04,132,146.1,19285.03,0.0649
P5012,2020-04,129,148.79,19193.54,0.0705
P5014,2020-04,117,151.37,17710.45,0.0898
P5017,2020-04,131,151.09,19792.56,0.0827
P5020,2020-04,128,147.18,18838.54,0.0805
P5024,2020-04,121,152.68,18474.79,0.06
P5025,2020-04,165,48.25,7961.16,0.2613
P5031,2020-04,164,48.2,7904.86,0.2492
P5032,2020-04,178,41.23,7338.32,0.253
P5033,2020-04,169,45.8,7740.65,0.2514
P5039,2020-04,182,45.25,8236.39,0.2366
P5040,2020-04,167,45.8,7647.83,0.233
P5041,2020-04,170,46.49,7902.88,0.2553
P5043,2020-04,178,43.59,7758.8,0.2368
P5044,2020-04,162,42.55,6892.76,0.2556
P5045,2020-04,356,45.59,16230.53,0.2292
P5046,2020-04,175,44.56,7797.51,0.2265
P5049,2020-04,140,60.88,8522.67,0.0944
P5051,2020-04,133,61.46,8173.71,0.0622
P5052,2020-04,147,62.94,9252.2,0.1073
P5056,2020-04,139,64.68,8990.78,0.0757
P5060,2020-04,142,61.71,8762.18,0.092
P5061,2020-04,140,58.2,8148.37,0.0872
P5063,2020-04,143,60.18,8605.76,0.0894
P5065,2020-04,138,59.39,8195.81,0.0858
P5066,2020-04,149,64.09,9550.1,0.0952
P5067,2020-04,136,62.55,8507.42,0.0628
P5068,2020-04,147,55.76,8197.17,0.0703
P5073,2020-04,143,64.18,9177.37,0.0682
P5074,2020-04,140,57.68,8074.92,0.0704
P5076,2020-04,130,62.14,8078.39,0.0625
P5077,2020-04,143,58.93,8427.19,0.0623
P5078,2020-04,147,58.79,8642.1,0.0926
P5081,2020-04,143,60.54,8657.53,0.0729
P5086,2020-04,146,63.34,9247.71,0.0753
P5088,2020-04,130,57.42,7464.66,0.0977
P5089,2020-04,133,59.36,7894.97,0.098
P5091,2020-04,133,62.11,8260.35,0.0891
P5092,2020-04,141,58.63,8266.8,0.0728
P5096,2020-04,144,62.05,8935.62,0.0666
P5098,2020-04,142,63.75,9052.91,0.0794
P5099,2020-04,139,56.41,7841.64,0.0781
P5101,2020-04,140,62.86,8800.13,0.0835
P5105,2020-04,146,57.32,8368.87,0.0922
P5106,2020-04,143,56.52,8082.32,0.1009
P5108,2020-04,139,55.89,7768.2,0.1054
P5110,2020-04,131,63.42,8307.41,0.0616
P5111,2020-04,132,62.75,8282.36,0.1078
P5112,2020-04,136,61.5,8364.48,0.0815
P5115,2020-04,149,58.17,8667.07,0.0623
P5117,2020-04,146,61.57,8988.97,0.0831
P5118,2020-04,148,56.21,8318.34,0.1098
P5119,2020-04,135,64.92,8764.26,0.0683
P5001,2020-05,120,146.64,17597.0,0.0763
P5002,2020-05,125,154.45,19306.57,0.079
P5007,2020-05,120,148.26,17791.02,0.0678
P5009,2020-05,129,148.65,19176.4,0.0985
P5010,2020-05,128,151.99,19454.08,0.0888
P5012,2020-05,120,149.92,17989.9,0.0689
P5014,2020-05,130,151.22,19658.62,0.0629
P5017,2020-05,123,146.42,18009.46,0.1088
P5020,2020-05,127,151.75,19272.19,0.0906
P5024,2020-05,123,153.21,18844.42,0.0768
P5025,2020-05,177,46.4,8212.36,0.2614
P5028,2020-05,171,46.3,7917.58,0.2282
P5031,2020-05,66,45.41,2996.94,0.237
P5032,2020-05,161,40.29,6486.69,0.2458
P5033,2020-05,171,48.62,8313.58,0.2417
P5039,2020-05,174,48.71,8474.91,0.2423
P5040,2020-05,172,43.25,7438.38,0.2356
P5041,2020-05,172,42.03,7230.0,0.2251
P5043,2020-05,180,48.77,8778.11,0.2241
P5044,2020-05,174,44.09,7671.85,0.2694
P5045,2020-05,161,40.76,6562.04,0.233
P5046,2020-05,179,40.64,7274.46,0.2526
P5049,2020-05,136,56.88,7736.25,0.0893
P5051,2020-05,131,60.45,7919.41,0.0634
P5052,2020-05,133,64.55,8585.56,0.0698
P5056,2020-05,143,56.39,8064.42,0.0895
P5060,2020-05,137,63.38,8682.9,0.0661
P5061,2020-05,134,60.23,8071.29,0.0707
P5063,2020-05,147,60.31,8865.85,0.0858
P5065,2020-05,135,58.97,7961.12,0.0743
P5066,2020-05,148,57.05,8443.93,0.0602
P5067,2020-05,142,55.24,7844.22,0.088
P5068,2020-05,131,57.28,7503.53,0.0918
P5073,2020-05,133,62.24,8277.61,0.0994
P5074,2020-05,135,55.32,7468.76,0.0792
P5076,2020-05,132,58.43,7712.58,0.1017
P5077,2020-05,149,58.63,8735.16,0.077
P5078,2020-05,133,57.42,7637.24,0.0738
P5081,2020-05,136,62.3,8473.26,0.0603
P5086,2020-05,148,55.83,8263.19,0.0622
P5088,2020-05,140,60.3,8442.38,0.1092
P5089,2020-05,143,57.63,8240.91,0.0633
P5091,2020-05,145,57.01,8266.5,0.1088
P5092,2020-05,147,61.66,9064.03,0.086
P5096,2020-05,131,56.4,7388.44,0.0964
P5098,2020-05,142,64.6,9173.48,0.0693
P5099,2020-05,147,62.58,9198.56,0.1
P5101,2020-05,134,55.0,7370.55,0.0957
P5105,2020-05,149,55.85,8321.82,0.102
P5106,2020-05,148,57.75,8546.83,0.1006
P5108,2020-05,133,55.78,7418.7,0.0714
P5110,2020-05,135,64.78,8745.88,0.0616
P5111,2020-05,133,58.23,7744.54,0.0738
P5112,2020-05,141,61.69,8698.56,0.0778
P5115,2020-05,139,61.62,8565.53,0.0919
P5117,2020-05,138,56.8,7838.55,0.0761
P5118,2020-05,130,64.55,8392.01,0.0826
P5119,2020-05,140,61.56,8619.05,0.0969
P5001,2020-06,147,149.77,22015.56,0.1086
P5002,2020-06,139,147.96,20565.95,0.1025
P5007,2020-06,143,146.51,20951.52,0.0757
P5009,2020-06,142,147.27,20912.38,0.0987
P5010,2020-06,134,151.73,20331.71,0.0656
P5012,2020-06,150,152.52,22877.79,0.0635
P5014,2020-06,137,146.45,20064.22,0.1044
P5017,2020-06,148,153.59,22731.91,0.096
P5020,2020-06,141,153.66,21666.72,0.0662
P5024,2020-06,278,153.42,42651.99,0.0721
P5025,2020-06,199,44.36,8826.69,0.249
P5028,2020-06,200,47.42,9484.42,0.2209
P5031,2020-06,207,45.38,9393.34,0.2465
P5032,2020-06,187,48.58,9084.39,0.22
P5033,2020-06,197,49.42,9735.3,0.2324
P5039,2020-06,189,40.78,7707.33,0.2236
P5040,2020-06,185,46.3,8565.3,0.2375
P5041,2020-06,210,40.7,8547.65,0.2542
P5043,2020-06,183,45.7,8363.12,0.2605
P5044,2020-06,200,46.18,9235.4,0.2546
P5045,2020-06,202,43.53,8793.89,0.2647
P5046,2020-06,188,47.73,8973.39,0.2205
P5049,2020-06,166,57.95,9620.41,0.0733
P5051,2020-06,159,60.13,9560.04,0.069
P5052,2020-06,157,55.26,8675.31,0.0866
P5056,2020-06,152,61.15,9294.56,0.0851
P5060,2020-06,168,64.98,10915.95,0.0948
P5061,2020-06,159,60.41,9605.77,0.1014
P5063,2020-06,150,64.16,9624.61,0.0733
P5065,2020-06,156,56.26,8776.98,0.0734
P5066,2020-06,171,60.12,10280.46,0.104
P5067,2020-06,167,57.92,9672.09,0.0775
P5068,2020-06,163,55.82,9098.75,0.0783
P5073,2020-06,153,57.79,8842.07,0.0711
P5074,2020-06,170,59.49,10113.73,0.0698
P5076,2020-06,159,62.14,9880.62,0.0634
P5077,2020-06,163,57.34,9347.2,0.0753
P5078,2020-06,166,59.69,9908.33,0.0681
P5081,2020-06,154,56.55,8709.14,0.0884
P5086,2020-06,170,60.13,10221.71,0.1007
P5088,2020-06,162,64.5,10449.4,0.0781
P5089,2020-06,166,57.81,9596.52,0.0677
P5091,2020-06,171,62.13,10623.49,0.09
P5092,2020-06,159,56.56,8992.81,0.0603
P5096,2020-06,171,59.58,10188.45,0.086
P5098,2020-06,152,61.89,9406.55,0.0682
P5099,2020-06,171,58.98,10085.92,0.1084
P5100,2020-06,158,58.09,9178.96,0.0731
P5101,2020-06,166,61.13,10147.11,0.0931
P5103,2020-06,155,55.95,8672.59,0.0646
P5105,2020-06,171,55.92,9562.48,0.061
P5106,2020-06,162,63.48,10283.56,0.0937
P5108,2020-06,164,55.16,9045.61,0.0697
P5110,2020-06,161,57.94,9327.73,0.0616
P5111,2020-06,169,56.78,9596.36,0.0645
P5112,2020-06,168,57.82,9714.35,0.075
P5115,2020-06,153,59.74,9140.17,0.0928
P5117,2020-06,155,56.66,8782.78,0.0716
P5118,2020-06,166,64.48,10703.74,0.0949
P5119,2020-06,165,63.99,10558.31,0.0928
P5001,2020-07,77,150.29,11572.08,0.0899
P5002,2020-07,145,154.97,22471.29,0.0676
P5007,2020-07,152,153.5,23331.68,0.0816
P5009,2020-07,145,152.2,22069.43,0.0864
P5010,2020-07,142,154.5,21939.28,0.1019
P5012,2020-07,147,152.91,22478.28,0.0798
P5014,2020-07,145,147.52,21390.21,0.0824
P5017,2020-07,145,152.99,22184.04,0.0986
P5020,2020-07,133,154.68,20572.85,0.107
P5024,2020-07,138,145.5,20079.41,0.0981
P5025,2020-07,206,47.3,9744.71,0.2347
P5028,2020-07,187,42.01,7855.79,0.2531
P5031,2020-07,203,44.84,9103.09,0.2405
P5032,2020-07,196,48.07,9422.65,0.2273
P5033,2020-07,207,48.05,9945.76,0.2372
P5039,2020-07,206,41.13,8473.47,0.2457
P5040,2020-07,185,40.72,7532.48,0.2279
P5041,2020-07,183,46.31,8473.93,0.2398
P5043,2020-07,191,46.99,8975.31,0.2509
P5044,2020-07,192,41.27,7924.47,0.2206
P5045,2020-07,197,46.52,9164.0,0.2546
P5046,2020-07,210,43.34,9101.75,0.2588
P5049,2020-07,168,57.72,9697.57,0.11
P5051,2020-07,150,62.86,9429.08,0.0629
P5052,2020-07,157,62.87,9870.84,0.072
P5056,2020-07,159,60.81,9668.27,0.0987
P5059,2020-07,163,61.03,9948.1,0.069
P5060,2020-07,171,55.09,9420.21,0.0901
P5061,2020-07,162,63.67,10314.57,0.0782
P5063,2020-07,160,58.7,9391.58,0.1092
P5065,2020-07,167,57.98,9682.99,0.0605
P5066,2020-07,162,55.94,9063.06,0.0895
P5067,2020-07,153,59.91,9166.53,0.0819
P5068,2020-07,155,61.13,9475.81,0.0641
P5073,2020-07,169,58.8,9936.41,0.0772
P5074,2020-07,172,64.63,11117.13,0.0696
P5076,2020-07,152,61.04,9278.25,0.0709
P5077,2020-07,165,64.71,10677.92,0.1033
P5078,2020-07,160,58.64,9382.81,0.0928
P5081,2020-07,150,55.29,8293.48,0.0854
P5086,2020-07,157,64.93,10193.38,0.0945
P5088,2020-07,171,60.4,10328.35,0.0631
P5089,2020-07,159,60.36,9596.76,0.0666
P5091,2020-07,171,58.88,10069.02,0.0847
P5092,2020-07,165,64.15,10585.53,0.0824
P5096,2020-07,170,59.02,10032.72,0.101
P5098,2020-07,349,62.43,21789.04,0.07
P5099,2020-07,172,57.38,9869.48,0.0794
P5100,2020-07,166,64.32,10676.53,0.0675
P5101,2020-07,156,57.1,8907.28,0.0859
P5103,2020-07,155,59.24,9182.07,0.0654
P5105,2020-07,156,60.25,9399.48,0.0821
P5106,2020-07,160,60.94,9750.96,0.0915
P5108,2020-07,156,56.66,8839.1,0.0738
P5110,2020-07,165,55.21,9109.21,0.0909
P5111,2020-07,165,56.23,9277.71,0.1056
P5112,2020-07,151,55.54,8387.24,0.1051
P5115,2020-07,157,58.21,9138.27,0.082
P5117,2020-07,166,55.05,9137.96,0.1003
P5118,2020-07,321,62.35,20014.51,0.0677
P5119,2020-07,154,59.54,9168.5,0.0653
P5001,2020-08,123,149.69,18412.34,0.0749
P5002,2020-08,125,150.51,18813.92,0.1024
P5007,2020-08,124,150.07,18608.69,0.0922
P5008,2020-08,128,145.65,18642.75,0.0678
P5009,2020-08,120,153.58,18429.8,0.1064
P5010,2020-08,116,145.95,16930.27,0.0664
P5012,2020-08,121,148.66,17988.41,0.0931
P5013,2020-08,129,154.45,19924.45,0.064
P5014,2020-08,120,152.0,18239.71,0.0658
P5017,2020-08,119,149.84,17831.16,0.1041
P5020,2020-08,131,145.61,19075.39,0.0813
P5024,2020-08,130,154.16,20040.27,0.0754
P5025,2020-08,180,40.62,7310.84,0.2296
P5028,2020-08,161,48.02,7731.63,0.2543
P5031,2020-08,177,47.33,8378.18,0.2626
P5032,2020-08,183,48.69,8910.29,0.2558
P5033,2020-08,169,48.84,8254.55,0.2654
P5039,2020-08,182,46.7,8498.65,0.268
P5040,2020-08,160,45.53,7284.45,0.2333
P5041,2020-08,179,40.64,7275.38,0.2588
P5043,2020-08,165,45.67,7535.68,0.2226
P5044,2020-08,177,45.14,7989.64,0.2633
P5045,2020-08,169,45.16,7632.38,0.2548
P5046,2020-08,176,44.68,7863.75,0.239
P5047,2020-08,162,48.87,7916.21,0.2427
P5049,2020-08,132,56.29,7430.56,0.0994
P5051,2020-08,137,59.4,8137.73,0.0826
P5052,2020-08,134,57.84,7751.03,0.0838
P5056,2020-08,137,56.37,7722.39,0.0764
P5059,2020-08,148,59.84,8856.88,0.106
P5060,2020-08,147,58.13,8545.51,0.0815
P5061,2020-08,143,55.64,7955.99,0.0878
P5063,2020-08,141,61.26,8637.07,0.0858
P5065,2020-08,131,59.24,7760.92,0.0637
P5066,2020-08,138,59.92,8269.26,0.0755
P5067,2020-08,133,64.93,8635.46,0.0796
P5068,2020-08,148,64.64,9567.36,0.0984
P5073,2020-08,132,63.21,8343.87,0.1099
P5074,2020-08,144,55.76,8029.83,0.0708
P5076,2020-08,142,61.75,8768.3,0.0997
P5077,2020-08,143,60.43,8642.08,0.0845
P5078,2020-08,133,62.86,8360.35,0.0994
P5081,2020-08,136,63.76,8670.74,0.0618
P5086,2020-08,145,62.91,9121.7,0.0624
P5088,2020-08,147,55.79,8201.57,0.1091
P5089,2020-08,149,61.42,9151.85,0.0675
P5091,2020-08,135,55.69,7517.71,0.0824
P5092,2020-08,134,64.55,8649.53,0.1039
P5096,2020-08,135,55.54,7497.31,0.0601
P5098,2020-08,132,62.95,8308.79,0.0934
P5099,2020-08,135,57.64,7781.94,0.069
P5100,2020-08,143,64.24,9185.77,0.0757
P5101,2020-08,134,58.2,7799.28,0.0941
P5103,2020-08,149,63.94,9526.64,0.087
P5105,2020-08,139,59.36,8250.73,0.068
P5106,2020-08,135,58.01,7830.93,0.0886
P5108,2020-08,139,64.45,8958.37,0.074
P5110,2020-08,132,58.5,7722.22,0.1059
P5111,2020-08,145,62.98,9131.69,0.0812
P5112,2020-08,139,64.6,8979.48,0.1029
P5115,2020-08,145,57.28,8305.47,0.0768
P5117,2020-08,144,60.92,8772.78,0.0675
P5118,2020-08,139,63.48,8823.23,0.0992
P5119,2020-08,148,55.36,8193.75,0.0989
P5001,2020-09,120,148.61,17833.0,0.0758
P5002,2020-09,116,150.53,17461.37,0.099
P5007,2020-09,119,151.07,17976.95,0.0712
P5008,2020-09,125,149.41,18676.12,0.0741
P5009,2020-09,117,152.91,17890.74,0.0699
P5010,2020-09,122,145.17,17710.62,0.0796
P5012,2020-09,123,149.55,18394.76,0.0908
P5013,2020-09,129,147.42,19017.07,0.0626
P5014,2020-09,118,147.21,17371.34,0.091
P5017,2020-09,130,145.63,18932.42,0.101
P5020,2020-09,45,153.58,6911.28,0.0671
P5024,2020-09,131,151.58,19856.97,0.1029
P5025,2020-09,169,40.2,6794.58,0.2638
P5028,2020-09,183,43.76,8008.6,0.2392
P5031,2020-09,170,44.25,7522.84,0.2301
P5032,2020-09,159,48.53,7715.68,0.2579
P5033,2020-09,168,44.61,7494.68,0.2394
P5039,2020-09,170,41.1,6987.0,0.2537
P5040,2020-09,174,43.62,7589.2,0.2368
P5041,2020-09,173,46.16,7986.26,0.2309
P5043,2020-09,172,48.73,8380.78,0.2695
P5044,2020-09,180,43.57,7843.38,0.2336
P5045,2020-09,166,46.73,7757.37,0.2401
P5046,2020-09,183,49.97,9144.04,0.2555
P5047,2020-09,160,40.72,6514.67,0.2579
P5049,2020-09,147,59.77,8786.31,0.0938
P5051,2020-09,145,62.67,9086.75,0.0816
P5052,2020-09,53,64.82,3435.64,0.0778
P5056,2020-09,148,61.15,9049.87,0.0667
P5059,2020-09,140,63.63,8907.96,0.0816
P5060,2020-09,132,60.73,8016.06,0.0962
P5061,2020-09,138,59.05,8148.81,0.0999
P5063,2020-09,137,62.99,8629.89,0.0759
P5065,2020-09,132,55.11,7274.74,0.0648
P5066,2020-09,142,56.99,8092.9,0.0662
P5067,2020-09,134,56.23,7534.41,0.1008
P5068,2020-09,142,56.52,8025.87,0.11
P5073,2020-09,139,62.01,8618.81,0.0759
P5074,2020-09,137,63.69,8725.33,0.0742
P5076,2020-09,145,59.4,8613.2,0.0647
P5077,2020-09,142,64.47,9154.83,0.1005
P5078,2020-09,131,59.23,7759.26,0.0798
P5081,2020-09,148,64.69,9574.48,0.0962
P5086,2020-09,144,61.24,8818.47,0.099
P5088,2020-09,133,56.44,7506.89,0.0938
P5089,2020-09,282,55.17,15557.55,0.1016
P5091,2020-09,140,56.22,7870.93,0.1011
P5092,2020-09,136,55.24,7512.94,0.0625
P5096,2020-09,142,64.53,9162.68,0.1
P5098,2020-09,147,56.0,8231.91,0.0923
P5099,2020-09,136,57.32,7795.58,0.0657
P5100,2020-09,139,55.49,7713.62,0.0906
P5101,2020-09,138,61.17,8441.21,0.1094
P5103,2020-09,131,63.91,8371.91,0.086
P5105,2020-09,138,58.91,8129.84,0.0639
P5106,2020-09,149,56.55,8426.69,0.0923
P5108,2020-09,134,61.08,8184.19,0.0695
P5110,2020-09,138,57.69,7960.77,0.0854
P5111,2020-09,135,57.25,7729.05,0.0922
P5112,2020-09,143,64.7,9252.05,0.0972
P5115,2020-09,149,58.9,8775.53,0.0682
P5117,2020-09,148,61.27,9068.39,0.1086
P5118,2020-09,143,63.33,9055.56,0.101
P5119,2020-09,139,63.59,8838.8,0.0842
P5001,2020-10,122,145.47,17746.85,0.1043
P5002,2020-10,131,153.76,20142.94,0.0777
P5007,2020-10,128,151.37,19375.01,0.0913
P5008,2020-10,120,145.69,17483.2,0.11
P5009,2020-10,121,147.41,17836.05,0.084
P5010,2020-10,125,153.06,19132.17,0.081
P5012,2020-10,116,151.23,17542.63,0.1018
P5013,2020-10,130,154.31,20059.67,0.0982
P5014,2020-10,126,151.53,19092.59,0.1079
P5017,2020-10,117,154.68,18097.81,0.0773
P5020,2020-10,132,150.2,19825.85,0.0624
P5024,2020-10,129,148.87,19204.29,0.0612
P5025,2020-10,177,46.8,8284.29,0.2298
P5028,2020-10,171,47.25,8079.35,0.2373
P5031,2020-10,344,42.15,14500.25,0.2505
P5032,2020-10,181,40.83,7390.88,0.2689
P5033,2020-10,169,48.2,8146.05,0.2349
P5039,2020-10,169,47.09,7958.79,0.2447
P5040,2020-10,163,45.12,7355.28,0.2658
P5041,2020-10,163,47.38,7722.7,0.2483
P5043,2020-10,160,45.35,7256.16,0.2681
P5044,2020-10,171,42.26,7225.66,0.2429
P5045,2020-10,170,40.25,6843.33,0.2645
P5046,2020-10,178,47.11,8386.19,0.2468
P5047,2020-10,176,46.01,8096.96,0.2621
P5049,2020-10,138,64.13,8850.62,0.067
P5051,2020-10,131,61.12,8006.24,0.1003
P5052,2020-10,137,60.4,8274.39,0.0714
P5056,2020-10,141,61.6,8685.97,0.1092
P5059,2020-10,145,56.02,8122.23,0.064
P5060,2020-10,142,63.93,9077.98,0.0707
P5061,2020-10,149,62.69,9340.65,0.0677
P5063,2020-10,140,55.35,7749.38,0.076
P5065,2020-10,142,64.14,9108.15,0.0824
P5066,2020-10,139,60.32,8384.63,0.0875
P5067,2020-10,135,63.75,8606.8,0.065
P5068,2020-10,130,61.06,7937.28,0.0795
P5073,2020-10,133,57.05,7587.02,0.0688
P5074,2020-10,140,57.59,8062.81,0.0666
P5076,2020-10,135,64.21,8668.39,0.068
P5077,2020-10,142,64.73,9192.36,0.0813
P5078,2020-10,136,58.6,7969.76,0.1081
P5080,2020-10,139,64.16,8917.79,0.098
P5081,2020-10,132,59.46,7848.49,0.0868
P5082,2020-10,147,58.71,8630.25,0.0717
P5086,2020-10,133,56.02,7451.32,0.0905
P5087,2020-10,132,57.7,7615.77,0.1003
P5088,2020-10,149,61.57,9173.66,0.0843
P5089,2020-10,140,59.88,8383.18,0.0732
P5091,2020-10,298,64.93,19347.76,0.0708
P5092,2020-10,146,63.4,9256.63,0.1094
P5096,2020-10,130,63.74,8286.38,0.0655
P5098,2020-10,147,62.69,9216.11,0.1043
P5099,2020-10,136,61.46,8358.63,0.0918
P5100,2020-10,136,63.01,8568.71,0.1085
P5101,2020-10,145,60.25,8735.65,0.1069
P5103,2020-10,136,62.3,8472.69,0.0829
P5105,2020-10,139,59.57,8280.24,0.0922
P5106,2020-10,136,58.86,8005.49,0.1001
P5108,2020-10,146,60.0,8759.34,0.0881
P5110,2020-10,139,55.83,7759.81,0.082
P5111,2020-10,137,57.49,7876.48,0.1073
P5112,2020-10,144,63.31,9116.05,0.1018
P5115,2020-10,135,61.71,8331.35,0.1037
P5116,2020-10,134,57.17,7661.14,0.0889
P5117,2020-10,141,61.61,8686.91,0.0863
P5118,2020-10,145,59.66,8650.18,0.0902
P5119,2020-10,145,58.71,8512.7,0.0731
P5001,2020-11,200,151.39,30278.28,0.0752
P5002,2020-11,214,149.95,32089.69,0.1047
P5007,2020-11,192,152.32,29245.21,0.0649
P5008,2020-11,219,153.53,33623.28,0.0636
P5009,2020-11,207,145.73,30165.98,0.0963
P5010,2020-11,200,152.89,30578.4,0.0824
P5012,2020-11,200,152.27,30454.67,0.1066
P5013,2020-11,208,153.62,31952.65,0.0972
P5014,2020-11,211,151.97,32065.56,0.1094
P5017,2020-11,205,148.55,30452.91,0.0968
P5020,2020-11,211,150.0,31650.56,0.1088
P5024,2020-11,199,150.61,29970.81,0.066
P5025,2020-11,299,47.54,14214.63,0.2367
P5028,2020-11,624,41.23,25727.62,0.2416
P5031,2020-11,566,49.82,28199.56,0.2393
P5032,2020-11,278,42.67,11863.55,0.2672
P5033,2020-11,266,40.83,10861.61,0.2337
P5039,2020-11,289,47.01,13586.26,0.233
P5040,2020-11,268,48.86,13093.97,0.2576
P5041,2020-11,273,40.18,10969.33,0.2638
P5043,2020-11,290,46.92,13606.53,0.2437
P5044,2020-11,297,43.81,13010.98,0.2251
P5045,2020-11,285,49.28,14044.51,0.2588
P5046,2020-11,302,48.16,14544.36,0.2543
P5047,2020-11,263,43.29,11385.12,0.2245
P5049,2020-11,230,59.41,13664.59,0.0829
P5050,2020-11,244,62.61,15276.69,0.0921
P5051,2020-11,77,63.1,4858.84,0.0998
P5052,2020-11,233,56.77,13227.99,0.0899
P5056,2020-11,221,63.17,13959.7,0.0756
P5059,2020-11,238,63.46,15104.61,0.0851
P5060,2020-11,244,55.15,13456.26,0.0972
P5061,2020-11,219,57.65,12625.52,0.0728
P5063,2020-11,228,58.11,13249.97,0.0967
P5065,2020-11,240,61.56,14773.96,0.0734
P5066,2020-11,233,55.29,12883.44,0.0737
P5067,2020-11,222,57.95,12865.18,0.0777
P5068,2020-11,237,60.83,14415.61,0.0733
P5073,2020-11,239,60.92,14559.28,0.0649
P5074,2020-11,244,63.13,15402.56,0.0719
P5076,2020-11,227,60.17,13659.1,0.0664
P5077,2020-11,229,62.23,14251.44,0.0665
P5078,2020-11,241,57.78,13924.97,0.1085
P5080,2020-11,227,64.53,14648.25,0.1069
P5081,2020-11,237,59.36,14068.51,0.0604
P5082,2020-11,227,58.3,13233.96,0.0693
P5086,2020-11,234,60.59,14177.27,0.0966
P5087,2020-11,223,62.29,13889.68,0.109
P5088,2020-11,242,56.94,13779.12,0.0819
P5089,2020-11,243,62.88,15278.73,0.0933
P5091,2020-11,231,64.1,14806.78,0.0881
P5092,2020-11,219,63.2,13840.1,0.0876
P5096,2020-11,218,55.64,12130.15,0.0743
P5098,2020-11,226,60.83,13748.6,0.0612
P5099,2020-11,220,57.79,12713.05,0.1021
P5100,2020-11,236,64.53,15230.07,0.0896
P5101,2020-11,240,60.16,14439.58,0.0994
P5103,2020-11,222,63.54,14105.32,0.0805
P5105,2020-11,228,63.25,14419.93,0.0928
P5106,2020-11,246,60.3,14834.1,0.0715
P5108,2020-11,228,58.91,13432.61,0.0946
P5110,2020-11,226,59.44,13432.39,0.0806
P5111,2020-11,224,61.93,13872.9,0.1061
P5112,2020-11,243,55.62,13514.84,0.0732
P5115,2020-11,243,58.7,14263.8,0.0774
P5116,2020-11,216,61.22,13224.55,0.1033
P5117,2020-11,228,64.48,14701.76,0.0843
P5118,2020-11,219,60.69,13291.07,0.088
P5119,2020-11,243,55.77,13551.52,0.0882
P5001,2020-12,95,146.07,13876.88,0.0916
P5002,2020-12,210,148.49,31183.28,0.1012
P5007,2020-12,200,146.57,29313.62,0.1058
P5008,2020-12,197,154.76,30487.99,0.0929
P5009,2020-12,212,145.8,30908.9,0.0846
P5010,2020-12,203,145.96,29630.21,0.086
P5012,2020-12,201,147.76,29699.52,0.0662
P5013,2020-12,215,149.82,32210.24,0.0634
P5014,2020-12,201,148.6,29867.62,0.1057
P5017,2020-12,199,153.93,30632.42,0.1074
P5020,2020-12,219,151.95,33277.86,0.0818
P5024,2020-12,198,154.38,30567.86,0.0829
P5025,2020-12,294,40.52,11911.74,0.2688
P5028,2020-12,295,46.36,13676.17,0.2431
P5031,2020-12,299,45.52,13611.88,0.2238
P5032,2020-12,283,47.86,13543.6,0.2496
P5033,2020-12,278,46.27,12862.97,0.2349
P5039,2020-12,273,41.57,11349.33,0.2243
P5040,2020-12,282,40.89,11531.05,0.2243
P5041,2020-12,300,47.54,14263.42,0.2444
P5043,2020-12,302,49.46,14936.06,0.2243
P5044,2020-12,271,46.57,12620.19,0.2647
P5045,2020-12,291,49.28,14339.99,0.239
P5046,2020-12,265,47.99,12718.37,0.2315
P5047,2020-12,281,43.74,12291.39,0.2233
P5049,2020-12,238,58.29,13872.94,0.082
P5050,2020-12,217,59.02,12806.4,0.0778
P5051,2020-12,220,59.49,13087.28,0.0817
P5052,2020-12,240,55.3,13271.83,0.0935
P5056,2020-12,218,60.66,13223.43,0.0737
P5059,2020-12,238,60.61,14425.22,0.0681
P5060,2020-12,231,56.09,12956.85,0.092
P5061,2020-12,223,60.74,13543.93,0.0805
P5063,2020-12,244,59.28,14464.7,0.1066
P5065,2020-12,546,63.44,34637.98,0.0933
P5066,2020-12,245,58.5,14332.3,0.0982
P5067,2020-12,243,64.0,15552.63,0.0787
P5068,2020-12,227,56.76,12883.43,0.0754
P5073,2020-12,247,55.9,13807.59,0.093
P5074,2020-12,225,55.19,12418.14,0.0948
P5076,2020-12,221,62.35,13779.96,0.0781
P5077,2020-12,226,55.36,12510.89,0.0875
P5078,2020-12,220,62.18,13680.51,0.1013
P5080,2020-12,237,60.31,14292.65,0.0706
P5081,2020-12,215,64.78,13928.55,0.0833
P5082,2020-12,238,62.32,14832.44,0.1027
P5086,2020-12,243,55.64,13519.31,0.069
P5087,2020-12,241,63.76,15365.93,0.0625
P5088,2020-12,245,56.41,13819.4,0.0644
P5089,2020-12,228,60.35,13760.07,0.1031
P5091,2020-12,230,61.71,14192.16,0.091
P5092,2020-12,227,55.7,12644.91,0.0603
P5096,2020-12,243,62.08,15085.28,0.0736
P5098,2020-12,235,61.29,14402.8,0.1026
P5099,2020-12,245,63.55,15569.55,0.1075
P5100,2020-12,232,57.08,13241.57,0.0847
P5101,2020-12,246,55.65,13689.74,0.1035
P5103,2020-12,247,58.31,14403.09,0.1061
P5105,2020-12,227,59.89,13594.15,0.0834
P5106,2020-12,232,64.75,15021.71,0.104
P5108,2020-12,222,60.26,13377.3,0.088
P5110,2020-12,234,55.99,13101.63,0.0783
P5111,2020-12,236,63.07,14883.85,0.0938
P5112,2020-12,223,56.75,12655.32,0.0621
P5115,2020-12,234,59.26,13867.69,0.0762
P5116,2020-12,225,56.72,12761.96,0.0956
P5117,2020-12,245,63.47,15550.07,0.0637
P5118,2020-12,225,60.36,13580.19,0.0885
P5119,2020-12,231,59.77,13807.38,0.1035
P5001,2021-01,118,154.3,18207.38,0.0902
P5002,2021-01,119,154.31,18362.67,0.0754
P5007,2021-01,132,152.43,20121.25,0.0903
P5008,2021-01,124,147.4,18277.34,0.067
P5009,2021-01,128,153.96,19707.48,0.0989
P5010,2021-01,130,146.5,19044.49,0.0925
P5011,2021-01,125,145.35,18168.61,0.0881
P5012,2021-01,258,147.35,38016.81,0.0784
P5013,2021-01,120,147.85,17742.12,0.1066
P5014,2021-01,127,154.7,19646.51,0.0842
P5017,2021-01,124,150.13,18616.06,0.0805
P5020,2021-01,132,145.14,19158.88,0.0779
P5024,2021-01,118,148.0,17463.6,0.0748
P5025,2021-01,175,42.65,7464.14,0.238
P5028,2021-01,163,40.42,6588.38,0.2377
P5031,2021-01,182,46.51,8465.12,0.2595
P5032,2021-01,168,45.36,7620.35,0.2293
P5033,2021-01,174,46.49,8089.54,0.235
P5039,2021-01,167,45.38,7579.08,0.2618
P5040,2021-01,174,42.96,7474.7,0.2375
P5041,2021-01,176,48.55,8544.9,0.2447
P5044,2021-01,160,42.83,6853.35,0.2225
P5045,2021-01,183,41.94,7675.0,0.258
P5046,2021-01,167,40.05,6687.83,0.2312
P5047,2021-01,170,48.0,8160.06,0.2461
P5049,2021-01,139,58.51,8132.82,0.096
P5050,2021-01,137,60.57,8297.75,0.1059
P5051,2021-01,148,59.75,8843.7,0.0867
P5052,2021-01,146,62.69,9152.83,0.0767
P5056,2021-01,133,60.67,8068.8,0.0755
P5059,2021-01,145,61.87,8970.72,0.0945
P5060,2021-01,132,61.68,8141.64,0.0982
P5061,2021-01,137,58.1,7960.28,0.0772
P5063,2021-01,138,57.93,7994.49,0.105
P5065,2021-01,132,64.5,8514.42,0.0724
P5066,2021-01,136,59.74,8124.49,0.0821
P5067,2021-01,148,63.73,9432.7,0.0688
P5068,2021-01,142,58.32,8281.52,0.0989
P5073,2021-01,136,57.34,7798.6,0.0921
P5074,2021-01,149,63.26,9425.3,0.0833
P5076,2021-01,130,60.44,7857.65,0.1033
P5077,2021-01,137,61.01,8357.77,0.0671
P5080,2021-01,139,58.38,8114.53,0.1071
P5081,2021-01,147,55.54,8163.95,0.0777
P5082,2021-01,143,56.61,8095.73,0.0802
P5085,2021-01,139,63.14,8776.87,0.1052
P5086,2021-01,138,60.87,8399.53,0.0783
P5087,2021-01,145,60.96,8839.04,0.0632
P5088,2021-01,132,59.5,7853.65,0.1005
P5089,2021-01,147,63.8,9378.9,0.0987
P5091,2021-01,132,57.54,7595.14,0.0812
P5092,2021-01,130,56.22,7309.04,0.1024
P5095,2021-01,140,60.31,8442.99,0.0716
P5096,2021-01,146,57.65,8416.51,0.0903
P5098,2021-01,132,62.05,8191.12,0.0974
P5099,2021-01,143,63.49,9078.57,0.064
P5100,2021-01,136,59.71,8120.73,0.0737
P5101,2021-01,147,60.24,8855.68,0.0782
P5103,2021-01,148,56.02,8290.91,0.095
P5105,2021-01,143,63.75,9116.66,0.0857
P5106,2021-01,147,59.36,8726.54,0.1041
P5108,2021-01,133,56.12,7464.61,0.0978
P5110,2021-01,136,57.4,7806.79,0.0807
P5111,2021-01,146,64.52,9420.02,0.1012
P5112,2021-01,142,60.51,8592.39,0.0605
P5115,2021-01,146,59.04,8620.13,0.106
P5116,2021-01,138,63.42,8752.24,0.0783
P5117,2021-01,147,58.37,8579.86,0.0859
P5118,2021-01,146,55.36,8082.91,0.0677
P5119,2021-01,149,58.6,8731.77,0.1047
P5001,2021-02,131,149.85,19629.8,0.068
P5002,2021-02,121,153.32,18551.45,0.0741
P5007,2021-02,116,154.86,17963.84,0.0967
P5008,2021-02,120,153.89,18467.26,0.0678
P5009,2021-02,120,152.36,18282.9,0.0686
P5010,2021-02,117,148.17,17335.96,0.0777
P5011,2021-02,58,150.53,8730.76,0.0907
P5012,2021-02,123,146.53,18022.96,0.0795
P5013,2021-02,116,147.8,17144.47,0.0886
P5014,2021-02,127,145.37,18462.23,0.0735
P5017,2021-02,129,150.97,19475.18,0.1003
P5020,2021-02,130,150.34,19543.86,0.0862
P5024,2021-02,127,150.96,19171.88,0.0865
P5025,2021-02,183,43.48,7956.17,0.2494
P5028,2021-02,182,45.06,8200.93,0.2653
P5031,2021-02,167,43.54,7271.9,0.2247
P5032,2021-02,175,41.56,7272.14,0.2385
P5033,2021-02,167,49.02,8185.88,0.2258
P5039,2021-02,182,45.69,8314.87,0.2586
P5040,2021-02,172,42.57,7321.78,0.2563
P5041,2021-02,162,44.65,7233.2,0.2534
P5044,2021-02,175,43.93,7688.31,0.228
P5045,2021-02,172,47.15,8110.41,0.2209
P5046,2021-02,177,44.4,7858.49,0.2687
P5047,2021-02,179,47.24,8455.6,0.2454
P5049,2021-02,140,60.36,8450.45,0.0784
P5050,2021-02,145,59.19,8583.21,0.0748
P5051,2021-02,140,61.94,8670.96,0.0928
P5052,2021-02,134,61.06,8182.39,0.0859
P5056,2021-02,130,61.61,8009.57,0.1014
P5059,2021-02,138,62.0,8556.31,0.0631
P5060,2021-02,138,56.16,7749.8,0.0817
P5061,2021-02,147,62.49,9185.74,0.0701
P5063,2021-02,141,55.48,7822.85,0.0929
P5065,2021-02,143,61.24,8756.69,0.0847
P5066,2021-02,144,62.15,8948.92,0.1058
P5067,2021-02,132,55.53,7329.89,0.0614
P5068,2021-02,147,57.97,8521.36,0.0784
P5070,2021-02,140,58.12,8137.45,0.109
P5073,2021-02,140,63.35,8869.45,0.1032
P5074,2021-02,140,57.92,8108.49,0.0892
P5076,2021-02,130,57.46,7469.29,0.1038
P5077,2021-02,133,56.98,7577.75,0.1042
P5080,2021-02,134,59.67,7996.2,0.0706
P5081,2021-02,135,59.42,8022.21,0.0981
P5082,2021-02,146,60.21,8790.84,0.1028
P5085,2021-02,141,60.56,8539.14,0.0837
P5086,2021-02,135,59.15,7985.05,0.0824
P5087,2021-02,142,56.88,8076.72,0.0813
P5088,2021-02,130,56.9,7397.07,0.0719
P5089,2021-02,141,62.41,8799.84,0.0909
P5091,2021-02,139,62.28,8656.66,0.0648
P5092,2021-02,145,60.51,8773.54,0.1036
P5095,2021-02,140,56.28,7878.6,0.0867
P5096,2021-02,136,63.69,8661.28,0.0852
P5098,2021-02,145,61.7,8946.97,0.0654
P5099,2021-02,144,64.41,9274.71,0.074
P5100,2021-02,138,61.63,8505.25,0.0723
P5101,2021-02,144,59.28,8536.58,0.0719
P5103,2021-02,131,62.86,8235.24,0.0685
P5105,2021-02,149,63.37,9441.48,0.0948
P5106,2021-02,131,63.09,8264.75,0.0773
P5108,2021-02,140,59.26,8296.41,0.086
P5110,2021-02,148,62.09,9189.43,0.0983
P5111,2021-02,143,55.44,7927.92,0.076
P5112,2021-02,137,55.42,7592.39,0.0769
P5115,2021-02,134,61.09,8186.3,0.084
P5116,2021-02,136,60.44,8220.16,0.1008
P5117,2021-02,142,56.79,8063.98,0.062
P5118,2021-02,136,61.12,8312.77,0.0686
P5119,2021-02,134,62.07,8317.83,0.0665
P5001,2021-03,131,154.78,20276.36,0.1088
P5002,2021-03,130,150.05,19506.56,0.0895
P5007,2021-03,130,151.99,19758.21,0.1055
P5008,2021-03,122,151.85,18525.18,0.0727
P5009,2021-03,125,150.57,18821.14,0.0949
P5010,2021-03,116,150.56,17465.54,0.0763
P5011,2021-03,116,154.93,17972.35,0.0736
P5012,2021-03,127,147.78,18768.33,0.0757
P5013,2021-03,117,146.35,17123.38,0.0905
P5014,2021-03,126,154.19,19427.45,0.0741
P5017,2021-03,122,153.37,18711.03,0.1083
P5020,2021-03,129,149.44,19278.26,0.0838
P5024,2021-03,130,145.38,18899.02,0.0822
P5025,2021-03,160,41.53,6644.23,0.2592
P5028,2021-03,179,48.29,8644.5,0.2648
P5031,2021-03,163,46.54,7585.31,0.2443
P5032,2021-03,162,43.72,7082.08,0.2519
P5033,2021-03,172,46.16,7940.09,0.2427
P5039,2021-03,177,42.91,7594.56,0.2548
P5040,2021-03,168,44.56,7486.02,0.2666
P5041,2021-03,170,49.19,8362.76,0.2364
P5044,2021-03,181,46.77,8464.85,0.2391
P5045,2021-03,174,48.37,8416.2,0.2353
P5046,2021-03,168,48.33,8119.94,0.2441
P5047,2021-03,182,47.27,8603.85,0.2455
P5049,2021-03,134,55.76,7471.83,0.0766
P5050,2021-03,145,56.14,8140.49,0.1054
P5051,2021-03,135,57.85,7810.23,0.1098
P5052,2021-03,149,61.08,9101.04,0.0708
P5055,2021-03,133,60.89,8098.74,0.1035
P5056,2021-03,130,60.59,7877.34,0.0605
P5059,2021-03,136,61.11,8311.6,0.1055
P5060,2021-03,138,60.03,8283.89,0.0686
P5061,2021-03,141,58.17,8202.24,0.0918
P5063,2021-03,142,62.93,8935.54,0.0669
P5065,2021-03,144,56.82,8181.83,0.1014
P5066,2021-03,141,60.88,8584.14,0.1013
P5067,2021-03,149,64.89,9669.06,0.099
P5068,2021-03,135,60.22,8129.81,0.0873
P5070,2021-03,148,64.85,9597.5,0.0853
P5073,2021-03,136,60.12,8176.48,0.077
P5074,2021-03,148,62.58,9261.29,0.0986
P5076,2021-03,135,64.58,8718.67,0.1033
P5077,2021-03,130,60.58,7874.77,0.1065
P5080,2021-03,150,57.97,8694.94,0.0868
P5081,2021-03,138,55.73,7690.58,0.0809
P5082,2021-03,148,59.65,8828.38,0.0722
P5085,2021-03,147,57.11,8394.46,0.073
P5086,2021-03,134,61.3,8213.76,0.0746
P5087,2021-03,139,56.04,7790.24,0.1078
P5088,2021-03,136,60.98,8293.87,0.0772
P5089,2021-03,143,64.84,9272.31,0.0698
P5091,2021-03,136,61.84,8410.05,0.0971
P5092,2021-03,144,64.42,9276.23,0.079
P5095,2021-03,139,62.47,8682.76,0.0789
P5096,2021-03,145,62.01,8992.1,0.0624
P5098,2021-03,134,57.45,7698.65,0.0718
P5099,2021-03,148,60.34,8930.71,0.0625
P5100,2021-03,148,57.44,8501.19,0.0786
P5101,2021-03,145,61.59,8930.81,0.0621
P5103,2021-03,137,61.07,8366.31,0.0698
P5105,2021-03,145,59.3,8598.84,0.0945
P5106,2021-03,149,59.97,8935.52,0.1049
P5108,2021-03,146,61.83,9027.04,0.0776
P5110,2021-03,132,59.83,7897.1,0.0627
P5111,2021-03,145,56.03,8125.0,0.097
P5112,2021-03,134,57.21,7666.42,0.1063
P5115,2021-03,144,63.22,9103.44,0.0697
P5116,2021-03,144,61.31,8828.13,0.0876
P5117,2021-03,137,58.2,7973.65,0.1076
P5118,2021-03,142,62.74,8909.75,0.0908
P5119,2021-03,75,55.77,4182.74,0.0637
P5001,2021-04,117,146.71,17165.16,0.0768
P5002,2021-04,125,145.44,18179.61,0.0678
P5007,2021-04,116,150.06,17406.96,0.0839
P5008,2021-04,131,145.43,19051.1,0.1098
P5009,2021-04,121,151.32,18309.37,0.1023
P5010,2021-04,123,145.61,17909.79,0.0887
P5011,2021-04,129,148.75,19188.81,0.0914
P5012,2021-04,123,152.8,18794.78,0.0933
P5013,2021-04,128,154.82,19816.78,0.0691
P5014,2021-04,124,152.6,18922.6,0.0948
P5017,2021-04,130,152.76,19858.22,0.0684
P5020,2021-04,128,152.19,19479.74,0.0873
P5021,2021-04,132,153.89,20313.48,0.0707
P5024,2021-04,120,147.51,17701.6,0.0726
P5025,2021-04,178,44.83,7980.55,0.2605
P5028,2021-04,168,49.72,8353.15,0.2319
P5029,2021-04,164,44.0,7215.74,0.2646
P5031,2021-04,170,45.18,7679.87,0.2541
P5032,2021-04,177,47.95,8486.34,0.221
P5033,2021-04,162,43.12,6986.0,0.2481
P5039,2021-04,166,47.74,7924.48,0.2254
P5040,2021-04,160,45.58,7292.68,0.2468
P5041,2021-04,169,45.45,7681.27,0.2698
P5044,2021-04,162,49.56,8028.99,0.2353
P5045,2021-04,179,45.68,8177.46,0.2636
P5046,2021-04,167,44.72,7468.74,0.2686
P5047,2021-04,180,47.14,8485.04,0.2426
P5049,2021-04,139,61.35,8527.48,0.0653
P5050,2021-04,149,61.18,9116.31,0.103
P5051,2021-04,134,58.79,7878.26,0.063
P5052,2021-04,141,64.62,9110.96,0.1094
P5055,2021-04,147,64.71,9512.92,0.0668
P5056,2021-04,135,63.21,8533.25,0.0909
P5059,2021-04,147,64.2,9437.18,0.0948
P5060,2021-04,137,58.87,8065.18,0.0884
P5061,2021-04,134,57.88,7755.98,0.0646
P5063,2021-04,145,57.7,8366.73,0.0816
P5065,2021-04,144,62.88,9054.99,0.0826
P5066,2021-04,147,62.48,9184.0,0.0886
P5067,2021-04,136,58.06,7896.38,0.109
P5068,2021-04,135,62.92,8493.62,0.0852
P5070,2021-04,145,55.52,8050.62,0.079
P5073,2021-04,136,62.22,8461.32,0.0777
P5074,2021-04,138,62.71,8653.8,0.0939
P5076,2021-04,131,58.4,7650.34,0.1096
P5077,2021-04,132,59.55,7860.56,0.1093
P5080,2021-04,143,55.35,7914.52,0.1095
P5081,2021-04,142,58.84,8355.59,0.064
P5082,2021-04,138,62.99,8692.46,0.0635
P5085,2021-04,140,62.55,8757.54,0.0661
P5086,2021-04,141,64.29,9065.22,0.1013
P5087,2021-04,137,61.71,8454.11,0.0609
P5088,2021-04,133,55.63,7398.96,0.0826
P5089,2021-04,133,61.76,8213.44,0.1027
P5091,2021-04,145,58.78,8522.62,0.0816
P5092,2021-04,142,62.31,8848.46,0.0901
P5095,2021-04,137,59.13,8101.36,0.0799
P5096,2021-04,136,64.23,8735.84,0.0627
P5098,2021-04,145,64.53,9357.11,0.0866
P5099,2021-04,132,59.77,7889.94,0.0737
P5100,2021-04,143,59.34,8485.39,0.0798
P5101,2021-04,137,58.61,8030.2,0.084
P5103,2021-04,143,63.31,9053.9,0.0777
P5105,2021-04,144,61.51,8857.77,0.0687
P5106,2021-04,145,56.51,8193.43,0.0858
P5108,2021-04,141,58.03,8182.05,0.1024
P5110,2021-04,149,57.07,8503.33,0.0764
P5111,2021-04,135,59.71,8061.1,0.0695
P5112,2021-04,144,62.23,8960.69,0.0939
P5115,2021-04,139,55.53,7718.35,0.0648
P5116,2021-04,136,60.76,8263.33,0.1087
P5117,2021-04,133,61.07,8122.34,0.081
P5118,2021-04,143,59.84,8556.44,0.0626
P5119,2021-04,147,61.19,8994.42,0.072
P5001,2021-05,123,147.82,18182.06,0.0762
P5002,2021-05,129,148.07,19101.67,0.1067
P5007,2021-05,229,151.71,34740.96,0.0839
P5008,2021-05,126,152.96,19272.91,0.0678
P5009,2021-05,131,146.91,19244.96,0.0638
P5010,2021-05,122,154.03,18791.07,0.1089
P5011,2021-05,130,152.27,19794.58,0.1032
P5012,2021-05,117,149.61,17504.46,0.0804
P5013,2021-05,120,154.76,18571.3,0.1052
P5014,2021-05,125,153.54,19192.54,0.0706
P5017,2021-05,131,146.47,19187.43,0.0963
P5020,2021-05,128,149.08,19082.59,0.0689
P5021,2021-05,121,153.86,18616.63,0.1083
P5024,2021-05,128,154.78,19811.46,0.0648
P5025,2021-05,173,48.55,8399.13,0.2375
P5028,2021-05,160,46.23,7397.12,0.2239
P5029,2021-05,181,44.33,8023.74,0.2647
P5031,2021-05,175,42.37,7413.93,0.2334
P5032,2021-05,170,42.16,7167.4,0.2693
P5033,2021-05,323,42.95,13872.62,0.2301
P5039,2021-05,172,40.9,7034.39,0.2226
P5040,2021-05,171,48.58,8307.26,0.2227
P5041,2021-05,170,49.03,8335.39,0.2681
P5044,2021-05,183,42.15,7713.43,0.252
P5045,2021-05,169,45.88,7753.66,0.2395
P5046,2021-05,162,48.28,7821.88,0.2468
P5047,2021-05,178,45.9,8170.7,0.255
P5049,2021-05,147,61.14,8986.96,0.0849
P5050,2021-05,134,59.79,8011.77,0.0837
P5051,2021-05,146,61.23,8939.79,0.0873
P5052,2021-05,135,60.35,8146.62,0.0642
P5055,2021-05,137,59.48,8148.69,0.0714
P5056,2021-05,140,64.13,8978.33,0.088
P5059,2021-05,142,58.28,8275.66,0.0799
P5060,2021-05,138,60.2,8307.07,0.083
P5061,2021-05,137,63.06,8639.62,0.099
P5063,2021-05,141,64.72,9125.01,0.1049
P5065,2021-05,137,60.26,8255.85,0.091
P5066,2021-05,144,60.71,8742.86,0.1024
P5067,2021-05,145,60.74,8807.61,0.0905
P5068,2021-05,147,56.3,8276.01,0.0833
P5070,2021-05,137,58.28,7984.71,0.0779
P5073,2021-05,131,62.54,8192.17,0.1063
P5074,2021-05,135,60.54,8172.5,0.091
P5076,2021-05,136,60.66,8249.32,0.0663
P5077,2021-05,144,64.87,9341.74,0.097
P5080,2021-05,140,56.43,7900.25,0.0645
P5081,2021-05,144,58.33,8399.88,0.1009
P5082,2021-05,142,62.81,8919.5,0.1022
P5085,2021-05,137,58.87,8064.67,0.0954
P5086,2021-05,146,61.6,8993.95,0.0665
P5087,2021-05,148,60.29,8922.79,0.0625
P5088,2021-05,131,56.1,7348.77,0.0985
P5089,2021-05,139,61.52,8551.75,0.0624
P5090,2021-05,146,56.39,8232.64,0.0623
P5091,2021-05,143,61.1,8737.76,0.0981
P5092,2021-05,146,57.55,8402.08,0.1075
P5095,2021-05,133,61.21,8140.86,0.0742
P5096,2021-05,140,57.23,8012.17,0.0644
P5098,2021-05,138,58.64,8092.58,0.0985
P5099,2021-05,339,61.32,20787.27,0.085
P5100,2021-05,255,56.69,14454.88,0.1061
P5101,2021-05,142,55.09,7822.46,0.064
P5103,2021-05,144,64.57,9297.84,0.0857
P5105,2021-05,135,61.6,8315.75,0.0716
P5106,2021-05,135,58.64,7916.88,0.094
P5108,2021-05,136,60.54,8233.48,0.0937
P5110,2021-05,134,62.36,8355.98,0.0903
P5111,2021-05,135,64.48,8704.92,0.0969
P5112,2021-05,145,60.13,8718.18,0.0976
P5115,2021-05,145,63.57,9216.93,0.073
P5116,2021-05,144,61.31,8828.67,0.095
P5117,2021-05,145,58.98,8551.49,0.1016
P5118,2021-05,148,60.32,8927.36,0.1018
P5119,2021-05,149,55.85,8322.2,0.1001
P5001,2021-06,138,145.8,20120.06,0.0808
P5002,2021-06,151,150.78,22767.67,0.0946
P5005,2021-06,134,149.84,20078.2,0.1012
P5007,2021-06,146,151.05,22053.44,0.1066
P5008,2021-06,147,147.98,21753.45,0.0736
P5009,2021-06,152,149.73,22759.14,0.0967
P5010,2021-06,151,154.28,23296.18,0.0938
P5011,2021-06,137,148.63,20362.68,0.0605
P5012,2021-06,141,151.84,21409.92,0.0913
P5013,2021-06,133,154.18,20506.44,0.0677
P5014,2021-06,148,146.44,21673.45,0.077
P5017,2021-06,152,152.69,23208.2,0.1087
P5020,2021-06,147,145.11,21331.78,0.0677
P5021,2021-06,146,147.92,21595.99,0.0688
P5024,2021-06,145,154.76,22440.59,0.1032
P5025,2021-06,184,42.5,7820.9,0.2659
P5028,2021-06,191,41.83,7990.15,0.2432
P5029,2021-06,198,42.83,8480.72,0.2598
P5031,2021-06,189,46.61,8809.86,0.2477
P5032,2021-06,193,43.49,8392.61,0.268
P5033,2021-06,190,45.65,8673.68,0.2452
P5039,2021-06,194,40.43,7843.83,0.2551
P5040,2021-06,199,41.14,8186.28,0.2595
P5041,2021-06,191,48.49,9260.76,0.2426
P5044,2021-06,185,43.38,8024.76,0.2652
P5045,2021-06,185,49.5,9157.06,0.2694
P5046,2021-06,196,45.15,8849.62,0.2389
P5047,2021-06,201,48.95,9838.18,0.2542
P5049,2021-06,171,58.94,10078.26,0.0625
P5050,2021-06,163,59.31,9668.01,0.0983
P5051,2021-06,155,56.88,8816.98,0.0862
P5052,2021-06,154,61.29,9438.52,0.0705
P5055,2021-06,165,62.76,10355.29,0.0796
P5056,2021-06,162,55.51,8992.23,0.0722
P5059,2021-06,164,59.24,9715.44,0.0886
P5060,2021-06,157,60.74,9536.4,0.101
P5061,2021-06,168,55.15,9265.36,0.1041
P5063,2021-06,151,63.76,9627.49,0.0809
P5064,2021-06,152,59.74,9079.77,0.0734
P5065,2021-06,151,57.42,8670.96,0.0886
P5066,2021-06,386,62.91,24282.01,0.1008
P5067,2021-06,151,62.86,9491.66,0.0793
P5068,2021-06,162,59.29,9605.52,0.0892
P5070,2021-06,165,62.14,10253.7,0.0792
P5073,2021-06,155,56.48,8754.13,0.102
P5074,2021-06,152,60.38,9178.22,0.0917
P5076,2021-06,155,64.3,9966.51,0.0653
P5077,2021-06,171,55.42,9476.42,0.1012
P5080,2021-06,157,64.92,10193.05,0.0797
P5081,2021-06,165,57.69,9519.45,0.1053
P5082,2021-06,152,62.71,9531.99,0.0911
P5085,2021-06,170,62.69,10658.0,0.0913
P5086,2021-06,170,57.64,9799.04,0.1076
P5087,2021-06,161,62.85,10119.18,0.0717
P5088,2021-06,349,57.32,20003.97,0.1071
P5089,2021-06,150,56.39,8459.2,0.0835
P5090,2021-06,154,64.54,9939.85,0.07
P5091,2021-06,164,62.25,10208.78,0.084
P5092,2021-06,164,60.17,9867.26,0.1057
P5095,2021-06,157,56.25,8830.96,0.0821
P5096,2021-06,155,59.29,9189.21,0.0784
P5098,2021-06,154,58.19,8960.66,0.1008
P5099,2021-06,156,57.1,8907.68,0.0788
P5100,2021-06,158,55.44,8759.78,0.0753
P5101,2021-06,163,60.59,9876.8,0.0644
P5103,2021-06,170,64.06,10890.24,0.083
P5105,2021-06,171,62.03,10606.79,0.0748
P5106,2021-06,158,63.96,10104.92,0.0973
P5108,2021-06,155,55.92,8668.25,0.0791
P5110,2021-06,160,57.08,9133.22,0.0984
P5111,2021-06,172,60.29,10370.55,0.0872
P5112,2021-06,154,61.18,9421.01,0.0836
P5115,2021-06,166,60.3,10009.88,0.0934
P5116,2021-06,172,60.86,10467.51,0.0805
P5117,2021-06,153,64.78,9911.48,0.0651
P5118,2021-06,172,58.3,10028.38,0.1098
P5119,2021-06,169,61.32,10363.32,0.06
P5001,2021-07,142,145.73,20693.63,0.101
P5002,2021-07,135,153.92,20779.66,0.0799
P5005,2021-07,152,152.06,23112.54,0.0805
P5007,2021-07,135,147.4,19898.92,0.0635
P5008,2021-07,137,147.14,20158.35,0.0767
P5009,2021-07,143,150.04,21455.39,0.0975
P5010,2021-07,149,146.02,21756.64,0.0819
P5011,2021-07,151,152.72,23061.16,0.0946
P5012,2021-07,136,146.08,19866.96,0.063
P5013,2021-07,144,147.72,21271.79,0.0856
P5014,2021-07,134,153.7,20596.42,0.0618
P5017,2021-07,54,145.39,7851.28,0.0646
P5020,2021-07,142,152.47,21651.36,0.0923
P5021,2021-07,153,149.47,22868.41,0.0711
P5024,2021-07,134,145.51,19498.62,0.0716
P5025,2021-07,204,42.24,8616.61,0.2222
P5028,2021-07,186,43.53,8095.83,0.249
P5029,2021-07,208,47.42,9863.72,0.2281
P5031,2021-07,187,40.43,7559.96,0.2646
P5032,2021-07,184,47.22,8688.86,0.2607
P5033,2021-07,202,42.95,8676.23,0.2562
P5039,2021-07,184,47.72,8780.42,0.2337
P5040,2021-07,186,41.75,7766.11,0.2223
P5041,2021-07,207,43.16,8933.77,0.2288
P5044,2021-07,198,44.34,8779.33,0.2453
P5045,2021-07,193,46.19,8915.42,0.261
P5046,2021-07,190,44.51,8457.29,0.2508
P5047,2021-07,186,43.32,8058.37,0.2418
P5049,2021-07,164,58.73,9632.43,0.0619
P5050,2021-07,161,62.23,10019.37,0.0813
P5051,2021-07,171,58.44,9992.65,0.0634
P5052,2021-07,167,56.69,9467.17,0.0742
P5055,2021-07,159,63.46,10090.26,0.0638
P5056,2021-07,162,61.03,9886.83,0.0713
P5059,2021-07,169,60.48,10220.47,0.1033
P5060,2021-07,65,58.76,3819.25,0.0732
P5061,2021-07,156,64.14,10005.31,0.085
P5063,2021-07,159,56.78,9028.04,0.0941
P5064,2021-07,172,64.65,11120.29,0.0674
P5065,2021-07,154,58.13,8952.31,0.0645
P5066,2021-07,165,59.81,9868.91,0.0926
P5067,2021-07,155,56.1,8695.42,0.086
P5068,2021-07,157,56.31,8840.67,0.0841
P5070,2021-07,171,64.38,11008.16,0.0804
P5073,2021-07,160,58.46,9352.91,0.0664
P5074,2021-07,168,56.45,9483.55,0.083
P5076,2021-07,165,55.51,9159.27,0.0667
P5077,2021-07,165,63.45,10469.86,0.1052
P5080,2021-07,166,55.75,9255.02,0.0649
P5081,2021-07,150,57.88,8681.93,0.1083
P5082,2021-07,150,59.2,8879.65,0.087
P5085,2021-07,160,59.44,9510.64,0.0779
P5086,2021-07,161,62.18,10010.44,0.0995
P5087,2021-07,168,63.0,10584.68,0.0929
P5088,2021-07,166,61.56,10218.81,0.0856
P5089,2021-07,159,55.94,8893.72,0.0721
P5090,2021-07,171,59.02,10092.54,0.1012
P5091,2021-07,150,62.66,9398.55,0.1045
P5092,2021-07,172,58.81,10115.49,0.0624
P5095,2021-07,151,61.23,9245.53,0.0601
P5096,2021-07,157,60.87,9555.81,0.0868
P5098,2021-07,172,58.87,10126.02,0.0972
P5099,2021-07,161,59.19,9529.9,0.0968
P5100,2021-07,151,58.84,8885.23,0.0656
P5101,2021-07,167,61.64,10293.36,0.101
P5103,2021-07,162,61.87,10023.53,0.0653
P5105,2021-07,161,58.21,9371.05,0.0676
P5106,2021-07,152,57.93,8806.07,0.1
P5108,2021-07,158,59.6,9416.3,0.1096
P5110,2021-07,158,63.13,9974.14,0.1074
P5111,2021-07,158,64.55,10199.52,0.0682
P5112,2021-07,169,58.57,9898.82,0.0762
P5115,2021-07,158,60.94,9629.07,0.1073
P5116,2021-07,164,59.57,9769.55,0.0683
P5117,2021-07,162,56.23,9109.81,0.062
P5118,2021-07,170,58.58,9957.78,0.0675
P5119,2021-07,156,63.74,9942.75,0.0665
P5001,2021-08,125,150.18,18772.47,0.0945
P5002,2021-08,132,149.08,19678.58,0.1041
P5005,2021-08,123,145.79,17932.35,0.0741
P5007,2021-08,129,153.38,19785.47,0.0668
P5008,2021-08,131,151.58,19856.78,0.089
P5009,2021-08,132,147.03,19407.68,0.0727
P5010,2021-08,126,151.08,19036.04,0.0773
P5011,2021-08,127,148.73,18888.72,0.1056
P5012,2021-08,128,147.88,18928.79,0.0816
P5013,2021-08,127,150.22,19078.29,0.0832
P5014,2021-08,119,146.71,17458.9,0.0968
P5017,2021-08,123,147.02,18082.98,0.0959
P5020,2021-08,122,152.42,18595.21,0.0913
P5021,2021-08,124,145.02,17982.98,0.0736
P5024,2021-08,132,153.93,20318.82,0.1093
P5025,2021-08,170,42.85,7285.13,0.2695
P5027,2021-08,159,43.92,6983.28,0.2633
P5028,2021-08,175,44.26,7744.8,0.2667
P5029,2021-08,163,49.18,8016.09,0.2462
P5031,2021-08,164,47.46,7783.52,0.2363
P5032,2021-08,172,47.23,8124.26,0.2228
P5033,2021-08,178,43.48,7739.42,0.2311
P5039,2021-08,169,42.02,7101.71,0.2346
P5040,2021-08,160,44.75,7159.75,0.2205
P5041,2021-08,164,43.38,7114.41,0.2337
P5044,2021-08,174,46.36,8066.11,0.2581
P5045,2021-08,173,46.42,8029.82,0.2406
P5046,2021-08,183,44.18,8084.47,0.2458
P5047,2021-08,177,41.88,7412.91,0.2531
P5049,2021-08,138,57.51,7935.79,0.0973
P5050,2021-08,132,57.67,7612.58,0.0694
P5051,2021-08,147,55.85,8209.39,0.0983
P5052,2021-08,142,58.53,8310.61,0.0728
P5055,2021-08,130,57.02,7413.23,0.0606
P5056,2021-08,145,60.15,8722.43,0.0742
P5059,2021-08,135,61.19,8261.22,0.0962
P5060,2021-08,144,63.79,9185.74,0.0602
P5061,2021-08,148,58.58,8670.53,0.0696
P5063,2021-08,136,56.25,7650.36,0.1054
P5064,2021-08,134,62.36,8356.28,0.103
P5065,2021-08,144,64.14,9236.09,0.1035
P5066,2021-08,63,62.2,3918.3,0.0878
P5067,2021-08,149,62.93,9376.75,0.0914
P5068,2021-08,138,61.81,8529.22,0.0812
P5070,2021-08,135,60.16,8122.24,0.0757
P5073,2021-08,133,61.41,8168.01,0.0696
P5074,2021-08,138,57.96,7998.14,0.0635
P5076,2021-08,139,63.32,8800.85,0.0745
P5077,2021-08,141,55.82,7870.84,0.0789
P5080,2021-08,139,59.93,8330.05,0.0689
P5081,2021-08,146,56.97,8317.17,0.0779
P5082,2021-08,148,64.48,9542.37,0.0841
P5085,2021-08,142,62.64,8895.24,0.0922
P5086,2021-08,134,61.12,8189.75,0.0947
P5087,2021-08,132,57.31,7564.64,0.0855
P5088,2021-08,138,63.51,8764.23,0.0881
P5089,2021-08,144,60.44,8703.88,0.0728
P5090,2021-08,131,63.44,8311.17,0.0807
P5091,2021-08,143,61.8,8836.74,0.0685
P5092,2021-08,147,60.89,8951.51,0.0649
P5095,2021-08,142,63.54,9022.89,0.0894
P5096,2021-08,132,64.52,8516.54,0.0768
P5098,2021-08,145,55.19,8002.54,0.0785
P5099,2021-08,144,55.71,8021.98,0.0866
P5100,2021-08,132,57.27,7560.23,0.0974
P5101,2021-08,137,57.52,7880.83,0.0965
P5103,2021-08,140,62.08,8691.24,0.0705
P5105,2021-08,144,58.55,8430.89,0.105
P5106,2021-08,149,61.3,9133.69,0.0979
P5108,2021-08,143,58.75,8401.73,0.0752
P5110,2021-08,136,55.24,7513.02,0.0682
P5111,2021-08,144,63.75,9180.7,0.0654
P5112,2021-08,132,60.15,7939.5,0.0737
P5115,2021-08,134,58.36,7820.17,0.0948
P5116,2021-08,149,63.07,9396.98,0.0863
P5117,2021-08,131,57.34,7511.25,0.092
P5118,2021-08,134,55.83,7480.91,0.097
P5119,2021-08,270,61.13,16505.19,0.0794
P5001,2021-09,121,148.19,17930.39,0.0864
P5002,2021-09,116,145.99,16934.63,0.1077
P5005,2021-09,124,149.66,18558.27,0.0984
P5007,2021-09,118,154.38,18216.8,0.1091
P5008,2021-09,130,149.37,19417.96,0.091
P5009,2021-09,117,150.19,17572.11,0.0773
P5010,2021-09,127,145.93,18533.01,0.0835
P5011,2021-09,129,146.66,18919.14,0.064
P5012,2021-09,119,149.66,17809.09,0.0901
P5013,2021-09,117,150.15,17567.71,0.11
P5014,2021-09,131,149.07,19528.41,0.0998
P5017,2021-09,121,149.26,18061.02,0.0667
P5020,2021-09,120,153.75,18449.85,0.0664
P5021,2021-09,128,150.93,19318.45,0.0643
P5024,2021-09,119,151.67,18048.3,0.0651
P5025,2021-09,166,45.75,7593.94,0.2608
P5027,2021-09,161,48.98,7885.68,0.2257
P5028,2021-09,183,49.41,9042.14,0.2249
P5029,2021-09,161,40.16,6464.97,0.2259
P5031,2021-09,169,41.2,6963.4,0.2319
P5032,2021-09,174,46.83,8148.46,0.2306
P5033,2021-09,169,46.63,7880.31,0.2524
P5038,2021-09,182,41.12,7482.96,0.252
P5039,2021-09,161,49.61,7987.6,0.2536
P5040,2021-09,71,44.73,3175.75,0.2651
P5041,2021-09,181,44.11,7983.95,0.2622
P5044,2021-09,173,45.37,7849.36,0.2583
P5045,2021-09,160,40.92,6547.51,0.2558
P5046,2021-09,164,43.99,7213.72,0.2308
P5047,2021-09,161,44.75,7204.15,0.2401
P5049,2021-09,140,61.4,8595.64,0.0891
P5050,2021-09,148,64.05,9478.84,0.0754
P5051,2021-09,135,56.39,7612.3,0.0982
P5052,2021-09,140,62.99,8819.26,0.1
P5055,2021-09,143,62.81,8981.57,0.1028
P5056,2021-09,143,59.63,8527.38,0.0612
P5059,2021-09,138,64.59,8913.84,0.0627
P5060,2021-09,145,55.79,8088.92,0.0725
P5061,2021-09,131,63.91,8371.59,0.0683
P5063,2021-09,138,57.36,7915.93,0.0769
P5064,2021-09,139,57.88,8045.64,0.1033
P5065,2021-09,134,57.25,7670.98,0.0729
P5066,2021-09,142,64.69,9185.59,0.0792
P5067,2021-09,142,56.4,8009.23,0.0967
P5068,2021-09,142,61.34,8710.6,0.0745
P5070,2021-09,140,61.12,8556.84,0.0825
P5073,2021-09,132,62.43,8240.64,0.0908
P5074,2021-09,147,63.49,9332.76,0.0854
P5075,2021-09,146,55.33,8077.71,0.0806
P5076,2021-09,146,57.58,8406.19,0.0965
P5077,2021-09,148,64.33,9520.46,0.0912
P5080,2021-09,148,55.94,8279.11,0.1033
P5081,2021-09,139,61.6,8562.28,0.0609
P5082,2021-09,144,60.5,8711.68,0.0611
P5085,2021-09,136,63.15,8588.8,0.107
P5086,2021-09,130,61.42,7984.46,0.0949
P5087,2021-09,149,58.39,8699.9,0.1035
P5088,2021-09,142,60.62,8608.35,0.0921
P5089,2021-09,134,60.68,8131.32,0.0767
P5090,2021-09,139,55.63,7732.94,0.0954
P5091,2021-09,147,60.13,8838.63,0.108
P5092,2021-09,137,58.01,7947.02,0.0682
P5095,2021-09,141,62.52,8814.82,0.0624
P5096,2021-09,141,57.03,8041.91,0.1077
P5098,2021-09,144,60.67,8736.72,0.0678
P5099,2021-09,147,60.39,8876.91,0.0891
P5100,2021-09,139,61.17,8502.55,0.0822
P5101,2021-09,137,56.89,7793.99,0.0935
P5103,2021-09,139,57.45,7986.07,0.1025
P5105,2021-09,144,58.16,8374.79,0.0843
P5106,2021-09,140,61.67,8633.84,0.1057
P5108,2021-09,301,64.31,19356.52,0.0623
P5110,2021-09,143,58.42,8354.16,0.0624
P5111,2021-09,131,58.83,7707.06,0.1096
P5112,2021-09,142,64.51,9160.99,0.0862
P5115,2021-09,130,64.0,8319.49,0.1035
P5116,2021-09,131,58.04,7602.92,0.1089
P5117,2021-09,149,59.08,8802.25,0.0682
P5118,2021-09,142,63.53,9020.61,0.0934
P5119,2021-09,140,63.98,8956.99,0.0785
P5001,2021-10,125,153.84,19229.99,0.0686
P5002,2021-10,124,154.3,19133.54,0.0885
P5005,2021-10,120,151.15,18137.84,0.0785
P5007,2021-10,126,150.24,18929.96,0.0832
P5008,2021-10,117,145.29,16998.41,0.0939
P5009,2021-10,127,146.96,18663.85,0.0797
P5010,2021-10,132,145.72,19235.02,0.0957
P5011,2021-10,118,149.33,17620.37,0.1045
P5012,2021-10,119,151.79,18063.28,0.1076
P5013,2021-10,132,147.11,19418.23,0.0829
P5014,2021-10,292,150.09,43825.69,0.0815
P5017,2021-10,116,151.54,17578.74,0.0763
P5020,2021-10,131,153.75,20141.0,0.0728
P5021,2021-10,128,148.01,18944.85,0.0887
P5024,2021-10,54,153.66,8297.63,0.0858
P5025,2021-10,168,42.45,7132.03,0.2638
P5027,2021-10,178,43.33,7713.14,0.2656
P5028,2021-10,178,48.0,8544.6,0.2557
P5029,2021-10,174,41.06,7143.93,0.2267
P5031,2021-10,174,47.87,8329.28,0.2378
P5032,2021-10,58,49.1,2847.77,0.2412
P5033,2021-10,169,49.29,8330.52,0.2604
P5038,2021-10,161,49.4,7953.21,0.2346
P5039,2021-10,174,44.19,7689.85,0.2346
P5040,2021-10,171,49.29,8428.71,0.2335
P5041,2021-10,180,48.8,8784.59,0.2366
P5044,2021-10,159,42.74,6795.74,0.2291
P5045,2021-10,180,43.32,7798.34,0.2339
P5046,2021-10,163,46.03,7502.51,0.2598
P5047,2021-10,164,42.12,6908.19,0.2687
P5049,2021-10,143,57.86,8273.29,0.0608
P5050,2021-10,135,64.87,8758.03,0.1006
P5051,2021-10,134,61.41,8228.83,0.0735
P5052,2021-10,138,63.87,8813.78,0.0613
P5055,2021-10,141,64.28,9063.65,0.0927
P5056,2021-10,299,56.54,16905.28,0.1012
P5059,2021-10,141,64.97,9160.4,0.0634
P5060,2021-10,139,55.99,7782.46,0.0879
P5061,2021-10,141,64.46,9089.04,0.0783
P5063,2021-10,138,60.54,8354.6,0.0959
P5064,2021-10,149,58.36,8695.04,0.1051
P5065,2021-10,144,62.38,8982.2,0.1056
P5066,2021-10,145,63.75,9243.78,0.0664
P5067,2021-10,149,56.94,8484.49,0.0667
P5068,2021-10,140,62.76,8786.58,0.0791
P5070,2021-10,138,61.31,8460.74,0.0872
P5073,2021-10,135,62.98,8502.01,0.0907
P5074,2021-10,137,63.85,8747.91,0.0956
P5075,2021-10,130,58.74,7636.73,0.1048
P5076,2021-10,131,64.96,8509.16,0.071
P5077,2021-10,138,64.41,8888.76,0.0864
P5080,2021-10,136,56.23,7646.82,0.0719
P5081,2021-10,143,63.0,9009.51,0.0684
P5082,2021-10,71,60.97,4328.52,0.0991
P5085,2021-10,132,64.55,8521.06,0.0743
P5086,2021-10,131,59.04,7733.94,0.0732
P5087,2021-10,145,63.53,9211.31,0.0893
P5088,2021-10,148,59.82,8853.09,0.0723
P5089,2021-10,131,55.62,7286.55,0.0685
P5090,2021-10,138,64.59,8914.11,0.0684
P5091,2021-10,136,57.65,7840.42,0.0643
P5092,2021-10,145,60.58,8783.9,0.0811
P5095,2021-10,142,56.14,7971.76,0.0752
P5096,2021-10,137,55.66,7626.01,0.1099
P5098,2021-10,135,58.61,7912.39,0.0789
P5099,2021-10,138,63.49,8761.13,0.0737
P5100,2021-10,149,60.1,8954.59,0.0911
P5101,2021-10,134,62.14,8326.75,0.1004
P5103,2021-10,136,62.23,8463.15,0.0949
P5105,2021-10,146,63.39,9255.65,0.0707
P5106,2021-10,142,58.92,8366.34,0.071
P5108,2021-10,142,60.27,8557.69,0.0961
P5110,2021-10,143,60.82,8697.26,0.0618
P5111,2021-10,134,64.58,8654.26,0.0791
P5112,2021-10,132,58.32,7698.75,0.0923
P5115,2021-10,132,59.25,7820.9,0.0865
P5116,2021-10,143,64.27,9191.1,0.072
P5117,2021-10,130,61.67,8016.75,0.086
P5118,2021-10,135,56.48,7624.37,0.0853
P5119,2021-10,139,55.87,7766.58,0.0666
P5120,2021-10,140,63.92,8949.17,0.0994
P5001,2021-11,196,152.23,29837.79,0.0675
P5002,2021-11,219,146.17,32011.41,0.1043
P5005,2021-11,202,151.86,30675.68,0.0624
P5007,2021-11,212,154.42,32737.51,0.0851
P5008,2021-11,191,147.44,28161.9,0.1097
P5009,2021-11,194,149.47,28996.64,0.0675
P5010,2021-11,206,149.47,30791.1,0.0795
P5011,2021-11,200,150.25,30049.31,0.0815
P5012,2021-11,216,152.43,32924.6,0.0856
P5013,2021-11,196,146.81,28773.8,0.1065
P5014,2021-11,217,146.35,31757.61,0.0928
P5017,2021-11,192,152.61,29300.16,0.1015
P5020,2021-11,206,151.2,31146.36,0.1036
P5021,2021-11,472,146.45,69122.13,0.0973
P5024,2021-11,207,147.82,30599.35,0.0636
P5025,2021-11,278,44.13,12269.17,0.2513
P5027,2021-11,286,46.72,13361.17,0.2434
P5028,2021-11,289,45.76,13224.11,0.2361
P5029,2021-11,277,46.51,12882.52,0.2635
P5031,2021-11,264,40.92,10803.29,0.2528
P5032,2021-11,271,47.82,12958.5,0.2687
P5033,2021-11,285,44.96,12814.29,0.2313
P5036,2021-11,286,44.63,12763.2,0.2425
P5038,2021-11,268,45.15,12100.12,0.2612
P5039,2021-11,267,44.77,11953.68,0.2207
P5040,2021-11,267,48.53,12956.93,0.2456
P5041,2021-11,270,48.11,12988.45,0.2374
P5044,2021-11,296,44.97,13311.39,0.2512
P5045,2021-11,274,43.37,11884.59,0.2475
P5046,2021-11,266,40.52,10778.72,0.2471
P5047,2021-11,298,49.89,14868.49,0.2304
P5049,2021-11,227,56.95,12928.72,0.0758
P5050,2021-11,225,61.13,13753.59,0.1001
P5051,2021-11,240,56.3,13512.58,0.0884
P5052,2021-11,230,60.82,13989.61,0.1058
P5055,2021-11,86,60.42,5196.34,0.0784
P5056,2021-11,219,60.11,13164.41,0.062
P5059,2021-11,244,55.65,13578.31,0.0638
P5060,2021-11,219,57.55,12603.05,0.0933
P5061,2021-11,244,56.14,13697.03,0.0601
P5063,2021-11,227,62.45,14176.16,0.0667
P5064,2021-11,232,60.29,13988.16,0.1074
P5065,2021-11,227,60.14,13652.68,0.0962
P5066,2021-11,220,60.85,13387.93,0.081
P5067,2021-11,236,63.76,15047.33,0.0726
P5068,2021-11,243,55.54,13495.02,0.0823
P5070,2021-11,224,58.33,13065.04,0.1025
P5073,2021-11,216,57.59,12439.03,0.1053
P5074,2021-11,241,61.7,14870.17,0.0805
P5075,2021-11,225,61.98,13944.42,0.0842
P5076,2021-11,237,56.96,13499.53,0.0818
P5077,2021-11,243,56.73,13784.99,0.1025
P5080,2021-11,233,61.89,14419.95,0.0729
P5081,2021-11,223,60.56,13505.59,0.0887
P5082,2021-11,228,57.86,13192.33,0.0632
P5085,2021-11,239,63.71,15227.68,0.0955
P5086,2021-11,221,64.63,14283.41,0.0974
P5087,2021-11,234,57.35,13419.24,0.0702
P5088,2021-11,239,55.26,13207.65,0.0905
P5089,2021-11,228,63.56,14492.17,0.0849
P5090,2021-11,227,59.79,13572.12,0.0729
P5091,2021-11,219,61.63,13496.1,0.0813
P5092,2021-11,227,58.96,13383.32,0.1059
P5095,2021-11,230,62.02,14264.81,0.0746
P5096,2021-11,217,62.99,13669.58,0.0925
P5098,2021-11,226,56.25,12712.59,0.0716
P5099,2021-11,233,60.63,14127.66,0.0824
P5100,2021-11,233,55.28,12881.3,0.0879
P5101,2021-11,230,57.29,13177.32,0.0947
P5103,2021-11,217,57.33,12441.54,0.0794
P5105,2021-11,218,61.48,13402.57,0.0939
P5106,2021-11,223,56.9,12688.64,0.0799
P5108,2021-11,219,59.86,13108.36,0.073
P5110,2021-11,245,61.39,15041.62,0.0734
P5111,2021-11,244,55.46,13531.9,0.1007
P5112,2021-11,219,62.32,13647.03,0.0885
P5115,2021-11,223,58.97,13150.86,0.1023
P5116,2021-11,217,55.57,12059.1,0.1005
P5117,2021-11,223,56.41,12580.37,0.1015
P5118,2021-11,236,61.06,14409.24,0.0892
P5119,2021-11,221,62.33,13775.36,0.0833
P5120,2021-11,226,64.36,14544.33,0.1032
P5001,2021-12,201,148.47,29842.79,0.0967
P5002,2021-12,218,151.43,33012.68,0.099
P5005,2021-12,199,148.56,29563.74,0.0777
P5007,2021-12,218,148.8,32439.15,0.1074
P5008,2021-12,211,152.66,32212.05,0.0636
P5009,2021-12,194,145.01,28132.55,0.0986
P5010,2021-12,194,146.71,28460.99,0.0625
P5011,2021-12,209,151.69,31703.96,0.0611
P5012,2021-12,205,153.58,31484.89,0.0882
P5013,2021-12,192,148.03,28421.46,0.0828
P5014,2021-12,201,145.54,29253.33,0.0797
P5017,2021-12,203,146.51,29741.56,0.1067
P5020,2021-12,203,146.35,29708.33,0.1054
P5021,2021-12,196,148.72,29148.47,0.0691
P5024,2021-12,215,150.58,32375.12,0.0912
P5025,2021-12,280,48.98,13713.35,0.2597
P5027,2021-12,276,46.2,12751.19,0.2618
P5028,2021-12,286,45.05,12883.74,0.2502
P5029,2021-12,301,47.67,14348.4,0.2414
P5031,2021-12,274,47.72,13074.99,0.2382
P5032,2021-12,299,41.0,12258.23,0.2281
P5033,2021-12,288,48.81,14056.3,0.2259
P5036,2021-12,267,47.53,12690.04,0.2423
P5038,2021-12,282,45.97,12963.35,0.2652
P5039,2021-12,277,48.3,13378.07,0.2287
P5040,2021-12,281,44.29,12445.16,0.2574
P5041,2021-12,296,42.25,12505.63,0.2206
P5044,2021-12,294,45.29,13315.62,0.2684
P5045,2021-12,284,48.7,13830.85,0.2324
P5046,2021-12,270,44.93,12131.83,0.231
P5047,2021-12,269,45.94,12358.88,0.2323
P5049,2021-12,217,59.05,12812.92,0.0729
P5050,2021-12,223,55.11,12290.11,0.0833
P5051,2021-12,223,59.99,13377.04,0.0963
P5052,2021-12,216,56.71,12250.11,0.0768
P5055,2021-12,227,64.35,14607.9,0.0903
P5056,2021-12,241,58.97,14211.83,0.0801
P5059,2021-12,104,57.29,5958.13,0.0609
P5060,2021-12,230,55.97,12872.68,0.1026
P5061,2021-12,239,63.28,15123.9,0.1027
P5063,2021-12,222,56.08,12450.01,0.0872
P5064,2021-12,247,64.81,16008.52,0.0909
P5065,2021-12,224,63.24,14166.62,0.0833
P5066,2021-12,234,60.74,14212.4,0.0658
P5067,2021-12,235,59.69,14027.68,0.1068
P5068,2021-12,231,59.35,13709.55,0.0895
P5070,2021-12,247,60.6,14968.59,0.1047
P5072,2021-12,235,57.68,13555.77,0.0681
P5073,2021-12,244,55.83,13623.41,0.1061
P5074,2021-12,235,56.3,13230.59,0.107
P5075,2021-12,236,63.53,14992.22,0.0815
P5076,2021-12,234,55.37,12956.33,0.0656
P5077,2021-12,242,56.96,13783.39,0.0756
P5080,2021-12,241,56.14,13530.67,0.0609
P5081,2021-12,227,58.32,13239.22,0.0982
P5082,2021-12,242,59.01,14279.54,0.0745
P5085,2021-12,239,62.54,14947.62,0.0668
P5086,2021-12,236,63.24,14924.47,0.0878
P5087,2021-12,235,58.51,13749.27,0.075
P5088,2021-12,224,55.69,12474.18,0.0827
P5089,2021-12,243,56.46,13719.08,0.0683
P5090,2021-12,240,56.01,13442.89,0.0819
P5091,2021-12,223,56.95,12698.84,0.0984
P5092,2021-12,234,64.68,15134.69,0.0907
P5095,2021-12,215,62.75,13490.45,0.0634
P5096,2021-12,220,58.68,12909.28,0.1026
P5098,2021-12,234,62.31,14580.05,0.0769
P5099,2021-12,247,61.25,15129.03,0.0959
P5100,2021-12,237,62.8,14884.07,0.1086
P5101,2021-12,230,58.66,13491.74,0.0644
P5103,2021-12,222,61.7,13697.07,0.072
P5105,2021-12,242,55.11,13335.79,0.0915
P5106,2021-12,242,63.27,15310.14,0.1038
P5108,2021-12,219,62.61,13711.0,0.0995
P5110,2021-12,216,57.92,12511.55,0.0771
P5111,2021-12,230,57.75,13281.87,0.0711
P5112,2021-12,223,59.03,13163.9,0.0667
P5115,2021-12,220,64.23,14131.67,0.1075
P5116,2021-12,233,60.05,13991.0,0.0966
P5117,2021-12,243,62.8,15259.89,0.0637
P5118,2021-12,241,56.92,13718.22,0.092
P5119,2021-12,223,55.73,12428.0,0.0628
P5120,2021-12,234,62.05,14520.45,0.0676
P5001,2022-01,70,170.09,11906.04,0.0901
P5002,2022-01,76,164.64,12513.01,0.0676
P5005,2022-01,70,165.51,11585.95,0.0605
P5007,2022-01,76,167.26,12711.8,0.0704
P5008,2022-01,69,167.35,11546.85,0.0709
P5009,2022-01,72,172.63,12429.22,0.0883
P5010,2022-01,37,171.92,6360.87,0.1057
P5011,2022-01,68,170.58,11599.7,0.0776
P5012,2022-01,68,166.1,11294.87,0.1012
P5013,2022-01,71,169.1,12006.45,0.0808
P5014,2022-01,68,170.71,11608.3,0.0988
P5017,2022-01,76,165.91,12609.19,0.0914
P5019,2022-01,72,165.6,11923.46,0.0801
P5020,2022-01,70,168.33,11783.11,0.0973
P5021,2022-01,77,163.33,12576.03,0.0625
P5024,2022-01,69,165.89,11446.54,0.1016
P5025,2022-01,115,54.17,6229.73,0.1975
P5027,2022-01,131,53.39,6994.1,0.1645
P5028,2022-01,122,52.19,6366.78,0.1655
P5029,2022-01,120,48.2,5784.17,0.1802
P5031,2022-01,131,50.86,6663.1,0.2064
P5032,2022-01,126,46.12,5810.96,0.2061
P5033,2022-01,120,55.22,6626.3,0.2041
P5036,2022-01,127,48.08,6106.34,0.1656
P5038,2022-01,128,46.61,5965.73,0.2008
P5039,2022-01,128,53.14,6801.69,0.2072
P5040,2022-01,120,51.16,6138.65,0.1605
P5041,2022-01,130,55.17,7172.23,0.1679
P5044,2022-01,121,54.3,6570.32,0.1691
P5045,2022-01,131,46.31,6066.55,0.1643
P5046,2022-01,118,46.79,5521.65,0.2075
P5047,2022-01,123,51.05,6278.86,0.1839
P5049,2022-01,101,68.37,6905.04,0.0878
P5050,2022-01,93,62.5,5812.34,0.0887
P5051,2022-01,96,67.52,6481.8,0.0739
P5052,2022-01,99,69.22,6853.07,0.0962
P5055,2022-01,90,64.53,5807.55,0.0915
P5056,2022-01,100,67.41,6740.55,0.0714
P5059,2022-01,102,66.78,6812.04,0.0816
P5060,2022-01,100,67.0,6700.07,0.1008
P5061,2022-01,97,65.61,6364.29,0.0645
P5064,2022-01,91,70.82,6445.06,0.085
P5065,2022-01,91,66.49,6050.4,0.0773
P5066,2022-01,103,64.39,6631.7,0.0636
P5067,2022-01,98,65.43,6411.68,0.084
P5068,2022-01,97,71.62,6946.69,0.0899
P5070,2022-01,103,71.93,7408.76,0.0958
P5072,2022-01,98,68.51,6714.45,0.0894
P5073,2022-01,94,62.97,5918.97,0.0923
P5074,2022-01,91,69.83,6354.4,0.0658
P5075,2022-01,99,65.7,6504.06,0.1041
P5076,2022-01,91,71.29,6487.74,0.1066
P5077,2022-01,102,68.76,7013.65,0.0628
P5080,2022-01,101,63.87,6450.39,0.0906
P5081,2022-01,101,65.05,6570.16,0.0633
P5082,2022-01,91,68.83,6263.3,0.0988
P5085,2022-01,99,62.85,6221.84,0.075
P5087,2022-01,100,69.37,6936.72,0.0809
P5088,2022-01,96,70.25,6743.68,0.0674
P5089,2022-01,99,65.52,6486.11,0.0834
P5090,2022-01,100,64.14,6413.81,0.0791
P5091,2022-01,91,67.21,6116.19,0.0602
P5092,2022-01,100,65.19,6519.22,0.1092
P5093,2022-01,93,65.94,6132.42,0.0902
P5095,2022-01,94,65.82,6187.17,0.0606
P5096,2022-01,99,63.6,6296.43,0.1003
P5098,2022-01,91,63.55,5783.47,0.0749
P5099,2022-01,97,66.77,6476.63,0.0788
P5100,2022-01,92,63.48,5840.33,0.0806
P5101,2022-01,94,69.7,6551.85,0.0671
P5103,2022-01,91,62.32,5671.21,0.0875
P5105,2022-01,93,70.65,6570.43,0.0647
P5106,2022-01,100,62.77,6277.49,0.1015
P5108,2022-01,93,64.2,5970.5,0.0824
P5110,2022-01,92,70.08,6447.05,0.1048
P5111,2022-01,103,63.8,6571.8,0.0706
P5112,2022-01,101,67.78,6845.93,0.0721
P5114,2022-01,97,66.0,6402.2,0.0721
P5115,2022-01,90,70.99,6389.34,0.0849
P5116,2022-01,98,62.83,6156.95,0.0986
P5117,2022-01,102,64.61,6590.51,0.0754
P5118,2022-01,99,71.28,7056.44,0.1055
P5119,2022-01,103,62.39,6426.53,0.104
P5120,2022-01,97,71.58,6943.57,0.0855
P5001,2022-02,151,169.2,25548.62,0.0712
P5002,2022-02,70,169.91,11893.7,0.0793
P5005,2022-02,71,163.51,11609.31,0.0708
P5007,2022-02,70,163.13,11418.86,0.1027
P5008,2022-02,77,167.55,12901.08,0.0658
P5009,2022-02,69,167.02,11524.59,0.1076
P5010,2022-02,76,165.62,12587.39,0.088
P5011,2022-02,73,165.26,12064.0,0.0603
P5012,2022-02,73,164.02,11973.6,0.0818
P5013,2022-02,74,165.03,12212.45,0.0808
P5014,2022-02,77,167.25,12877.88,0.079
P5017,2022-02,76,167.44,12725.13,0.062
P5019,2022-02,77,171.89,13235.67,0.0971
P5020,2022-02,68,164.67,11197.27,0.0994
P5021,2022-02,76,170.12,12929.23,0.0968
P5024,2022-02,130,169.79,22073.15,0.0834
P5025,2022-02,131,52.08,6822.43,0.1956
P5027,2022-02,125,50.2,6274.56,0.2009
P5028,2022-02,131,52.12,6827.88,0.1693
P5029,2022-02,118,53.5,6312.53,0.1976
P5031,2022-02,129,51.4,6630.84,0.2094
P5032,2022-02,130,48.74,6336.6,0.1957
P5033,2022-02,116,54.81,6357.89,0.1783
P5036,2022-02,130,45.65,5934.32,0.1636
P5038,2022-02,132,46.9,6190.52,0.193
P5039,2022-02,125,53.45,6681.68,0.1962
P5040,2022-02,117,50.53,5912.26,0.1712
P5041,2022-02,58,45.43,2634.91,0.169
P5044,2022-02,129,47.53,6131.51,0.1614
P5045,2022-02,116,48.24,5595.46,0.1769
P5046,2022-02,132,47.98,6332.85,0.1883
P5047,2022-02,123,46.65,5738.5,0.1801
P5049,2022-02,99,65.67,6500.95,0.0758
P5050,2022-02,95,64.66,6143.06,0.086
P5051,2022-02,93,69.59,6471.44,0.0734
P5052,2022-02,92,65.8,6053.4,0.0966
P5055,2022-02,92,68.4,6292.45,0.0851
P5056,2022-02,93,62.42,5804.8,0.0816
P5059,2022-02,99,65.81,6515.29,0.0856
P5060,2022-02,94,71.64,6733.94,0.0969
P5061,2022-02,92,69.11,6358.02,0.0653
P5064,2022-02,90,65.97,5936.9,0.0691
P5065,2022-02,97,70.74,6861.31,0.0838
P5066,2022-02,100,62.62,6262.27,0.0833
P5067,2022-02,99,65.25,6459.55,0.0917
P5068,2022-02,100,69.97,6996.96,0.1038
P5070,2022-02,95,64.37,6115.42,0.103
P5072,2022-02,102,66.22,6754.19,0.0736
P5073,2022-02,90,69.01,6210.68,0.073
P5074,2022-02,103,67.45,6946.87,0.0996
P5075,2022-02,90,70.15,6313.25,0.094
P5076,2022-02,100,71.41,7140.84,0.0661
P5077,2022-02,98,71.38,6994.96,0.0641
P5080,2022-02,98,62.55,6129.51,0.0601
P5081,2022-02,99,68.05,6737.43,0.0775
P5082,2022-02,99,63.42,6278.14,0.083
P5085,2022-02,95,64.47,6124.42,0.0933
P5087,2022-02,101,66.75,6741.83,0.0647
P5088,2022-02,96,71.56,6870.19,0.1002
P5089,2022-02,91,62.87,5720.92,0.0618
P5090,2022-02,92,68.48,6300.42,0.0632
P5091,2022-02,95,64.73,6149.82,0.0901
P5092,2022-02,96,64.7,6211.02,0.0818
P5093,2022-02,100,69.61,6961.23,0.0601
P5095,2022-02,97,62.2,6033.65,0.061
P5096,2022-02,103,62.59,6447.07,0.0745
P5098,2022-02,98,71.79,7035.63,0.063
P5099,2022-02,97,68.75,6668.42,0.1089
P5100,2022-02,98,63.43,6216.24,0.0773
P5101,2022-02,100,66.18,6618.25,0.0805
P5103,2022-02,98,67.09,6574.7,0.0703
P5105,2022-02,102,65.14,6644.07,0.0825
P5106,2022-02,98,63.13,6186.36,0.086
P5108,2022-02,103,67.92,6995.27,0.0723
P5110,2022-02,96,64.01,6144.5,0.0679
P5111,2022-02,97,70.99,6885.58,0.0944
P5112,2022-02,97,69.99,6789.04,0.0971
P5114,2022-02,96,62.89,6037.75,0.0949
P5115,2022-02,91,71.89,6542.01,0.0999
P5116,2022-02,99,63.37,6274.05,0.0612
P5117,2022-02,99,66.24,6557.88,0.0814
P5118,2022-02,93,69.87,6497.47,0.0614
P5119,2022-02,99,62.54,6191.09,0.0799
P5120,2022-02,91,68.49,6232.4,0.0689
P5001,2022-03,68,166.85,11345.58,0.0972
P5002,2022-03,74,169.34,12531.23,0.0857
P5005,2022-03,71,166.27,11805.07,0.1069
P5007,2022-03,70,169.17,11841.56,0.0813
P5008,2022-03,70,164.13,11489.42,0.0637
P5009,2022-03,68,168.15,11433.95,0.091
P5010,2022-03,75,166.34,12475.24,0.0656
P5011,2022-03,71,171.52,12177.78,0.0987
P5012,2022-03,76,172.11,13080.0,0.0657
P5013,2022-03,73,164.92,12038.93,0.1026
P5014,2022-03,72,167.12,12032.33,0.078
P5017,2022-03,68,170.37,11585.19,0.0623
P5018,2022-03,75,169.66,12724.19,0.1005
P5019,2022-03,75,165.74,12430.56,0.0814
P5020,2022-03,72,166.55,11991.75,0.0663
P5021,2022-03,73,165.27,12064.83,0.0662
P5024,2022-03,70,165.41,11578.51,0.0766
P5025,2022-03,131,45.87,6008.42,0.1922
P5027,2022-03,126,46.33,5837.34,0.1672
P5028,2022-03,116,49.25,5713.05,0.1656
P5029,2022-03,129,51.09,6590.59,0.1917
P5031,2022-03,117,47.28,5531.22,0.1734
P5032,2022-03,125,47.28,5909.83,0.1656
P5033,2022-03,116,54.71,6345.81,0.1886
P5036,2022-03,122,54.8,6685.68,0.1894
P5038,2022-03,124,49.45,6131.83,0.1844
P5039,2022-03,124,51.36,6368.82,0.1821
P5040,2022-03,121,46.05,5571.91,0.1976
P5041,2022-03,132,51.03,6736.0,0.1958
P5044,2022-03,128,52.88,6769.13,0.1706
P5045,2022-03,124,50.56,6269.85,0.1942
P5046,2022-03,132,54.6,7207.68,0.1748
P5047,2022-03,124,54.61,6771.25,0.1833
P5049,2022-03,91,67.98,6186.15,0.1013
P5050,2022-03,93,65.99,6136.99,0.0768
P5051,2022-03,97,70.81,6868.61,0.1099
P5052,2022-03,95,70.39,6687.11,0.0855
P5054,2022-03,95,65.73,6243.96,0.0866
P5055,2022-03,100,68.73,6873.26,0.1054
P5056,2022-03,103,68.58,7063.51,0.0998
P5059,2022-03,92,69.76,6417.79,0.0892
P5060,2022-03,93,69.64,6476.93,0.1038
P5061,2022-03,98,62.67,6142.06,0.0888
P5064,2022-03,99,69.66,6896.53,0.073
P5065,2022-03,97,71.85,6969.36,0.0827
P5066,2022-03,92,69.7,6412.36,0.0736
P5067,2022-03,92,71.23,6552.95,0.0611
P5068,2022-03,92,72.17,6639.58,0.09
P5070,2022-03,94,63.97,6012.86,0.0632
P5072,2022-03,95,71.05,6749.79,0.0817
P5073,2022-03,43,70.91,3049.13,0.0652
P5074,2022-03,102,66.53,6785.59,0.0787
P5075,2022-03,95,67.67,6428.31,0.0963
P5076,2022-03,90,71.45,6430.5,0.1043
P5077,2022-03,97,71.84,6968.2,0.0681
P5080,2022-03,91,70.81,6443.6,0.0866
P5081,2022-03,90,64.66,5819.7,0.0628
P5082,2022-03,90,71.21,6408.78,0.1032
P5085,2022-03,102,66.92,6825.97,0.0897
P5087,2022-03,90,71.07,6396.1,0.0737
P5088,2022-03,92,70.35,6472.23,0.0872
P5089,2022-03,102,68.96,7033.76,0.0893
P5090,2022-03,101,71.59,7230.3,0.0967
P5091,2022-03,92,66.48,6116.35,0.072
P5092,2022-03,95,70.95,6740.65,0.0773
P5093,2022-03,91,69.3,6306.18,0.0921
P5095,2022-03,100,68.93,6892.67,0.1075
P5096,2022-03,96,71.02,6817.81,0.0726
P5098,2022-03,93,63.41,5896.72,0.0858
P5099,2022-03,91,69.02,6280.4,0.1087
P5100,2022-03,91,68.92,6271.92,0.0965
P5101,2022-03,103,66.35,6834.3,0.0863
P5102,2022-03,92,64.88,5968.65,0.0772
P5103,2022-03,102,66.69,6802.4,0.081
P5105,2022-03,101,65.54,6619.43,0.0831
P5106,2022-03,99,64.28,6363.78,0.0627
P5108,2022-03,90,64.44,5799.3,0.1046
P5110,2022-03,97,67.05,6504.23,0.0857
P5111,2022-03,92,71.27,6556.63,0.1083
P5112,2022-03,92,63.56,5847.19,0.0819
P5114,2022-03,97,67.8,6576.79,0.0853
P5115,2022-03,100,65.27,6527.32,0.0755
P5116,2022-03,98,71.24,6981.4,0.0697
P5117,2022-03,96,65.69,6306.15,0.0796
P5118,2022-03,102,69.48,7087.38,0.0953
P5119,2022-03,98,67.95,6658.62,0.0774
P5120,2022-03,94,66.32,6233.87,0.0996
P5001,2022-04,71,163.07,11577.87,0.1084
P5002,2022-04,76,166.09,12623.17,0.0985
P5005,2022-04,68,170.53,11596.12,0.0817
P5007,2022-04,77,165.74,12762.02,0.1016
P5008,2022-04,75,165.29,12397.06,0.0723
P5009,2022-04,69,165.72,11434.37,0.0876
P5010,2022-04,77,166.24,12800.69,0.0819
P5011,2022-04,73,171.24,12500.27,0.0869
P5012,2022-04,75,168.46,12634.21,0.0794
P5013,2022-04,77,167.34,12885.22,0.0789
P5014,2022-04,75,167.5,12562.81,0.0904
P5017,2022-04,71,165.88,11777.37,0.0781
P5018,2022-04,75,166.5,12487.27,0.0723
P5019,2022-04,75,167.04,12528.04,0.0727
P5020,2022-04,72,172.35,12409.22,0.094
P5021,2022-04,72,171.55,12351.87,0.0955
P5024,2022-04,69,172.29,11887.77,0.0601
P5025,2022-04,60,46.45,2786.83,0.1975
P5027,2022-04,123,51.66,6353.76,0.175
P5028,2022-04,124,52.75,6541.15,0.194
P5029,2022-04,124,52.8,6547.15,0.1706
P5031,2022-04,117,52.2,6107.53,0.203
P5032,2022-04,130,48.37,6287.75,0.1749
P5033,2022-04,116,50.49,5856.52,0.2074
P5036,2022-04,126,46.19,5819.87,0.1742
P5038,2022-04,131,46.24,6058.04,0.1868
P5039,2022-04,131,54.51,7141.18,0.2035
P5040,2022-04,124,48.78,6049.15,0.165
P5041,2022-04,129,45.68,5892.43,0.1607
P5044,2022-04,121,53.4,6461.03,0.1684
P5045,2022-04,125,48.71,6088.2,0.1642
P5046,2022-04,123,52.48,6454.88,0.1685
P5047,2022-04,127,53.01,6732.28,0.2087
P5049,2022-04,102,67.59,6894.06,0.0714
P5050,2022-04,94,71.38,6710.05,0.0982
P5051,2022-04,101,72.03,7275.5,0.0811
P5052,2022-04,102,66.55,6788.21,0.0728
P5054,2022-04,97,64.59,6264.9,0.0751
P5055,2022-04,92,63.19,5813.3,0.1039
P5056,2022-04,91,66.68,6067.86,0.075
P5059,2022-04,90,65.33,5880.0,0.0852
P5060,2022-04,102,65.96,6727.96,0.1061
P5061,2022-04,92,65.24,6002.22,0.0998
P5064,2022-04,101,69.63,7032.72,0.0875
P5065,2022-04,98,67.09,6574.6,0.0729
P5066,2022-04,99,67.94,6726.54,0.0945
P5067,2022-04,92,62.88,5784.73,0.0668
P5068,2022-04,92,69.38,6382.71,0.0873
P5070,2022-04,102,66.67,6800.32,0.087
P5072,2022-04,101,64.45,6509.95,0.104
P5073,2022-04,93,64.64,6011.45,0.0889
P5074,2022-04,94,68.7,6457.6,0.1094
P5075,2022-04,101,71.79,7250.89,0.0713
P5076,2022-04,102,63.25,6451.09,0.0852
P5077,2022-04,96,64.59,6200.37,0.1028
P5080,2022-04,97,68.92,6685.47,0.0721
P5081,2022-04,100,68.14,6813.66,0.0794
P5082,2022-04,100,70.82,7081.7,0.0929
P5085,2022-04,194,62.54,12133.43,0.088
P5087,2022-04,92,64.09,5896.36,0.0973
P5088,2022-04,95,64.68,6144.25,0.097
P5089,2022-04,94,66.7,6269.94,0.0693
P5090,2022-04,98,63.9,6262.11,0.0651
P5091,2022-04,98,66.56,6523.16,0.0632
P5092,2022-04,91,70.25,6392.32,0.0879
P5093,2022-04,97,69.67,6757.85,0.0789
P5095,2022-04,95,67.91,6451.71,0.092
P5096,2022-04,92,65.64,6038.91,0.1066
P5098,2022-04,92,65.41,6018.1,0.0898
P5099,2022-04,99,70.95,7023.64,0.0961
P5100,2022-04,94,68.43,6432.11,0.1023
P5101,2022-04,101,69.95,7065.24,0.0771
P5102,2022-04,100,69.14,6913.8,0.1036
P5103,2022-04,97,67.67,6564.09,0.0894
P5105,2022-04,97,64.65,6270.69,0.108
P5106,2022-04,97,69.47,6738.51,0.0859
P5108,2022-04,101,70.03,7072.75,0.0659
P5110,2022-04,100,67.34,6734.05,0.0789
P5111,2022-04,97,70.39,6827.76,0.0747
P5112,2022-04,101,70.06,7076.22,0.0895
P5114,2022-04,100,68.1,6809.99,0.0648
P5115,2022-04,100,71.49,7149.3,0.0727
P5116,2022-04,96,64.89,6228.98,0.1062
P5117,2022-04,101,62.24,6286.46,0.1043
P5118,2022-04,96,65.8,6316.96,0.1039
P5119,2022-04,100,70.43,7043.45,0.0886
P5120,2022-04,98,65.0,6369.83,0.062
P5001,2022-05,74,165.44,12242.68,0.0969
P5002,2022-05,75,164.6,12345.35,0.0782
P5005,2022-05,71,165.5,11750.42,0.1005
P5007,2022-05,75,165.46,12409.76,0.1018
P5008,2022-05,74,165.49,12246.02,0.1003
P5009,2022-05,71,163.23,11589.08,0.0836
P5010,2022-05,75,165.57,12417.78,0.0714
P5011,2022-05,70,168.22,11775.29,0.0743
P5012,2022-05,71,166.9,11850.01,0.1049
P5013,2022-05,69,172.45,11899.0,0.0765
P5014,2022-05,77,169.58,13057.91,0.0846
P5017,2022-05,77,171.83,13230.85,0.0983
P5018,2022-05,73,164.04,11975.13,0.0916
P5019,2022-05,77,166.24,12800.34,0.1044
P5020,2022-05,70,167.04,11692.56,0.0859
P5021,2022-05,70,164.14,11489.65,0.0858
P5024,2022-05,75,171.94,12895.4,0.0759
P5025,2022-05,127,47.23,5997.6,0.206
P5027,2022-05,128,53.52,6850.92,0.1673
P5028,2022-05,127,47.95,6089.2,0.1839
P5029,2022-05,126,55.01,6931.0,0.1606
P5031,2022-05,129,50.26,6483.23,0.1615
P5032,2022-05,121,49.89,6036.47,0.1657
P5033,2022-05,119,54.45,6479.05,0.1817
P5036,2022-05,128,51.48,6590.08,0.1643
P5038,2022-05,117,48.35,5656.82,0.1803
P5039,2022-05,123,54.9,6752.91,0.1843
P5040,2022-05,120,53.26,6391.01,0.1752
P5041,2022-05,123,48.96,6021.88,0.1831
P5044,2022-05,118,48.5,5722.79,0.1925
P5045,2022-05,122,47.79,5829.99,0.1701
P5046,2022-05,130,45.51,5916.46,0.1653
P5047,2022-05,115,45.7,5255.51,0.1756
P5049,2022-05,100,64.34,6434.48,0.0803
P5050,2022-05,94,66.7,6269.79,0.0679
P5051,2022-05,99,63.46,6282.62,0.0618
P5052,2022-05,92,65.26,6003.98,0.1072
P5054,2022-05,96,69.91,6711.16,0.0897
P5055,2022-05,95,66.24,6292.61,0.0764
P5056,2022-05,94,68.16,6406.61,0.1074
P5059,2022-05,99,71.4,7068.11,0.0631
P5060,2022-05,96,71.45,6859.55,0.1018
P5061,2022-05,96,64.13,6156.04,0.0906
P5064,2022-05,99,70.19,6949.05,0.0703
P5065,2022-05,91,64.49,5868.35,0.0954
P5066,2022-05,94,69.12,6497.52,0.0692
P5067,2022-05,90,67.36,6062.67,0.065
P5068,2022-05,97,67.68,6565.3,0.1077
P5070,2022-05,99,72.02,7130.14,0.0857
P5072,2022-05,102,62.62,6386.78,0.0681
P5073,2022-05,99,62.61,6198.53,0.0794
P5074,2022-05,97,69.53,6744.07,0.0838
P5075,2022-05,98,65.05,6374.89,0.1033
P5076,2022-05,98,69.64,6824.31,0.088
P5077,2022-05,97,69.32,6724.5,0.0684
P5080,2022-05,95,65.13,6186.92,0.0662
P5081,2022-05,103,66.21,6819.19,0.0839
P5082,2022-05,91,67.41,6133.93,0.0859
P5083,2022-05,93,65.96,6134.71,0.0902
P5085,2022-05,94,69.68,6549.53,0.07
P5087,2022-05,92,66.41,6109.62,0.0759
P5088,2022-05,97,63.16,6126.37,0.0626
P5089,2022-05,94,65.61,6167.17,0.0814
P5090,2022-05,97,62.72,6083.57,0.0805
P5091,2022-05,91,65.37,5948.89,0.0703
P5092,2022-05,92,65.13,5991.74,0.1016
P5093,2022-05,90,64.75,5827.2,0.081
P5095,2022-05,95,65.36,6209.31,0.0997
P5096,2022-05,102,70.32,7172.67,0.102
P5098,2022-05,100,62.67,6266.85,0.0914
P5099,2022-05,92,70.13,6451.7,0.0727
P5100,2022-05,93,65.82,6121.67,0.0691
P5101,2022-05,94,68.02,6393.54,0.0796
P5102,2022-05,94,64.87,6097.62,0.0982
P5103,2022-05,102,69.88,7127.35,0.0919
P5105,2022-05,198,62.29,12332.63,0.0814
P5106,2022-05,91,64.31,5851.78,0.0784
P5108,2022-05,95,67.65,6426.51,0.0876
P5110,2022-05,92,70.29,6466.54,0.0901
P5111,2022-05,94,64.02,6017.8,0.0789
P5112,2022-05,95,68.81,6537.37,0.1025
P5114,2022-05,102,71.09,7250.75,0.0929
P5115,2022-05,98,67.3,6595.1,0.0605
P5116,2022-05,90,64.42,5798.09,0.0743
P5117,2022-05,94,71.22,6695.07,0.0951
P5118,2022-05,94,65.16,6124.62,0.0839
P5119,2022-05,101,63.73,6437.11,0.0856
P5120,2022-05,102,66.84,6817.99,0.0715
P5001,2022-06,87,167.09,14536.7,0.1085
P5002,2022-06,85,170.81,14519.12,0.1047
P5005,2022-06,86,168.85,14521.16,0.0833
P5007,2022-06,81,166.87,13516.22,0.0826
P5008,2022-06,87,163.67,14239.47,0.0782
P5009,2022-06,89,163.57,14557.36,0.097
P5010,2022-06,87,167.78,14596.76,0.082
P5011,2022-06,89,165.46,14725.91,0.0918
P5012,2022-06,85,170.0,14449.94,0.0634
P5013,2022-06,83,167.7,13919.35,0.0704
P5014,2022-06,81,167.76,13588.21,0.0903
P5017,2022-06,178,165.5,29458.36,0.0681
P5018,2022-06,79,170.23,13448.28,0.0684
P5019,2022-06,165,164.11,27077.61,0.0608
P5020,2022-06,84,170.56,14326.94,0.0765
P5021,2022-06,86,166.66,14332.76,0.1054
P5024,2022-06,84,169.45,14233.96,0.0668
P5025,2022-06,137,53.29,7300.25,0.1846
P5027,2022-06,152,47.38,7202.12,0.1962
P5028,2022-06,140,54.61,7645.7,0.19
P5029,2022-06,134,49.92,6689.59,0.2078
P5031,2022-06,139,52.96,7360.84,0.2009
P5032,2022-06,133,49.72,6612.67,0.1895
P5033,2022-06,152,51.21,7783.2,0.2047
P5035,2022-06,136,48.18,6552.33,0.2058
P5036,2022-06,135,50.11,6765.49,0.1797
P5038,2022-06,242,49.47,11971.53,0.1603
P5039,2022-06,144,46.32,6670.07,0.1866
P5040,2022-06,138,50.78,7007.4,0.1699
P5041,2022-06,140,54.28,7599.52,0.1612
P5044,2022-06,139,47.42,6591.65,0.1635
P5045,2022-06,144,51.33,7390.96,0.1706
P5046,2022-06,143,48.5,6935.26,0.1955
P5047,2022-06,140,48.73,6822.36,0.2064
P5049,2022-06,106,70.4,7462.24,0.0879
P5050,2022-06,116,71.87,8336.47,0.0619
P5051,2022-06,118,65.18,7691.71,0.0708
P5052,2022-06,116,62.51,7251.2,0.1047
P5054,2022-06,113,66.31,7492.74,0.0951
P5055,2022-06,106,68.8,7292.58,0.0924
P5056,2022-06,109,70.47,7681.05,0.0901
P5059,2022-06,106,67.24,7127.31,0.0932
P5060,2022-06,113,64.47,7285.61,0.0642
P5061,2022-06,110,71.29,7842.11,0.0615
P5064,2022-06,104,72.11,7498.95,0.082
P5065,2022-06,116,66.75,7743.55,0.0632
P5066,2022-06,103,66.76,6876.11,0.0709
P5067,2022-06,111,64.59,7169.39,0.1053
P5068,2022-06,113,72.04,8140.21,0.0957
P5070,2022-06,108,71.81,7755.39,0.1001
P5072,2022-06,107,68.17,7294.32,0.0919
P5073,2022-06,111,70.44,7819.11,0.1056
P5074,2022-06,116,63.83,7404.12,0.107
P5075,2022-06,109,69.69,7596.38,0.0916
P5076,2022-06,107,63.33,6776.59,0.0978
P5077,2022-06,107,64.04,6852.67,0.0902
P5080,2022-06,108,68.94,7445.57,0.0765
P5081,2022-06,115,67.81,7798.35,0.0757
P5082,2022-06,105,63.92,6711.79,0.0886
P5083,2022-06,113,66.51,7515.7,0.0806
P5085,2022-06,103,71.99,7415.47,0.0644
P5087,2022-06,117,64.87,7589.7,0.0879
P5088,2022-06,111,66.58,7390.16,0.0942
P5089,2022-06,110,67.12,7382.83,0.0852
P5090,2022-06,204,69.66,14210.54,0.0939
P5091,2022-06,112,68.5,7671.89,0.0841
P5092,2022-06,118,66.0,7787.87,0.084
P5093,2022-06,113,70.32,7946.38,0.0651
P5095,2022-06,103,62.6,6448.03,0.0771
P5096,2022-06,104,69.2,7196.31,0.0928
P5098,2022-06,117,63.48,7426.63,0.0919
P5099,2022-06,110,70.16,7717.71,0.0721
P5100,2022-06,113,69.05,7802.69,0.0857
P5101,2022-06,115,69.99,8048.64,0.0721
P5102,2022-06,110,70.82,7789.8,0.0965
P5103,2022-06,115,67.89,7807.52,0.0608
P5105,2022-06,117,67.7,7920.89,0.0642
P5106,2022-06,111,66.9,7426.27,0.0911
P5108,2022-06,104,62.42,6492.09,0.0912
P5110,2022-06,110,64.06,7046.62,0.0739
P5111,2022-06,113,65.21,7368.97,0.0871
P5112,2022-06,103,68.89,7095.42,0.1011
P5114,2022-06,105,66.64,6997.58,0.0901
P5115,2022-06,112,66.53,7451.42,0.0728
P5116,2022-06,118,64.72,7636.5,0.0654
P5117,2022-06,105,62.56,6569.12,0.0727
P5118,2022-06,112,63.68,7132.37,0.0647
P5119,2022-06,107,65.52,7010.41,0.0807
P5120,2022-06,110,63.02,6932.62,0.0716
P5001,2022-07,82,169.06,13862.87,0.0884
P5002,2022-07,87,165.91,14434.42,0.1027
P5005,2022-07,85,166.01,14110.95,0.0762
P5007,2022-07,85,165.41,14059.81,0.0811
P5008,2022-07,89,168.14,14964.3,0.1025
P5009,2022-07,86,169.92,14612.7,0.0906
P5010,2022-07,86,166.62,14328.92,0.0779
P5011,2022-07,85,169.24,14385.56,0.1032
P5012,2022-07,80,170.91,13672.65,0.0975
P5013,2022-07,78,169.29,13204.34,0.091
P5014,2022-07,36,163.41,5882.66,0.0859
P5017,2022-07,41,170.33,6983.54,0.0816
P5018,2022-07,78,164.96,12866.79,0.0939
P5019,2022-07,42,164.67,6916.06,0.107
P5020,2022-07,81,165.49,13404.82,0.0921
P5021,2022-07,87,172.2,14981.73,0.0703
P5022,2022-07,82,165.51,13571.74,0.0689
P5024,2022-07,89,171.51,15264.17,0.0773
P5025,2022-07,137,47.84,6553.78,0.1969
P5027,2022-07,148,49.31,7298.51,0.1876
P5028,2022-07,151,49.93,7539.63,0.1876
P5029,2022-07,141,50.72,7151.02,0.2005
P5031,2022-07,133,54.3,7221.58,0.2061
P5032,2022-07,74,46.57,3446.13,0.2009
P5033,2022-07,134,46.25,6197.12,0.1954
P5035,2022-07,139,49.06,6819.13,0.1952
P5036,2022-07,135,50.06,6758.39,0.1824
P5038,2022-07,132,55.13,7277.2,0.1954
P5039,2022-07,135,45.68,6166.97,0.2064
P5040,2022-07,135,52.45,7080.88,0.1941
P5041,2022-07,140,46.18,6465.04,0.1976
P5044,2022-07,137,54.63,7483.75,0.1987
P5045,2022-07,151,53.24,8038.66,0.1829
P5046,2022-07,138,51.44,7098.07,0.2048
P5047,2022-07,135,46.75,6311.86,0.2029
P5049,2022-07,109,64.97,7082.21,0.0731
P5050,2022-07,103,70.24,7234.59,0.0731
P5051,2022-07,116,70.52,8180.45,0.0681
P5052,2022-07,113,68.65,7757.95,0.0891
P5054,2022-07,250,71.79,17947.52,0.0803
P5055,2022-07,110,67.38,7412.12,0.1007
P5056,2022-07,104,64.12,6668.76,0.1061
P5059,2022-07,112,65.11,7292.71,0.0767
P5060,2022-07,113,65.46,7396.45,0.0862
P5061,2022-07,104,71.42,7427.67,0.0877
P5064,2022-07,113,70.52,7968.41,0.0805
P5065,2022-07,118,62.43,7367.28,0.0718
P5066,2022-07,108,63.06,6810.3,0.1051
P5067,2022-07,103,63.53,6543.87,0.0612
P5068,2022-07,113,66.24,7485.37,0.0939
P5070,2022-07,114,69.6,7934.1,0.0718
P5072,2022-07,106,63.07,6685.48,0.1092
P5073,2022-07,117,68.3,7991.47,0.07
P5074,2022-07,117,64.46,7542.01,0.0817
P5075,2022-07,115,65.09,7485.34,0.0873
P5076,2022-07,114,63.41,7228.78,0.0784
P5077,2022-07,106,70.79,7504.26,0.0696
P5080,2022-07,112,69.94,7833.76,0.0685
P5081,2022-07,108,65.52,7076.03,0.1016
P5082,2022-07,118,70.28,8292.81,0.0628
P5083,2022-07,109,66.94,7296.83,0.0665
P5085,2022-07,277,62.31,17258.66,0.096
P5087,2022-07,116,71.21,8259.91,0.0643
P5088,2022-07,198,70.75,14007.82,0.0746
P5089,2022-07,105,69.75,7323.35,0.1054
P5090,2022-07,110,68.75,7562.52,0.1079
P5091,2022-07,108,69.18,7471.52,0.1003
P5092,2022-07,115,63.26,7275.18,0.0691
P5093,2022-07,115,62.21,7154.7,0.0802
P5095,2022-07,117,71.88,8409.82,0.0877
P5096,2022-07,105,62.94,6608.95,0.1073
P5098,2022-07,114,63.33,7219.43,0.0915
P5099,2022-07,104,63.97,6652.83,0.0621
P5100,2022-07,110,63.61,6996.63,0.1017
P5101,2022-07,114,63.93,7288.31,0.0756
P5102,2022-07,110,70.66,7772.53,0.0692
P5103,2022-07,104,65.21,6782.19,0.088
P5105,2022-07,110,62.42,6865.66,0.0823
P5106,2022-07,106,67.19,7122.62,0.0833
P5108,2022-07,115,71.65,8239.85,0.0777
P5110,2022-07,118,63.48,7490.73,0.0678
P5111,2022-07,118,69.78,8234.45,0.0899
P5112,2022-07,107,66.32,7096.51,0.105
P5114,2022-07,118,64.62,7625.05,0.0793
P5115,2022-07,110,65.71,7227.76,0.1003
P5116,2022-07,112,64.08,7176.66,0.0649
P5117,2022-07,117,69.3,8107.65,0.0972
P5118,2022-07,103,71.0,7313.17,0.1083
P5119,2022-07,118,69.01,8143.76,0.0766
P5120,2022-07,108,72.15,7792.42,0.1095
P5001,2022-08,71,172.21,12226.64,0.1029
P5002,2022-08,75,166.51,12488.11,0.1055
P5005,2022-08,70,170.42,11929.58,0.1083
P5007,2022-08,74,170.47,12614.53,0.0777
P5008,2022-08,72,167.56,12064.0,0.1056
P5009,2022-08,70,165.93,11615.1,0.0935
P5010,2022-08,75,167.47,12560.51,0.0606
P5011,2022-08,156,169.66,26466.67,0.0886
P5012,2022-08,76,164.0,12464.31,0.0838
P5013,2022-08,70,171.16,11981.46,0.079
P5014,2022-08,72,169.19,12181.48,0.065
P5017,2022-08,77,163.23,12568.99,0.0998
P5018,2022-08,75,168.39,12629.04,0.0925
P5019,2022-08,68,164.75,11203.01,0.0671
P5020,2022-08,75,167.04,12528.26,0.1084
P5021,2022-08,68,169.4,11519.46,0.0626
P5022,2022-08,71,166.89,11849.06,0.0863
P5024,2022-08,75,166.54,12490.33,0.0655
P5025,2022-08,118,46.2,5452.17,0.1714
P5027,2022-08,115,53.58,6161.6,0.1793
P5028,2022-08,132,53.68,7085.94,0.1637
P5029,2022-08,116,50.15,5817.19,0.209
P5031,2022-08,131,46.7,6117.43,0.185
P5032,2022-08,125,46.18,5773.05,0.1777
P5033,2022-08,122,54.1,6600.68,0.1618
P5035,2022-08,131,50.61,6630.06,0.1654
P5036,2022-08,126,48.45,6105.2,0.1824
P5037,2022-08,124,53.98,6693.15,0.2051
P5038,2022-08,124,54.1,6707.83,0.1832
P5039,2022-08,120,53.13,6375.7,0.206
P5040,2022-08,123,47.08,5790.82,0.1776
P5041,2022-08,125,51.61,6451.29,0.1698
P5044,2022-08,116,54.59,6332.08,0.1954
P5045,2022-08,124,47.22,5855.9,0.1913
P5046,2022-08,124,45.69,5665.48,0.2004
P5047,2022-08,126,46.54,5863.99,0.1939
P5049,2022-08,97,65.18,6322.53,0.1095
P5050,2022-08,93,70.99,6602.15,0.0813
P5051,2022-08,197,64.75,12755.05,0.0797
P5052,2022-08,95,66.85,6351.03,0.1004
P5054,2022-08,101,66.69,6735.29,0.0696
P5055,2022-08,93,69.29,6443.59,0.074
P5056,2022-08,91,63.91,5815.51,0.0711
P5059,2022-08,102,62.28,6352.32,0.0738
P5060,2022-08,204,62.85,12821.12,0.0968
P5061,2022-08,93,64.09,5960.72,0.0997
P5064,2022-08,94,65.06,6115.35,0.0717
P5065,2022-08,94,68.53,6441.46,0.0603
P5066,2022-08,95,69.61,6612.56,0.0712
P5067,2022-08,101,64.55,6519.62,0.1069
P5068,2022-08,93,67.64,6290.98,0.0675
P5070,2022-08,90,63.08,5677.23,0.0786
P5072,2022-08,91,67.97,6184.91,0.0855
P5073,2022-08,90,62.55,5629.39,0.0966
P5074,2022-08,103,71.52,7367.02,0.0795
P5075,2022-08,96,65.84,6320.71,0.0694
P5076,2022-08,97,63.37,6146.51,0.0828
P5077,2022-08,90,69.67,6270.33,0.0677
P5080,2022-08,93,70.73,6577.6,0.0806
P5081,2022-08,96,65.33,6271.83,0.1088
P5082,2022-08,99,65.0,6434.99,0.0834
P5083,2022-08,97,67.15,6513.16,0.0626
P5085,2022-08,95,62.69,5955.47,0.0789
P5087,2022-08,97,68.55,6649.12,0.0756
P5088,2022-08,90,71.06,6395.62,0.0719
P5089,2022-08,97,64.28,6234.73,0.0867
P5090,2022-08,94,65.27,6135.68,0.079
P5091,2022-08,91,71.6,6515.16,0.0668
P5092,2022-08,100,69.62,6962.06,0.0743
P5093,2022-08,90,70.43,6338.55,0.0784
P5095,2022-08,93,66.13,6149.84,0.0793
P5096,2022-08,101,67.53,6820.16,0.0919
P5098,2022-08,90,69.81,6282.97,0.0743
P5099,2022-08,90,64.79,5831.01,0.0712
P5100,2022-08,35,69.61,2436.48,0.088
P5101,2022-08,90,64.75,5827.29,0.0717
P5102,2022-08,91,62.63,5699.04,0.09
P5103,2022-08,98,63.25,6198.97,0.0937
P5105,2022-08,92,63.83,5872.56,0.0857
P5106,2022-08,102,67.35,6869.49,0.062
P5108,2022-08,93,71.75,6672.79,0.0712
P5110,2022-08,97,62.91,6101.97,0.0634
P5111,2022-08,97,64.91,6296.07,0.0782
P5112,2022-08,93,71.94,6690.27,0.0835
P5114,2022-08,93,65.18,6061.85,0.0998
P5115,2022-08,90,72.11,6490.16,0.097
P5116,2022-08,94,70.08,6587.29,0.1067
P5117,2022-08,95,63.63,6044.54,0.1095
P5118,2022-08,93,69.72,6484.39,0.107
P5119,2022-08,91,63.9,5814.76,0.0824
P5120,2022-08,98,64.1,6281.72,0.0775
P5001,2022-09,77,165.39,12734.75,0.0661
P5002,2022-09,73,168.6,12308.11,0.062
P5005,2022-09,72,163.51,11772.37,0.0878
P5007,2022-09,72,172.47,12418.2,0.0635
P5008,2022-09,73,165.95,12114.35,0.0679
P5009,2022-09,69,172.78,11922.12,0.0659
P5010,2022-09,71,167.6,11899.9,0.0923
P5011,2022-09,74,167.01,12358.8,0.0969
P5012,2022-09,74,164.02,12137.42,0.1047
P5013,2022-09,70,172.88,12101.9,0.0682
P5014,2022-09,75,170.29,12772.08,0.0919
P5017,2022-09,68,163.73,11133.49,0.107
P5018,2022-09,70,172.18,12052.56,0.0706
P5019,2022-09,68,171.48,11660.92,0.0947
P5020,2022-09,72,166.28,11972.12,0.069
P5021,2022-09,71,169.8,12055.94,0.1055
P5022,2022-09,74,168.48,12467.27,0.0919
P5024,2022-09,77,163.08,12556.99,0.0707
P5025,2022-09,117,49.09,5743.36,0.1665
P5027,2022-09,120,50.35,6042.04,0.1761
P5028,2022-09,122,47.67,5816.18,0.1722
P5029,2022-09,116,46.41,5383.22,0.1682
P5031,2022-09,120,47.1,5652.2,0.1808
P5032,2022-09,127,49.83,6328.28,0.162
P5033,2022-09,261,52.41,13678.62,0.1962
P5035,2022-09,118,49.73,5868.2,0.1798
P5036,2022-09,122,54.33,6628.69,0.1854
P5037,2022-09,126,54.89,6916.02,0.2023
P5038,2022-09,118,54.15,6389.17,0.1704
P5039,2022-09,126,54.92,6920.23,0.1848
P5040,2022-09,125,50.06,6257.18,0.1605
P5041,2022-09,124,46.78,5801.02,0.1656
P5044,2022-09,127,48.86,6205.84,0.2087
P5045,2022-09,124,53.38,6619.02,0.1703
P5046,2022-09,129,52.49,6770.61,0.2086
P5047,2022-09,129,51.08,6589.8,0.1631
P5049,2022-09,100,67.54,6753.75,0.0914
P5050,2022-09,95,64.17,6095.87,0.0973
P5051,2022-09,103,69.01,7107.63,0.0621
P5052,2022-09,99,65.48,6482.4,0.0686
P5053,2022-09,96,70.37,6755.5,0.0904
P5054,2022-09,206,72.03,14838.9,0.0693
P5055,2022-09,94,66.11,6214.79,0.1095
P5056,2022-09,93,63.37,5893.41,0.0739
P5059,2022-09,95,62.21,5910.11,0.1096
P5060,2022-09,96,64.6,6201.22,0.0661
P5061,2022-09,99,67.73,6705.05,0.06
P5064,2022-09,96,65.19,6257.98,0.0717
P5065,2022-09,90,65.25,5872.35,0.0679
P5066,2022-09,93,71.41,6641.55,0.0975
P5067,2022-09,90,70.32,6328.72,0.0952
P5068,2022-09,98,63.77,6249.78,0.0739
P5070,2022-09,92,64.33,5918.64,0.0797
P5071,2022-09,93,64.98,6043.13,0.1077
P5072,2022-09,90,71.15,6403.88,0.1069
P5073,2022-09,100,70.22,7021.66,0.0755
P5074,2022-09,99,63.58,6294.22,0.0779
P5075,2022-09,47,70.58,3317.38,0.1078
P5076,2022-09,90,64.26,5783.84,0.0836
P5077,2022-09,90,63.3,5696.72,0.0616
P5080,2022-09,96,70.69,6786.02,0.0903
P5081,2022-09,97,70.09,6798.75,0.0823
P5082,2022-09,94,62.37,5862.4,0.1019
P5083,2022-09,100,65.17,6517.49,0.1018
P5085,2022-09,90,64.27,5784.48,0.0604
P5087,2022-09,103,62.44,6431.83,0.0662
P5088,2022-09,93,69.19,6434.82,0.086
P5089,2022-09,91,65.94,6000.54,0.0636
P5090,2022-09,91,67.0,6097.31,0.099
P5091,2022-09,93,72.14,6709.39,0.0861
P5092,2022-09,100,67.43,6743.4,0.104
P5093,2022-09,98,68.56,6718.96,0.0786
P5095,2022-09,90,69.64,6267.79,0.0991
P5096,2022-09,103,63.9,6582.09,0.0887
P5098,2022-09,94,67.45,6340.07,0.1044
P5099,2022-09,92,64.5,5933.59,0.0671
P5100,2022-09,92,71.34,6563.14,0.0628
P5101,2022-09,91,70.24,6391.45,0.0982
P5102,2022-09,93,66.72,6205.03,0.1072
P5103,2022-09,93,63.68,5922.52,0.0978
P5105,2022-09,92,67.03,6167.02,0.0609
P5106,2022-09,95,67.92,6452.56,0.0917
P5108,2022-09,101,64.09,6473.35,0.0748
P5110,2022-09,95,65.64,6235.48,0.1055
P5111,2022-09,92,67.29,6190.28,0.0865
P5112,2022-09,91,64.7,5887.34,0.089
P5114,2022-09,93,63.45,5900.93,0.087
P5115,2022-09,99,70.94,7023.49,0.0816
P5116,2022-09,97,71.83,6967.12,0.0795
P5117,2022-09,103,62.82,6470.55,0.0912
P5118,2022-09,93,63.72,5926.03,0.066
P5119,2022-09,90,67.91,6112.1,0.0916
P5120,2022-09,97,66.95,6494.1,0.0644
P5001,2022-10,70,165.24,11566.83,0.0601
P5002,2022-10,70,164.57,11519.71,0.1099
P5004,2022-10,74,167.61,12403.49,0.0757
P5005,2022-10,71,169.69,12048.19,0.0736
P5007,2022-10,69,171.05,11802.25,0.1078
P5008,2022-10,73,168.48,12299.1,0.0648
P5009,2022-10,71,165.64,11760.32,0.0877
P5010,2022-10,70,171.94,12035.54,0.1019
P5011,2022-10,68,167.73,11405.81,0.094
P5012,2022-10,70,171.85,12029.67,0.1054
P5013,2022-10,74,171.68,12704.57,0.0739
P5014,2022-10,76,163.27,12408.2,0.0785
P5017,2022-10,74,168.51,12470.08,0.1012
P5018,2022-10,75,165.75,12431.56,0.0945
P5019,2022-10,75,168.57,12643.12,0.085
P5020,2022-10,71,166.04,11788.69,0.0997
P5021,2022-10,71,172.25,12229.84,0.0986
P5022,2022-10,73,172.16,12567.46,0.0992
P5024,2022-10,73,170.76,12465.61,0.0834
P5025,2022-10,126,54.25,6836.01,0.1954
P5027,2022-10,125,46.68,5835.58,0.1643
P5028,2022-10,117,45.92,5372.42,0.2069
P5029,2022-10,124,53.23,6601.04,0.1853
P5031,2022-10,127,51.59,6552.03,0.2041
P5032,2022-10,118,48.07,5672.55,0.2067
P5033,2022-10,130,51.06,6638.0,0.1858
P5034,2022-10,122,48.64,5933.59,0.2034
P5035,2022-10,118,46.57,5495.22,0.192
P5036,2022-10,117,55.27,6466.03,0.1986
P5037,2022-10,126,51.67,6511.02,0.1965
P5038,2022-10,126,49.48,6234.96,0.1674
P5039,2022-10,122,47.38,5779.8,0.1967
P5040,2022-10,123,54.18,6664.01,0.1955
P5041,2022-10,126,45.86,5778.68,0.2077
P5044,2022-10,127,50.47,6409.49,0.2092
P5045,2022-10,122,51.6,6295.48,0.1847
P5046,2022-10,120,46.45,5574.05,0.208
P5047,2022-10,120,51.95,6234.33,0.1634
P5049,2022-10,95,69.64,6615.52,0.0705
P5050,2022-10,91,70.46,6412.09,0.0634
P5051,2022-10,92,66.05,6076.49,0.0749
P5052,2022-10,95,65.84,6254.92,0.0602
P5053,2022-10,90,71.62,6445.68,0.1037
P5054,2022-10,100,64.54,6453.61,0.0889
P5055,2022-10,99,69.98,6927.94,0.0757
P5056,2022-10,98,62.7,6144.91,0.0916
P5059,2022-10,91,70.37,6403.92,0.0677
P5060,2022-10,90,68.81,6192.9,0.0726
P5061,2022-10,94,67.46,6340.91,0.0991
P5064,2022-10,98,67.2,6585.74,0.1053
P5065,2022-10,97,67.7,6567.2,0.1053
P5066,2022-10,92,70.93,6525.18,0.0913
P5067,2022-10,98,67.7,6634.49,0.0717
P5068,2022-10,90,68.24,6141.32,0.0702
P5070,2022-10,102,67.25,6859.64,0.0716
P5071,2022-10,97,67.76,6572.24,0.0891
P5072,2022-10,91,64.68,5885.7,0.0677
P5073,2022-10,100,64.77,6477.03,0.1088
P5074,2022-10,91,63.66,5793.31,0.0675
P5075,2022-10,97,66.4,6440.66,0.083
P5076,2022-10,97,64.29,6236.01,0.0914
P5077,2022-10,101,69.96,7065.53,0.0749
P5080,2022-10,102,65.15,6645.45,0.0919
P5081,2022-10,98,64.77,6347.15,0.0809
P5082,2022-10,95,64.7,6146.14,0.1029
P5083,2022-10,102,66.36,6769.02,0.0751
P5085,2022-10,103,67.88,6991.57,0.1076
P5087,2022-10,93,66.81,6213.73,0.0654
P5088,2022-10,102,71.14,7256.02,0.0773
P5089,2022-10,96,67.72,6501.5,0.1024
P5090,2022-10,90,71.16,6404.19,0.0984
P5091,2022-10,94,68.35,6425.3,0.074
P5092,2022-10,93,66.34,6169.64,0.0893
P5093,2022-10,94,65.16,6125.42,0.0609
P5095,2022-10,94,63.69,5986.96,0.0757
P5096,2022-10,95,63.98,6078.42,0.0852
P5098,2022-10,96,65.94,6330.15,0.1062
P5099,2022-10,97,62.2,6033.5,0.0758
P5100,2022-10,95,68.76,6532.15,0.0821
P5101,2022-10,102,70.88,7229.29,0.0969
P5102,2022-10,96,72.17,6928.74,0.0906
P5103,2022-10,90,67.37,6063.69,0.0886
P5105,2022-10,91,66.36,6039.04,0.0922
P5106,2022-10,97,66.97,6495.78,0.0792
P5108,2022-10,92,68.77,6326.84,0.0876
P5110,2022-10,95,70.72,6718.09,0.0724
P5111,2022-10,95,63.03,5987.59,0.0657
P5112,2022-10,95,70.37,6685.27,0.0943
P5114,2022-10,91,65.33,5944.82,0.0898
P5115,2022-10,93,69.14,6430.09,0.0688
P5116,2022-10,99,69.57,6887.39,0.0759
P5117,2022-10,93,71.01,6604.16,0.0801
P5118,2022-10,94,66.87,6285.58,0.1085
P5119,2022-10,102,71.23,7265.58,0.0923
P5120,2022-10,101,70.26,7096.6,0.0661
P5001,2022-11,118,167.01,19706.93,0.0657
P5002,2022-11,121,172.19,20834.65,0.0716
P5004,2022-11,124,169.52,21019.94,0.0944
P5005,2022-11,126,163.42,20590.37,0.0685
P5007,2022-11,123,170.22,20936.59,0.0723
P5008,2022-11,116,171.58,19903.25,0.1097
P5009,2022-11,117,170.81,19984.39,0.0924
P5010,2022-11,124,167.54,20774.53,0.1035
P5011,2022-11,127,163.64,20782.37,0.093
P5012,2022-11,128,163.97,20988.35,0.064
P5013,2022-11,124,169.95,21073.96,0.0798
P5014,2022-11,125,171.76,21469.6,0.08
P5017,2022-11,116,171.92,19942.21,0.0617
P5018,2022-11,128,170.66,21844.19,0.0692
P5019,2022-11,126,170.37,21466.59,0.1083
P5020,2022-11,129,172.47,22249.26,0.0623
P5021,2022-11,112,170.55,19102.08,0.1065
P5022,2022-11,125,169.44,21180.39,0.1029
P5024,2022-11,119,172.62,20542.28,0.0798
P5025,2022-11,197,45.49,8962.35,0.2065
P5027,2022-11,197,49.31,9714.82,0.181
P5028,2022-11,204,52.17,10643.43,0.1989
P5029,2022-11,199,45.63,9080.32,0.2026
P5031,2022-11,195,46.11,8991.99,0.1734
P5032,2022-11,217,46.14,10012.74,0.1828
P5033,2022-11,198,49.43,9787.53,0.1812
P5034,2022-11,216,47.4,10237.34,0.1923
P5035,2022-11,193,52.49,10131.07,0.1938
P5036,2022-11,206,47.01,9684.98,0.1886
P5037,2022-11,207,49.3,10205.38,0.161
P5038,2022-11,198,46.6,9226.18,0.1883
P5039,2022-11,202,49.39,9977.37,0.1613
P5040,2022-11,206,48.91,10076.25,0.1661
P5041,2022-11,210,50.6,10626.34,0.185
P5044,2022-11,195,55.31,10784.94,0.2043
P5045,2022-11,214,55.34,11842.42,0.1754
P5046,2022-11,215,50.23,10800.01,0.1695
P5047,2022-11,202,54.12,10931.75,0.1976
P5049,2022-11,149,64.09,9550.01,0.0793
P5050,2022-11,149,66.48,9905.41,0.0987
P5051,2022-11,170,63.08,10724.15,0.1039
P5052,2022-11,166,69.73,11575.88,0.0893
P5053,2022-11,158,66.46,10500.44,0.1099
P5054,2022-11,154,68.78,10592.03,0.1066
P5055,2022-11,162,65.48,10608.5,0.063
P5056,2022-11,162,64.92,10516.65,0.0685
P5059,2022-11,163,72.12,11754.89,0.1083
P5060,2022-11,162,69.96,11332.75,0.1014
P5061,2022-11,169,66.78,11285.96,0.096
P5064,2022-11,164,69.57,11408.97,0.1027
P5065,2022-11,159,64.21,10209.79,0.1069
P5066,2022-11,162,67.88,10995.75,0.1055
P5067,2022-11,163,65.08,10607.53,0.0978
P5068,2022-11,156,72.08,11244.27,0.1
P5070,2022-11,158,62.25,9835.82,0.0983
P5071,2022-11,167,63.18,10550.49,0.0679
P5072,2022-11,152,63.05,9583.25,0.1074
P5073,2022-11,169,70.45,11906.13,0.066
P5074,2022-11,158,71.42,11283.84,0.0924
P5075,2022-11,154,66.98,10315.3,0.099
P5076,2022-11,159,67.29,10699.01,0.0603
P5077,2022-11,169,70.59,11930.3,0.0881
P5080,2022-11,150,72.0,10800.34,0.1078
P5081,2022-11,161,65.45,10536.77,0.1099
P5082,2022-11,165,67.5,11137.29,0.0952
P5083,2022-11,163,66.13,10778.86,0.0638
P5085,2022-11,159,64.53,10259.77,0.0973
P5087,2022-11,151,64.59,9752.85,0.0726
P5088,2022-11,153,67.95,10396.75,0.0818
P5089,2022-11,167,68.91,11507.65,0.0843
P5090,2022-11,163,68.23,11121.35,0.0754
P5091,2022-11,156,71.76,11194.86,0.1076
P5092,2022-11,338,67.22,22721.69,0.0738
P5093,2022-11,166,71.48,11865.77,0.0931
P5095,2022-11,160,70.89,11342.48,0.1099
P5096,2022-11,153,67.64,10348.72,0.0869
P5098,2022-11,150,70.42,10562.8,0.1017
P5099,2022-11,167,68.94,11512.38,0.0637
P5100,2022-11,169,70.8,11965.16,0.0792
P5101,2022-11,154,63.89,9839.31,0.079
P5102,2022-11,166,68.94,11444.54,0.0936
P5103,2022-11,152,68.63,10432.34,0.0998
P5105,2022-11,170,65.26,11093.74,0.0759
P5106,2022-11,159,64.33,10228.03,0.0671
P5108,2022-11,162,65.22,10566.42,0.0716
P5110,2022-11,166,64.34,10680.74,0.0884
P5111,2022-11,165,68.05,11227.53,0.0653
P5112,2022-11,156,72.15,11254.7,0.0957
P5114,2022-11,148,65.54,9699.65,0.0703
P5115,2022-11,157,62.81,9860.77,0.0806
P5116,2022-11,158,64.33,10164.69,0.0794
P5117,2022-11,156,64.02,9986.99,0.067
P5118,2022-11,150,62.39,9357.8,0.0678
P5119,2022-11,166,69.61,11555.93,0.0699
P5120,2022-11,158,70.07,11070.32,0.0635
P5001,2022-12,126,163.84,20643.68,0.1049
P5002,2022-12,116,167.24,19399.42,0.1084
P5004,2022-12,128,167.38,21424.22,0.0702
P5005,2022-12,116,171.12,19850.36,0.0659
P5007,2022-12,116,164.94,19133.15,0.0999
P5008,2022-12,123,163.79,20146.26,0.1016
P5009,2022-12,124,168.03,20836.32,0.0864
P5010,2022-12,126,164.43,20718.16,0.0692
P5011,2022-12,120,168.02,20161.9,0.1043
P5012,2022-12,125,170.3,21287.99,0.096
P5013,2022-12,116,168.06,19494.75,0.0629
P5014,2022-12,128,172.82,22120.43,0.0747
P5017,2022-12,124,170.19,21102.95,0.0897
P5018,2022-12,122,165.44,20183.39,0.1062
P5019,2022-12,115,163.17,18764.69,0.0733
P5020,2022-12,119,164.18,19536.87,0.0632
P5021,2022-12,127,164.17,20849.5,0.1066
P5022,2022-12,118,171.21,20202.55,0.0707
P5024,2022-12,126,167.43,21096.52,0.0787
P5025,2022-12,202,45.61,9212.89,0.1953
P5027,2022-12,208,45.86,9539.28,0.2068
P5028,2022-12,197,53.57,10552.86,0.176
P5029,2022-12,382,47.47,18132.4,0.2082
P5031,2022-12,205,49.31,10107.89,0.165
P5032,2022-12,212,53.51,11344.25,0.2011
P5033,2022-12,204,54.07,11029.37,0.1959
P5034,2022-12,198,46.85,9275.99,0.2026
P5035,2022-12,191,46.0,8786.39,0.1619
P5036,2022-12,193,47.38,9143.68,0.2041
P5037,2022-12,204,47.13,9614.82,0.175
P5038,2022-12,191,52.71,10066.94,0.1954
P5039,2022-12,211,54.02,11399.13,0.1845
P5040,2022-12,217,47.26,10254.95,0.1904
P5041,2022-12,216,52.0,11232.8,0.1749
P5044,2022-12,210,52.17,10955.35,0.1817
P5045,2022-12,193,53.24,10275.62,0.1862
P5046,2022-12,194,55.13,10695.88,0.165
P5047,2022-12,103,50.81,5233.89,0.1654
P5049,2022-12,156,64.06,9994.11,0.1034
P5050,2022-12,157,71.4,11209.28,0.0784
P5051,2022-12,156,68.85,10739.92,0.0792
P5052,2022-12,157,70.63,11089.01,0.0626
P5053,2022-12,164,65.03,10665.47,0.0839
P5054,2022-12,300,62.31,18692.33,0.1011
P5055,2022-12,159,69.32,11021.82,0.0679
P5056,2022-12,155,69.27,10736.84,0.0856
P5059,2022-12,163,67.67,11029.56,0.0755
P5060,2022-12,156,65.39,10201.18,0.1034
P5061,2022-12,152,62.96,9569.54,0.0717
P5064,2022-12,156,67.21,10484.31,0.0873
P5065,2022-12,153,65.76,10060.8,0.0689
P5066,2022-12,156,68.86,10741.52,0.0896
P5067,2022-12,149,69.36,10334.41,0.0837
P5068,2022-12,160,62.83,10052.46,0.075
P5070,2022-12,156,67.77,10572.9,0.069
P5071,2022-12,153,68.63,10500.11,0.0611
P5072,2022-12,161,71.57,11523.5,0.1029
P5073,2022-12,161,68.74,11066.38,0.0771
P5074,2022-12,156,65.22,10173.62,0.089
P5075,2022-12,149,63.57,9472.35,0.1085
P5076,2022-12,159,69.33,11023.95,0.0666
P5077,2022-12,159,64.02,10179.37,0.0941
P5080,2022-12,166,70.88,11765.56,0.0645
P5081,2022-12,155,62.55,9695.74,0.0702
P5082,2022-12,157,70.02,10993.61,0.1009
P5083,2022-12,164,66.22,10860.87,0.0803
P5085,2022-12,152,65.01,9881.66,0.1018
P5087,2022-12,169,65.71,11105.12,0.0966
P5088,2022-12,162,70.76,11463.88,0.0613
P5089,2022-12,155,71.04,11010.85,0.0916
P5090,2022-12,163,65.33,10648.95,0.1058
P5091,2022-12,162,66.78,10818.91,0.0744
P5092,2022-12,156,62.67,9777.14,0.108
P5093,2022-12,156,64.01,9985.25,0.08
P5095,2022-12,168,67.57,11351.63,0.0773
P5096,2022-12,161,68.17,10975.39,0.1016
P5098,2022-12,166,68.75,11411.91,0.1085
P5099,2022-12,156,71.38,11135.36,0.1
P5100,2022-12,150,71.6,10740.07,0.087
P5101,2022-12,148,66.51,9844.08,0.0743
P5102,2022-12,168,65.85,11062.99,0.1023
P5103,2022-12,156,70.64,11019.86,0.0629
P5105,2022-12,160,66.1,10576.63,0.0749
P5106,2022-12,169,63.61,10749.78,0.1046
P5108,2022-12,149,71.72,10685.96,0.0742
P5110,2022-12,163,67.91,11069.75,0.0954
P5111,2022-12,156,66.68,10401.93,0.0796
P5112,2022-12,163,66.98,10917.93,0.0887
P5114,2022-12,162,66.83,10826.19,0.0824
P5115,2022-12,156,67.2,10483.34,0.084
P5116,2022-12,168,70.65,11869.21,0.0613
P5117,2022-12,167,66.84,11162.32,0.0791
P5118,2022-12,156,64.52,10065.01,0.1009
P5119,2022-12,163,65.02,10598.03,0.0712
P5120,2022-12,152,67.71,10291.68,0.0963
P5001,2023-01,80,164.1,13127.98,0.0878
P5002,2023-01,88,172.25,15157.74,0.0894
P5004,2023-01,85,171.4,14569.03,0.0935
P5005,2023-01,88,171.46,15088.37,0.068
P5007,2023-01,89,165.86,14761.94,0.0858
P5008,2023-01,91,167.4,15233.48,0.0676
P5009,2023-01,89,164.58,14647.45,0.0809
P5010,2023-01,85,169.63,14418.14,0.0615
P5011,2023-01,82,167.0,13693.99,0.0941
P5012,2023-01,91,168.83,15363.61,0.0653
P5013,2023-01,89,163.7,14568.9,0.075
P5018,2023-01,81,166.28,13468.52,0.105
P5019,2023-01,80,172.56,13805.05,0.0963
P5020,2023-01,87,165.52,14400.41,0.065
P5021,2023-01,90,166.43,14978.34,0.0616
P5022,2023-01,87,166.44,14479.96,0.095
P5024,2023-01,84,170.26,14301.99,0.0864
P5025,2023-01,111,46.12,5119.55,0.1771
P5027,2023-01,111,49.52,5497.11,0.199
P5028,2023-01,117,55.28,6467.4,0.1642
P5029,2023-01,114,45.91,5234.04,0.2016
P5031,2023-01,124,54.4,6745.66,0.1632
P5032,2023-01,120,49.8,5975.42,0.194
P5033,2023-01,120,48.78,5853.92,0.1711
P5034,2023-01,114,49.97,5697.03,0.166
P5035,2023-01,110,51.69,5686.25,0.1666
P5036,2023-01,120,46.81,5617.48,0.1925
P5037,2023-01,122,50.87,6205.73,0.1725
P5038,2023-01,111,45.55,5055.92,0.2081
P5039,2023-01,114,48.53,5532.22,0.2069
P5040,2023-01,114,52.46,5980.83,0.1665
P5044,2023-01,112,54.16,6065.44,0.1636
P5045,2023-01,118,48.97,5779.04,0.1891
P5046,2023-01,112,54.01,6049.19,0.1952
P5047,2023-01,123,49.76,6120.2,0.1631
P5049,2023-01,91,62.94,5727.6,0.0729
P5050,2023-01,95,69.08,6562.2,0.0809
P5051,2023-01,90,64.91,5842.09,0.1016
P5052,2023-01,96,67.59,6488.59,0.1067
P5053,2023-01,95,65.71,6242.06,0.0726
P5054,2023-01,93,65.17,6061.13,0.0714
P5055,2023-01,101,71.22,7193.35,0.0628
P5056,2023-01,92,66.9,6154.6,0.0604
P5059,2023-01,100,65.53,6553.1,0.069
P5060,2023-01,99,65.07,6441.73,0.1098
P5061,2023-01,95,67.16,6380.23,0.0926
P5064,2023-01,97,65.11,6315.98,0.0783
P5065,2023-01,95,71.97,6837.21,0.0693
P5066,2023-01,91,65.17,5930.45,0.106
P5067,2023-01,93,68.24,6345.96,0.0922
P5068,2023-01,96,70.4,6758.19,0.0686
P5070,2023-01,97,71.97,6980.77,0.0844
P5071,2023-01,90,70.65,6358.26,0.0655
P5072,2023-01,98,70.41,6900.42,0.0803
P5073,2023-01,94,63.45,5964.7,0.0753
P5074,2023-01,92,62.43,5744.01,0.0669
P5075,2023-01,94,71.02,6675.91,0.0975
P5076,2023-01,101,65.56,6621.96,0.0882
P5077,2023-01,100,69.9,6989.7,0.078
P5080,2023-01,95,71.88,6828.85,0.062
P5081,2023-01,98,67.1,6576.28,0.0711
P5082,2023-01,96,66.76,6409.32,0.0778
P5083,2023-01,93,63.75,5928.29,0.0814
P5085,2023-01,93,70.37,6544.24,0.0845
P5087,2023-01,101,63.19,6382.13,0.1075
P5088,2023-01,98,69.96,6855.91,0.1084
P5089,2023-01,93,64.1,5961.02,0.0789
P5090,2023-01,94,62.61,5885.02,0.0701
P5091,2023-01,102,71.91,7334.77,0.0944
P5092,2023-01,98,64.23,6294.09,0.094
P5093,2023-01,100,69.39,6939.41,0.1085
P5095,2023-01,91,70.98,6459.02,0.0843
P5098,2023-01,90,67.03,6032.29,0.1073
P5099,2023-01,98,70.17,6876.98,0.063
P5100,2023-01,95,62.43,5930.57,0.0753
P5101,2023-01,99,69.29,6860.05,0.086
P5102,2023-01,97,71.22,6908.66,0.0944
P5103,2023-01,101,69.91,7061.0,0.0652
P5105,2023-01,97,64.08,6216.03,0.0704
P5106,2023-01,101,67.29,6796.75,0.0836
P5108,2023-01,97,69.26,6717.74,0.1067
P5110,2023-01,95,65.85,6255.87,0.0844
P5111,2023-01,97,71.35,6921.1,0.0695
P5112,2023-01,95,68.43,6500.4,0.0925
P5114,2023-01,94,67.37,6332.73,0.0799
P5115,2023-01,96,68.17,6544.28,0.0903
P5116,2023-01,93,63.85,5937.72,0.0725
P5117,2023-01,96,71.6,6873.13,0.0612
P5118,2023-01,96,71.72,6885.59,0.0713
P5119,2023-01,92,64.88,5968.75,0.0891
P5120,2023-01,96,70.36,6754.96,0.0704
P5001,2023-02,88,166.84,14681.67,0.0706
P5002,2023-02,32,170.4,5452.76,0.0995
P5004,2023-02,81,164.92,13358.12,0.0632
P5005,2023-02,81,168.85,13676.84,0.0893
P5007,2023-02,85,166.9,14186.72,0.0881
P5008,2023-02,91,169.93,15463.5,0.0872
P5009,2023-02,91,163.17,14848.27,0.0947
P5010,2023-02,84,170.7,14338.83,0.069
P5011,2023-02,81,163.8,13267.62,0.0946
P5012,2023-02,81,168.12,13617.34,0.0944
P5013,2023-02,84,169.79,14262.01,0.0707
P5018,2023-02,82,163.85,13435.8,0.0949
P5019,2023-02,82,170.85,14009.53,0.0934
P5020,2023-02,83,172.56,14322.59,0.0696
P5021,2023-02,90,171.49,15433.91,0.1081
P5022,2023-02,91,164.14,14937.05,0.1089
P5024,2023-02,88,172.72,15199.49,0.061
P5025,2023-02,111,47.79,5304.37,0.1672
P5026,2023-02,115,47.96,5515.9,0.1903
P5027,2023-02,125,45.73,5716.86,0.1796
P5028,2023-02,112,47.86,5360.65,0.1863
P5029,2023-02,126,46.06,5803.89,0.2061
P5030,2023-02,116,53.78,6238.67,0.1782
P5031,2023-02,66,53.81,3551.14,0.1609
P5032,2023-02,120,51.65,6197.51,0.1738
P5033,2023-02,118,50.79,5993.07,0.1904
P5034,2023-02,113,47.03,5314.74,0.1729
P5035,2023-02,117,46.04,5386.94,0.1984
P5036,2023-02,111,52.17,5790.72,0.1772
P5037,2023-02,110,47.99,5278.86,0.1912
P5038,2023-02,111,48.98,5436.81,0.1999
P5039,2023-02,111,54.29,6025.76,0.1835
P5040,2023-02,111,50.22,5574.76,0.186
P5044,2023-02,122,53.14,6483.59,0.1953
P5045,2023-02,121,52.24,6321.63,0.1756
P5046,2023-02,113,50.48,5703.78,0.1761
P5047,2023-02,123,48.78,5999.33,0.2025
P5049,2023-02,97,63.44,6153.45,0.1098
P5050,2023-02,94,72.18,6784.66,0.0625
P5051,2023-02,90,68.39,6155.0,0.1045
P5052,2023-02,96,71.32,6846.7,0.0626
P5053,2023-02,96,67.64,6493.46,0.0821
P5054,2023-02,91,65.6,5969.15,0.0861
P5055,2023-02,95,70.28,6676.2,0.0602
P5056,2023-02,100,69.54,6954.08,0.0684
P5059,2023-02,93,63.7,5924.37,0.1084
P5060,2023-02,99,66.81,6614.1,0.0897
P5061,2023-02,93,69.84,6495.42,0.0743
P5064,2023-02,93,63.74,5927.9,0.0898
P5065,2023-02,93,71.72,6670.0,0.067
P5066,2023-02,101,68.88,6956.87,0.1093
P5067,2023-02,99,71.72,7099.88,0.1062
P5068,2023-02,99,66.33,6566.43,0.097
P5070,2023-02,95,66.83,6349.06,0.1033
P5071,2023-02,93,69.35,6449.4,0.0847
P5072,2023-02,95,71.91,6831.72,0.0687
P5073,2023-02,92,63.78,5867.88,0.0705
P5074,2023-02,90,69.46,6251.71,0.0782
P5075,2023-02,99,70.63,6992.02,0.062
P5076,2023-02,101,68.35,6903.73,0.062
P5077,2023-02,97,70.94,6880.98,0.064
P5079,2023-02,90,68.03,6123.11,0.0662
P5080,2023-02,97,71.71,6955.82,0.0809
P5081,2023-02,94,67.83,6376.29,0.0633
P5082,2023-02,95,64.26,6104.46,0.1065
P5083,2023-02,91,68.73,6254.39,0.0697
P5085,2023-02,94,63.67,5985.17,0.0846
P5087,2023-02,100,66.43,6642.61,0.0602
P5088,2023-02,95,71.81,6821.51,0.0708
P5089,2023-02,101,70.34,7104.27,0.0734
P5090,2023-02,95,70.56,6703.42,0.066
P5091,2023-02,91,65.59,5968.34,0.0765
P5092,2023-02,100,70.23,7023.44,0.0979
P5093,2023-02,102,68.66,7002.87,0.0695
P5095,2023-02,90,65.9,5930.63,0.0775
P5098,2023-02,90,67.14,6042.19,0.0773
P5099,2023-02,98,66.91,6557.26,0.0785
P5100,2023-02,91,67.55,6146.74,0.081
P5101,2023-02,96,62.48,5997.72,0.0991
P5102,2023-02,97,64.86,6291.36,0.0806
P5103,2023-02,98,71.58,7015.17,0.063
P5105,2023-02,93,65.57,6097.93,0.1078
P5106,2023-02,100,64.11,6410.56,0.0864
P5108,2023-02,93,64.37,5986.31,0.0973
P5110,2023-02,98,67.85,6649.01,0.0935
P5111,2023-02,95,62.97,5982.61,0.1021
P5112,2023-02,100,67.46,6745.98,0.0915
P5114,2023-02,97,68.86,6679.64,0.0925
P5115,2023-02,103,63.77,6567.88,0.0944
P5116,2023-02,92,64.91,5971.98,0.0616
P5117,2023-02,101,72.01,7273.17,0.078
P5118,2023-02,102,66.59,6791.88,0.085
P5119,2023-02,102,65.41,6671.78,0.0795
P5120,2023-02,90,66.13,5951.39,0.106
P5001,2023-03,82,171.69,14078.24,0.0958
P5002,2023-03,86,169.03,14536.7,0.1079
P5004,2023-03,85,163.12,13865.07,0.0926
P5005,2023-03,82,172.94,14180.8,0.0806
P5007,2023-03,90,167.8,15102.12,0.0801
P5008,2023-03,85,164.67,13997.34,0.0887
P5009,2023-03,174,170.33,29637.86,0.0865
P5010,2023-03,86,166.54,14322.85,0.1036
P5011,2023-03,85,169.97,14447.76,0.0807
P5012,2023-03,88,164.74,14497.02,0.0638
P5013,2023-03,87,172.88,15040.48,0.0898
P5018,2023-03,81,172.22,13949.84,0.0754
P5019,2023-03,84,170.36,14310.21,0.0861
P5020,2023-03,82,171.92,14097.44,0.0663
P5021,2023-03,81,170.4,13802.38,0.0802
P5022,2023-03,85,165.97,14107.47,0.069
P5024,2023-03,84,166.92,14021.49,0.0615
P5025,2023-03,111,49.38,5481.58,0.1604
P5026,2023-03,112,54.14,6064.09,0.1794
P5027,2023-03,118,50.55,5964.61,0.1712
P5028,2023-03,117,52.78,6175.31,0.2022
P5029,2023-03,116,49.3,5718.53,0.1796
P5030,2023-03,124,49.98,6197.67,0.1633
P5031,2023-03,117,47.08,5508.07,0.1635
P5032,2023-03,114,52.61,5998.09,0.2054
P5033,2023-03,122,51.13,6238.22,0.1611
P5034,2023-03,110,48.0,5280.49,0.2035
P5035,2023-03,111,51.04,5665.88,0.1772
P5036,2023-03,119,51.75,6157.76,0.1624
P5037,2023-03,116,52.2,6054.87,0.2015
P5038,2023-03,112,54.12,6061.68,0.1713
P5039,2023-03,125,49.45,6181.76,0.1869
P5040,2023-03,117,54.68,6398.01,0.1678
P5044,2023-03,110,52.14,5735.85,0.1988
P5045,2023-03,123,50.59,6223.04,0.1724
P5046,2023-03,123,54.08,6651.24,0.2041
P5047,2023-03,124,52.89,6558.16,0.1919
P5049,2023-03,95,67.23,6386.58,0.0826
P5050,2023-03,98,67.37,6602.56,0.1008
P5051,2023-03,100,63.15,6314.6,0.0991
P5052,2023-03,94,65.44,6151.78,0.0994
P5053,2023-03,94,69.11,6496.31,0.1052
P5054,2023-03,102,64.57,6586.12,0.1026
P5055,2023-03,97,71.1,6896.22,0.0787
P5056,2023-03,91,63.17,5748.57,0.0856
P5059,2023-03,94,66.22,6224.41,0.0766
P5060,2023-03,94,67.32,6328.04,0.1058
P5061,2023-03,103,65.77,6774.16,0.1029
P5064,2023-03,100,70.0,6999.52,0.0786
P5065,2023-03,96,66.97,6428.89,0.1019
P5066,2023-03,103,71.36,7349.88,0.108
P5067,2023-03,101,70.68,7139.0,0.1054
P5068,2023-03,93,65.96,6134.18,0.0792
P5069,2023-03,98,70.23,6882.35,0.0872
P5070,2023-03,94,71.79,6748.5,0.0725
P5071,2023-03,94,69.85,6565.71,0.0994
P5072,2023-03,99,67.73,6705.19,0.0798
P5073,2023-03,92,62.78,5775.65,0.0702
P5074,2023-03,98,64.16,6287.35,0.1
P5075,2023-03,99,67.73,6705.58,0.1075
P5076,2023-03,97,70.34,6823.4,0.0902
P5077,2023-03,102,68.71,7008.79,0.0927
P5079,2023-03,99,71.9,7118.35,0.1057
P5080,2023-03,96,66.21,6356.42,0.0635
P5081,2023-03,102,65.32,6662.39,0.0601
P5082,2023-03,92,70.75,6509.0,0.1094
P5083,2023-03,98,67.47,6612.18,0.1054
P5085,2023-03,102,62.46,6371.33,0.104
P5087,2023-03,102,68.52,6988.82,0.0697
P5088,2023-03,99,65.98,6532.19,0.0879
P5089,2023-03,92,69.13,6359.52,0.1076
P5090,2023-03,101,69.17,6986.39,0.0678
P5091,2023-03,92,71.64,6590.52,0.0651
P5092,2023-03,95,71.17,6761.04,0.1007
P5093,2023-03,47,64.09,3012.04,0.1086
P5095,2023-03,99,66.65,6598.84,0.1088
P5098,2023-03,96,65.8,6317.0,0.0957
P5099,2023-03,103,65.35,6731.21,0.0676
P5100,2023-03,103,63.1,6499.12,0.0841
P5101,2023-03,103,66.7,6869.59,0.0826
P5102,2023-03,99,68.28,6760.16,0.0642
P5103,2023-03,92,65.0,5980.14,0.0714
P5105,2023-03,100,68.45,6845.26,0.0907
P5106,2023-03,92,68.19,6273.38,0.0974
P5108,2023-03,90,71.84,6465.51,0.1028
P5110,2023-03,91,64.54,5873.03,0.0624
P5111,2023-03,92,63.92,5880.28,0.0936
P5112,2023-03,102,63.51,6477.79,0.1009
P5114,2023-03,97,67.52,6549.66,0.0927
P5115,2023-03,97,67.7,6566.77,0.1039
P5116,2023-03,92,68.72,6321.95,0.0746
P5117,2023-03,94,65.91,6195.47,0.0713
P5118,2023-03,93,69.54,6467.38,0.0831
P5119,2023-03,97,66.43,6443.85,0.1077
P5120,2023-03,48,65.04,3121.84,0.0745
P5001,2023-04,90,170.42,15338.16,0.0866
P5002,2023-04,91,166.97,15193.87,0.0635
P5004,2023-04,91,171.61,15616.91,0.0897
P5005,2023-04,84,169.22,14214.71,0.1018
P5007,2023-04,80,172.17,13773.77,0.0651
P5008,2023-04,84,170.64,14333.68,0.0884
P5009,2023-04,87,170.09,14797.92,0.0992
P5010,2023-04,83,167.35,13890.2,0.0836
P5011,2023-04,87,172.72,15027.03,0.1094
P5012,2023-04,86,163.94,14098.44,0.0846
P5013,2023-04,83,170.53,14153.91,0.0843
P5018,2023-04,88,168.55,14832.69,0.0677
P5019,2023-04,85,169.49,14406.97,0.1059
P5020,2023-04,89,169.56,15090.63,0.0619
P5021,2023-04,84,164.9,13851.62,0.1052
P5022,2023-04,81,163.64,13254.5,0.0625
P5024,2023-04,89,167.85,14938.86,0.0932
P5025,2023-04,123,50.09,6161.12,0.2028
P5026,2023-04,125,47.77,5971.46,0.1859
P5027,2023-04,116,53.18,6168.84,0.1616
P5028,2023-04,116,51.69,5996.0,0.2004
P5029,2023-04,117,52.27,6115.73,0.1994
P5030,2023-04,125,52.5,6562.77,0.1663
P5031,2023-04,123,54.02,6644.98,0.2066
P5032,2023-04,122,53.72,6554.12,0.191
P5033,2023-04,118,53.02,6256.66,0.1764
P5034,2023-04,115,48.36,5561.09,0.1864
P5035,2023-04,120,55.39,6647.37,0.17
P5036,2023-04,124,54.24,6726.1,0.1697
P5037,2023-04,112,55.12,6173.23,0.2091
P5038,2023-04,123,51.35,6316.24,0.1888
P5039,2023-04,113,52.15,5893.1,0.1925
P5040,2023-04,120,54.88,6585.38,0.1691
P5044,2023-04,124,52.83,6550.45,0.17
P5045,2023-04,113,47.66,5385.94,0.1653
P5046,2023-04,113,47.99,5422.64,0.2037
P5047,2023-04,126,48.85,6155.33,0.1653
P5049,2023-04,102,67.06,6839.78,0.0975
P5050,2023-04,98,63.94,6266.49,0.1019
P5051,2023-04,97,64.62,6268.58,0.093
P5052,2023-04,100,69.8,6979.59,0.1044
P5053,2023-04,99,64.05,6341.01,0.1048
P5054,2023-04,90,68.21,6138.86,0.0896
P5055,2023-04,96,62.64,6013.42,0.0921
P5056,2023-04,98,69.41,6801.96,0.1031
P5059,2023-04,92,62.72,5769.93,0.0636
P5060,2023-04,92,63.0,5796.06,0.0653
P5061,2023-04,102,63.71,6498.04,0.0886
P5062,2023-04,99,67.59,6691.62,0.0998
P5064,2023-04,99,66.88,6621.5,0.1069
P5065,2023-04,95,62.68,5954.98,0.0763
P5066,2023-04,99,62.74,6211.0,0.0943
P5067,2023-04,96,71.49,6863.49,0.0947
P5068,2023-04,97,63.78,6186.48,0.0976
P5069,2023-04,48,62.33,2991.71,0.0922
P5070,2023-04,100,69.94,6994.43,0.0744
P5071,2023-04,92,72.13,6635.87,0.0752
P5072,2023-04,97,64.08,6215.94,0.0739
P5073,2023-04,93,69.68,6480.23,0.1075
P5074,2023-04,94,65.9,6194.86,0.0688
P5075,2023-04,101,69.45,7014.4,0.0667
P5076,2023-04,101,63.98,6462.04,0.1004
P5077,2023-04,96,64.1,6153.88,0.1051
P5079,2023-04,100,67.9,6790.2,0.071
P5080,2023-04,93,68.09,6332.68,0.0801
P5081,2023-04,95,66.27,6295.34,0.0829
P5082,2023-04,95,65.57,6229.21,0.0628
P5083,2023-04,102,70.76,7217.8,0.0829
P5085,2023-04,94,63.59,5977.83,0.0957
P5087,2023-04,92,69.0,6347.67,0.0716
P5088,2023-04,101,62.92,6354.78,0.1044
P5089,2023-04,94,68.52,6440.95,0.0885
P5090,2023-04,92,69.56,6399.52,0.0807
P5091,2023-04,103,71.15,7328.88,0.109
P5092,2023-04,92,70.06,6445.55,0.0875
P5093,2023-04,100,68.57,6857.15,0.0979
P5095,2023-04,103,65.48,6744.34,0.0605
P5098,2023-04,98,68.16,6679.75,0.0881
P5099,2023-04,102,68.07,6943.53,0.1036
P5100,2023-04,94,67.36,6332.26,0.0683
P5101,2023-04,101,72.1,7282.48,0.0646
P5102,2023-04,93,66.67,6200.28,0.0672
P5103,2023-04,102,68.68,7005.39,0.1004
P5105,2023-04,97,64.13,6220.95,0.0873
P5106,2023-04,90,63.97,5757.62,0.0995
P5108,2023-04,101,70.9,7161.36,0.105
P5110,2023-04,97,70.86,6873.17,0.0916
P5111,2023-04,94,66.76,6275.65,0.0983
P5112,2023-04,92,68.35,6287.82,0.1077
P5114,2023-04,90,68.15,6133.83,0.0874
P5115,2023-04,98,65.83,6451.4,0.0683
P5116,2023-04,94,66.95,6293.04,0.1028
P5117,2023-04,91,69.91,6361.78,0.089
P5118,2023-04,94,63.05,5926.62,0.0644
P5119,2023-04,100,71.22,7122.27,0.0765
P5120,2023-04,91,69.07,6285.57,0.069
P5001,2023-05,36,163.32,5879.57,0.0661
P5002,2023-05,90,166.44,14979.85,0.0953
P5004,2023-05,80,163.87,13109.85,0.1007
P5005,2023-05,89,165.07,14691.07,0.1052
P5007,2023-05,80,168.09,13447.55,0.0791
P5008,2023-05,91,170.18,15486.18,0.0689
P5009,2023-05,91,164.31,14952.23,0.089
P5010,2023-05,91,165.96,15102.11,0.0639
P5011,2023-05,82,163.73,13425.66,0.0911
P5012,2023-05,80,164.83,13186.19,0.0708
P5013,2023-05,87,171.95,14959.59,0.08
P5018,2023-05,88,172.49,15179.16,0.07
P5019,2023-05,82,165.54,13574.18,0.0832
P5020,2023-05,89,168.99,15040.2,0.078
P5021,2023-05,88,169.86,14948.02,0.0808
P5022,2023-05,88,166.82,14679.74,0.0657
P5024,2023-05,90,166.16,14954.41,0.0638
P5025,2023-05,126,47.04,5926.9,0.2039
P5026,2023-05,117,52.33,6123.11,0.1912
P5027,2023-05,119,53.5,6366.75,0.1847
P5028,2023-05,122,51.71,6308.85,0.1988
P5029,2023-05,120,49.35,5921.67,0.2045
P5030,2023-05,126,53.99,6803.04,0.1986
P5031,2023-05,252,50.65,12763.23,0.166
P5032,2023-05,119,53.48,6363.97,0.1672
P5033,2023-05,116,46.57,5402.04,0.192
P5034,2023-05,115,51.97,5976.03,0.1732
P5035,2023-05,112,54.94,6152.94,0.2085
P5036,2023-05,118,53.36,6296.52,0.1821
P5037,2023-05,282,49.08,13841.74,0.2068
P5038,2023-05,121,45.61,5519.13,0.2037
P5039,2023-05,113,48.02,5426.32,0.1729
P5040,2023-05,116,52.5,6089.78,0.19
P5044,2023-05,112,51.6,5779.65,0.1961
P5045,2023-05,110,52.5,5775.17,0.1722
P5046,2023-05,115,51.68,5943.34,0.1712
P5047,2023-05,121,51.19,6193.52,0.1954
P5049,2023-05,97,64.55,6261.52,0.0707
P5050,2023-05,91,68.02,6189.97,0.1008
P5051,2023-05,92,68.6,6311.55,0.0978
P5052,2023-05,90,69.32,6239.1,0.1053
P5053,2023-05,91,64.61,5879.23,0.0981
P5054,2023-05,101,68.76,6944.79,0.0771
P5055,2023-05,95,68.5,6507.97,0.0889
P5056,2023-05,91,72.15,6565.86,0.0949
P5058,2023-05,92,64.42,5926.49,0.108
P5059,2023-05,91,70.5,6415.58,0.0773
P5060,2023-05,90,71.81,6463.21,0.0948
P5061,2023-05,92,67.43,6203.9,0.0827
P5062,2023-05,188,68.06,12795.35,0.0902
P5064,2023-05,101,66.51,6717.54,0.0761
P5065,2023-05,90,72.06,6485.35,0.1049
P5066,2023-05,98,66.99,6564.78,0.0806
P5067,2023-05,99,70.94,7023.11,0.0974
P5068,2023-05,96,65.89,6325.23,0.0992
P5069,2023-05,100,62.42,6241.93,0.0851
P5070,2023-05,91,68.54,6237.43,0.0944
P5071,2023-05,91,69.0,6278.69,0.0695
P5072,2023-05,96,66.11,6346.8,0.0937
P5073,2023-05,101,65.85,6651.1,0.0685
P5074,2023-05,94,70.08,6587.62,0.1082
P5075,2023-05,99,72.08,7136.41,0.068
P5076,2023-05,93,64.25,5975.13,0.0993
P5077,2023-05,94,64.73,6085.0,0.061
P5079,2023-05,90,69.86,6287.69,0.0953
P5080,2023-05,95,69.88,6638.2,0.0771
P5081,2023-05,101,71.63,7234.27,0.0909
P5082,2023-05,90,63.63,5727.02,0.0703
P5083,2023-05,95,67.05,6369.47,0.0945
P5085,2023-05,99,66.32,6565.98,0.0683
P5087,2023-05,96,63.86,6130.11,0.0624
P5088,2023-05,96,71.85,6897.28,0.0628
P5089,2023-05,95,63.39,6021.9,0.0822
P5090,2023-05,95,63.38,6021.33,0.0955
P5091,2023-05,103,64.35,6627.8,0.1065
P5092,2023-05,100,64.98,6497.89,0.0923
P5093,2023-05,95,63.63,6044.85,0.109
P5095,2023-05,93,65.61,6102.07,0.0724
P5098,2023-05,94,64.14,6029.28,0.0685
P5099,2023-05,92,63.82,5871.17,0.0738
P5100,2023-05,99,69.79,6909.29,0.0654
P5101,2023-05,91,69.69,6341.55,0.0956
P5102,2023-05,101,62.21,6283.25,0.0611
P5103,2023-05,102,66.74,6807.02,0.0949
P5105,2023-05,92,69.84,6424.97,0.0746
P5106,2023-05,93,67.77,6302.6,0.0614
P5107,2023-05,95,65.52,6224.62,0.0667
P5108,2023-05,90,65.19,5867.15,0.066
P5110,2023-05,100,64.11,6411.28,0.0883
P5111,2023-05,98,63.38,6211.11,0.0745
P5112,2023-05,93,65.17,6061.09,0.0835
P5114,2023-05,98,71.75,7031.09,0.07
P5115,2023-05,91,65.08,5922.02,0.0768
P5116,2023-05,98,62.23,6098.73,0.1067
P5117,2023-05,94,63.14,5935.55,0.0911
P5118,2023-05,94,68.27,6417.11,0.0686
P5119,2023-05,92,64.93,5973.45,0.0669
P5120,2023-05,97,71.18,6904.46,0.0613
P5001,2023-06,105,169.81,17829.7,0.0933
P5002,2023-06,43,169.7,7297.24,0.1055
P5004,2023-06,95,164.38,15616.33,0.0799
P5005,2023-06,94,164.58,15470.85,0.0737
P5007,2023-06,103,163.67,16858.39,0.0713
P5008,2023-06,95,167.07,15871.88,0.0884
P5009,2023-06,101,167.24,16891.19,0.088
P5010,2023-06,102,163.08,16633.78,0.0936
P5011,2023-06,96,170.71,16388.18,0.0603
P5012,2023-06,93,170.05,15814.64,0.0702
P5013,2023-06,92,164.08,15095.61,0.0992
P5018,2023-06,100,169.71,16970.69,0.0902
P5019,2023-06,105,166.79,17513.17,0.0763
P5020,2023-06,101,169.04,17073.32,0.0637
P5021,2023-06,96,163.59,15704.37,0.1003
P5022,2023-06,104,168.95,17570.76,0.0971
P5024,2023-06,104,165.1,17170.02,0.0799
P5025,2023-06,138,53.36,7364.25,0.1756
P5026,2023-06,132,55.31,7300.99,0.1659
P5027,2023-06,142,48.22,6847.94,0.1644
P5028,2023-06,138,50.61,6984.48,0.1919
P5029,2023-06,137,50.2,6877.15,0.1685
P5030,2023-06,142,54.47,7735.19,0.1782
P5031,2023-06,134,54.53,7307.26,0.1715
P5032,2023-06,142,47.15,6695.73,0.2009
P5033,2023-06,143,50.21,7180.09,0.1875
P5034,2023-06,306,53.13,16257.44,0.1637
P5035,2023-06,137,53.5,7329.74,0.1626
P5036,2023-06,134,47.31,6339.64,0.161
P5037,2023-06,126,49.67,6258.15,0.1992
P5038,2023-06,139,47.2,6561.44,0.1636
P5039,2023-06,145,53.21,7715.91,0.1605
P5040,2023-06,137,52.31,7166.52,0.1933
P5044,2023-06,128,52.67,6742.39,0.1967
P5045,2023-06,136,46.62,6339.94,0.1807
P5046,2023-06,130,48.7,6331.2,0.1859
P5047,2023-06,126,55.24,6959.67,0.2041
P5048,2023-06,142,52.07,7393.34,0.1849
P5049,2023-06,104,70.41,7323.06,0.0614
P5050,2023-06,118,68.27,8056.43,0.0865
P5051,2023-06,114,63.83,7277.09,0.0804
P5052,2023-06,108,65.05,7025.09,0.0672
P5053,2023-06,109,65.89,7181.83,0.0994
P5054,2023-06,110,66.76,7343.61,0.0759
P5055,2023-06,116,65.84,7637.96,0.0928
P5056,2023-06,115,72.05,8286.06,0.092
P5058,2023-06,115,66.83,7685.02,0.0857
P5059,2023-06,107,69.09,7392.42,0.0617
P5060,2023-06,104,64.81,6739.99,0.0617
P5061,2023-06,108,67.47,7286.34,0.0916
P5062,2023-06,109,63.04,6871.66,0.0727
P5064,2023-06,109,69.87,7616.35,0.11
P5065,2023-06,112,66.2,7413.94,0.0873
P5066,2023-06,110,66.56,7321.42,0.1069
P5067,2023-06,109,65.0,7084.94,0.0761
P5068,2023-06,111,70.36,7809.92,0.0857
P5069,2023-06,113,71.53,8082.92,0.0644
P5070,2023-06,105,69.1,7255.64,0.0833
P5071,2023-06,105,68.96,7240.95,0.0946
P5072,2023-06,116,69.21,8028.85,0.0902
P5073,2023-06,109,68.77,7496.11,0.0731
P5074,2023-06,118,65.57,7736.95,0.0623
P5075,2023-06,106,69.31,7346.92,0.0662
P5076,2023-06,109,71.31,7772.28,0.0727
P5077,2023-06,117,63.74,7458.0,0.0684
P5079,2023-06,110,65.9,7249.03,0.1091
P5080,2023-06,104,68.06,7077.99,0.0888
P5081,2023-06,116,62.91,7297.71,0.09
P5082,2023-06,111,68.81,7638.16,0.0975
P5083,2023-06,115,69.19,7956.87,0.1093
P5085,2023-06,113,67.15,7588.15,0.1
P5087,2023-06,113,62.5,7062.48,0.0652
P5088,2023-06,115,69.65,8009.7,0.0802
P5089,2023-06,112,63.8,7146.12,0.0951
P5090,2023-06,104,66.53,6919.09,0.066
P5091,2023-06,103,70.4,7250.89,0.0652
P5092,2023-06,112,71.17,7971.02,0.0926
P5093,2023-06,106,69.16,7330.95,0.0996
P5095,2023-06,118,71.8,8472.14,0.0756
P5098,2023-06,110,63.56,6991.21,0.0886
P5099,2023-06,115,67.62,7776.87,0.1072
P5100,2023-06,113,66.65,7531.95,0.0882
P5101,2023-06,112,64.7,7245.89,0.1033
P5102,2023-06,117,67.45,7891.28,0.0971
P5103,2023-06,116,62.65,7267.24,0.0898
P5105,2023-06,106,71.86,7617.53,0.1075
P5106,2023-06,107,63.49,6793.89,0.0641
P5107,2023-06,116,66.18,7676.58,0.0826
P5108,2023-06,110,65.71,7228.57,0.1051
P5110,2023-06,115,64.64,7433.04,0.0626
P5111,2023-06,105,63.54,6672.14,0.0994
P5112,2023-06,110,66.05,7265.86,0.0956
P5114,2023-06,118,65.76,7759.69,0.0655
P5115,2023-06,118,66.35,7828.8,0.0965
P5116,2023-06,113,69.64,7869.43,0.0685
P5117,2023-06,103,62.36,6422.92,0.0867
P5118,2023-06,112,68.09,7626.34,0.0998
P5119,2023-06,117,69.61,8144.31,0.0663
P5120,2023-06,111,69.96,7766.07,0.0855
P5001,2023-07,104,164.8,17139.36,0.0852
P5002,2023-07,102,171.76,17519.3,0.0663
P5004,2023-07,101,163.8,16543.5,0.0807
P5005,2023-07,105,168.5,17692.23,0.0904
P5007,2023-07,103,170.71,17582.97,0.0691
P5008,2023-07,103,165.31,17027.02,0.1072
P5009,2023-07,97,163.06,15817.1,0.0949
P5010,2023-07,104,169.81,17660.27,0.0983
P5011,2023-07,92,171.72,15798.01,0.0642
P5012,2023-07,93,168.63,15682.91,0.0737
P5013,2023-07,100,172.2,17219.72,0.0784
P5018,2023-07,94,172.73,16236.96,0.1003
P5019,2023-07,98,172.11,16866.73,0.1022
P5020,2023-07,100,165.58,16558.21,0.1005
P5021,2023-07,92,169.24,15570.2,0.0701
P5022,2023-07,100,172.21,17220.85,0.0717
P5024,2023-07,95,169.62,16113.59,0.0898
P5025,2023-07,138,48.94,6753.15,0.1731
P5026,2023-07,134,52.44,7026.31,0.1961
P5027,2023-07,143,51.79,7405.87,0.1698
P5028,2023-07,130,50.22,6528.7,0.1912
P5029,2023-07,134,48.63,6516.49,0.1921
P5030,2023-07,131,53.96,7068.69,0.1949
P5031,2023-07,142,47.65,6766.26,0.1692
P5032,2023-07,140,47.63,6667.96,0.1963
P5033,2023-07,277,53.82,14907.31,0.1923
P5034,2023-07,141,55.07,7764.88,0.167
P5035,2023-07,138,51.33,7083.4,0.1917
P5036,2023-07,139,53.14,7385.86,0.1621
P5037,2023-07,139,46.69,6490.51,0.2085
P5038,2023-07,127,52.61,6681.29,0.1947
P5039,2023-07,135,50.05,6756.28,0.1606
P5040,2023-07,131,53.26,6977.36,0.1854
P5044,2023-07,127,54.28,6894.01,0.2012
P5045,2023-07,131,48.76,6387.83,0.176
P5046,2023-07,133,53.64,7134.49,0.1717
P5047,2023-07,134,45.73,6128.3,0.1821
P5048,2023-07,139,53.28,7405.69,0.2
P5049,2023-07,116,63.43,7358.08,0.1072
P5050,2023-07,117,67.0,7839.5,0.0878
P5051,2023-07,107,67.03,7171.75,0.0792
P5052,2023-07,105,69.97,7347.26,0.0739
P5053,2023-07,109,68.07,7419.6,0.092
P5054,2023-07,105,69.32,7278.52,0.0968
P5055,2023-07,108,67.07,7243.44,0.0897
P5056,2023-07,113,66.43,7506.75,0.0734
P5058,2023-07,114,62.94,7174.76,0.062
P5059,2023-07,113,63.98,7229.9,0.1032
P5060,2023-07,113,64.59,7298.35,0.0994
P5061,2023-07,110,63.39,6972.89,0.0818
P5062,2023-07,106,65.88,6983.59,0.0712
P5064,2023-07,103,63.74,6564.73,0.0808
P5065,2023-07,103,66.51,6850.3,0.0791
P5066,2023-07,117,64.16,7506.23,0.0756
P5067,2023-07,114,71.92,8199.07,0.0937
P5068,2023-07,104,65.08,6768.52,0.0986
P5069,2023-07,112,63.57,7119.73,0.0991
P5070,2023-07,118,64.41,7600.74,0.0901
P5071,2023-07,107,62.49,6686.85,0.0715
P5072,2023-07,110,63.1,6940.79,0.1036
P5073,2023-07,105,71.45,7502.01,0.0683
P5074,2023-07,104,68.96,7172.2,0.0794
P5075,2023-07,112,67.8,7593.43,0.0832
P5076,2023-07,112,67.99,7614.37,0.0891
P5077,2023-07,104,69.46,7223.76,0.1003
P5079,2023-07,116,70.82,8215.1,0.0993
P5080,2023-07,106,68.6,7271.75,0.0659
P5081,2023-07,106,64.61,6848.22,0.0646
P5082,2023-07,110,63.07,6937.3,0.0636
P5083,2023-07,116,62.9,7296.08,0.0622
P5084,2023-07,108,70.57,7621.17,0.077
P5085,2023-07,116,66.91,7761.06,0.1035
P5087,2023-07,104,63.95,6651.21,0.0713
P5088,2023-07,108,63.35,6841.98,0.0743
P5089,2023-07,105,63.66,6684.6,0.0877
P5090,2023-07,114,66.85,7621.1,0.0857
P5091,2023-07,112,62.95,7050.27,0.0826
P5092,2023-07,103,65.59,6755.63,0.08
P5093,2023-07,115,67.61,7775.39,0.099
P5095,2023-07,118,67.62,7979.42,0.1083
P5098,2023-07,104,67.79,7050.65,0.0851
P5099,2023-07,113,70.01,7910.8,0.0755
P5100,2023-07,109,63.8,6954.65,0.0688
P5101,2023-07,110,66.87,7355.46,0.0992
P5102,2023-07,104,63.52,6606.16,0.0637
P5103,2023-07,113,67.25,7599.19,0.0768
P5105,2023-07,114,70.65,8053.71,0.0932
P5106,2023-07,105,72.01,7560.89,0.0745
P5107,2023-07,108,64.75,6993.27,0.1044
P5108,2023-07,112,71.5,8008.05,0.0628
P5110,2023-07,107,71.54,7654.41,0.0937
P5111,2023-07,112,64.41,7213.96,0.0846
P5112,2023-07,106,71.57,7586.29,0.1018
P5114,2023-07,106,63.11,6689.99,0.0985
P5115,2023-07,115,68.6,7888.69,0.0996
P5116,2023-07,118,72.05,8502.04,0.0883
P5117,2023-07,116,69.24,8031.26,0.0816
P5118,2023-07,114,65.64,7482.94,0.1086
P5119,2023-07,113,71.78,8110.91,0.0684
P5120,2023-07,109,69.97,7626.26,0.0776
P5001,2023-08,35,163.46,5721.02,0.0995
P5002,2023-08,88,166.8,14678.79,0.0962
P5004,2023-08,83,171.28,14216.47,0.0875
P5005,2023-08,89,170.4,15165.77,0.0999
P5007,2023-08,86,163.12,14028.18,0.0718
P5008,2023-08,89,164.26,14619.44,0.0798
P5009,2023-08,91,163.99,14922.71,0.0954
P5010,2023-08,85,166.39,14142.75,0.1048
P5011,2023-08,89,169.96,15126.42,0.0997
P5012,2023-08,89,168.61,15006.16,0.0716
P5013,2023-08,91,164.36,14956.73,0.0867
P5016,2023-08,89,164.12,14606.84,0.0622
P5018,2023-08,85,170.64,14504.56,0.101
P5019,2023-08,84,170.74,14342.54,0.0635
P5020,2023-08,88,166.29,14633.9,0.0708
P5021,2023-08,81,164.43,13318.99,0.0791
P5022,2023-08,88,166.22,14627.52,0.1044
P5024,2023-08,82,167.4,13727.17,0.0854
P5025,2023-08,113,54.88,6201.71,0.1833
P5026,2023-08,112,52.11,5835.97,0.2069
P5027,2023-08,111,49.79,5527.18,0.1971
P5028,2023-08,122,47.81,5833.39,0.1804
P5029,2023-08,39,47.59,1856.15,0.1755
P5030,2023-08,122,48.38,5902.64,0.1725
P5031,2023-08,115,49.44,5685.07,0.1915
P5032,2023-08,116,54.94,6372.63,0.161
P5033,2023-08,291,49.86,14509.3,0.2001
P5034,2023-08,120,54.9,6588.26,0.1705
P5035,2023-08,112,50.1,5611.43,0.1786
P5036,2023-08,111,55.12,6118.0,0.1977
P5037,2023-08,122,53.23,6494.58,0.182
P5038,2023-08,110,47.84,5261.97,0.2062
P5039,2023-08,114,48.1,5482.83,0.1605
P5040,2023-08,120,47.66,5719.11,0.1716
P5044,2023-08,121,51.42,6222.36,0.2064
P5045,2023-08,112,54.3,6081.58,0.1864
P5046,2023-08,120,54.0,6479.67,0.1665
P5047,2023-08,110,48.93,5382.15,0.1797
P5048,2023-08,111,49.08,5447.61,0.1906
P5049,2023-08,101,64.35,6499.66,0.0674
P5050,2023-08,95,71.78,6819.23,0.0881
P5051,2023-08,95,62.37,5925.17,0.068
P5052,2023-08,90,70.81,6373.23,0.0819
P5053,2023-08,99,64.4,6375.84,0.0816
P5054,2023-08,101,62.25,6287.5,0.0688
P5055,2023-08,101,62.53,6315.22,0.109
P5056,2023-08,96,62.64,6013.43,0.104
P5058,2023-08,96,70.55,6772.33,0.0883
P5059,2023-08,95,67.8,6440.95,0.0968
P5060,2023-08,93,63.95,5947.06,0.0944
P5061,2023-08,91,63.3,5760.67,0.0877
P5062,2023-08,100,65.71,6570.53,0.0675
P5064,2023-08,92,66.13,6083.54,0.09
P5065,2023-08,102,69.32,7070.5,0.0758
P5066,2023-08,94,71.0,6673.63,0.0659
P5067,2023-08,90,66.5,5984.72,0.0945
P5068,2023-08,99,62.43,6180.25,0.1047
P5069,2023-08,99,67.18,6650.81,0.0759
P5070,2023-08,103,67.93,6996.77,0.083
P5071,2023-08,103,67.09,6910.47,0.0978
P5072,2023-08,96,64.03,6146.89,0.0761
P5073,2023-08,95,67.3,6393.55,0.0826
P5074,2023-08,97,71.77,6961.4,0.0778
P5075,2023-08,96,68.8,6604.97,0.0845
P5076,2023-08,90,71.35,6421.81,0.0698
P5077,2023-08,100,71.99,7199.17,0.0997
P5079,2023-08,99,69.99,6929.5,0.0987
P5080,2023-08,99,66.66,6599.4,0.0721
P5081,2023-08,95,68.46,6503.35,0.1039
P5082,2023-08,100,69.59,6959.2,0.0801
P5083,2023-08,96,65.66,6303.47,0.0778
P5084,2023-08,100,62.4,6240.31,0.0825
P5085,2023-08,102,64.06,6534.35,0.1023
P5087,2023-08,102,67.99,6935.24,0.1055
P5088,2023-08,102,68.61,6997.8,0.062
P5089,2023-08,94,62.61,5885.36,0.0959
P5090,2023-08,92,71.53,6580.67,0.0828
P5091,2023-08,101,70.1,7079.6,0.1067
P5092,2023-08,100,64.21,6420.68,0.1047
P5093,2023-08,100,69.85,6985.09,0.0689
P5095,2023-08,90,71.2,6407.57,0.1041
P5098,2023-08,94,63.07,5928.77,0.0988
P5099,2023-08,92,70.23,6460.96,0.1024
P5100,2023-08,100,66.19,6618.86,0.0742
P5101,2023-08,94,70.27,6605.6,0.0873
P5102,2023-08,99,65.85,6519.6,0.1
P5103,2023-08,96,64.82,6222.97,0.0986
P5104,2023-08,91,65.8,5987.73,0.0848
P5105,2023-08,98,63.05,6178.98,0.071
P5106,2023-08,94,68.67,6454.92,0.072
P5107,2023-08,101,71.21,7192.56,0.081
P5108,2023-08,94,66.46,6247.11,0.0942
P5110,2023-08,101,66.17,6683.41,0.0779
P5111,2023-08,94,68.8,6467.37,0.0765
P5112,2023-08,40,70.38,2815.07,0.0877
P5114,2023-08,193,68.08,13139.8,0.0969
P5115,2023-08,97,66.15,6416.5,0.0632
P5116,2023-08,99,63.5,6286.35,0.0603
P5117,2023-08,95,69.31,6584.3,0.0968
P5118,2023-08,97,70.09,6798.41,0.0735
P5119,2023-08,102,67.57,6892.51,0.0629
P5120,2023-08,103,64.78,6671.85,0.1082
P5001,2023-09,90,172.32,15508.67,0.0747
P5002,2023-09,84,168.47,14151.85,0.0773
P5004,2023-09,89,169.64,15098.33,0.1048
P5005,2023-09,85,171.07,14541.21,0.071
P5007,2023-09,91,169.71,15443.49,0.0876
P5008,2023-09,88,172.37,15168.76,0.0943
P5009,2023-09,85,170.94,14530.3,0.0861
P5010,2023-09,83,166.02,13779.93,0.0849
P5011,2023-09,83,171.3,14217.77,0.1066
P5012,2023-09,84,164.73,13836.97,0.0938
P5013,2023-09,89,172.04,15311.7,0.0773
P5016,2023-09,91,168.01,15288.86,0.1014
P5018,2023-09,83,166.97,13858.49,0.0683
P5019,2023-09,80,172.38,13790.64,0.0859
P5020,2023-09,91,167.76,15266.04,0.0694
P5021,2023-09,82,169.84,13927.23,0.0759
P5022,2023-09,90,167.54,15078.58,0.0792
P5023,2023-09,86,170.48,14661.31,0.083
P5024,2023-09,85,165.81,14093.61,0.0909
P5025,2023-09,47,45.73,2149.19,0.1644
P5026,2023-09,117,52.93,6192.63,0.1671
P5027,2023-09,116,47.47,5506.45,0.1806
P5028,2023-09,228,48.39,11033.04,0.2022
P5029,2023-09,122,45.9,5599.63,0.1643
P5030,2023-09,110,54.22,5964.0,0.1686
P5031,2023-09,121,50.49,6109.82,0.1987
P5032,2023-09,112,51.94,5816.84,0.2087
P5033,2023-09,124,50.93,6315.57,0.1815
P5034,2023-09,115,46.71,5371.39,0.1854
P5035,2023-09,118,45.73,5396.17,0.1763
P5036,2023-09,114,53.53,6102.67,0.1944
P5037,2023-09,117,46.13,5396.93,0.1612
P5038,2023-09,120,51.33,6159.53,0.1991
P5039,2023-09,116,46.33,5374.41,0.1844
P5040,2023-09,124,50.84,6304.37,0.1708
P5044,2023-09,110,49.01,5391.55,0.1668
P5045,2023-09,123,46.82,5758.69,0.1861
P5046,2023-09,112,46.57,5215.31,0.1866
P5047,2023-09,124,51.08,6334.31,0.1929
P5048,2023-09,119,45.42,5405.01,0.1602
P5049,2023-09,96,69.77,6698.1,0.1034
P5050,2023-09,94,62.54,5879.01,0.0736
P5051,2023-09,164,67.4,11054.12,0.0659
P5052,2023-09,95,67.97,6456.82,0.0812
P5053,2023-09,97,64.3,6236.9,0.0724
P5054,2023-09,91,66.57,6058.12,0.0873
P5055,2023-09,97,72.03,6987.12,0.0664
P5056,2023-09,92,62.69,5767.15,0.0777
P5058,2023-09,92,65.14,5993.11,0.105
P5059,2023-09,100,66.39,6639.09,0.083
P5060,2023-09,96,66.38,6372.75,0.0855
P5061,2023-09,99,69.18,6849.18,0.1006
P5062,2023-09,97,66.8,6479.9,0.0648
P5064,2023-09,90,69.12,6220.6,0.0677
P5065,2023-09,90,69.75,6277.86,0.0854
P5066,2023-09,101,69.02,6971.15,0.0988
P5067,2023-09,97,64.06,6213.46,0.072
P5068,2023-09,102,67.54,6889.26,0.0603
P5069,2023-09,102,64.9,6619.63,0.0816
P5070,2023-09,96,67.76,6504.87,0.0628
P5071,2023-09,101,64.0,6464.42,0.0857
P5072,2023-09,101,71.61,7232.9,0.0909
P5073,2023-09,100,68.46,6846.16,0.0939
P5074,2023-09,102,63.35,6461.98,0.0917
P5075,2023-09,94,62.66,5889.63,0.1005
P5076,2023-09,99,63.09,6245.78,0.1002
P5077,2023-09,91,66.59,6059.61,0.0636
P5079,2023-09,103,63.86,6577.08,0.0947
P5080,2023-09,92,63.18,5812.87,0.0703
P5081,2023-09,99,70.79,7008.39,0.1081
P5082,2023-09,94,64.34,6048.16,0.0764
P5083,2023-09,102,67.07,6841.31,0.0717
P5084,2023-09,90,64.03,5762.7,0.1045
P5085,2023-09,98,71.96,7051.93,0.0964
P5087,2023-09,92,62.44,5744.06,0.09
P5088,2023-09,93,62.61,5822.34,0.1049
P5089,2023-09,99,65.02,6437.08,0.0758
P5090,2023-09,100,64.14,6414.12,0.0731
P5091,2023-09,90,66.39,5975.33,0.0654
P5092,2023-09,99,71.69,7096.95,0.0678
P5093,2023-09,92,63.53,5844.58,0.0926
P5095,2023-09,90,71.17,6404.93,0.0942
P5098,2023-09,102,66.54,6787.56,0.1004
P5099,2023-09,95,67.85,6445.5,0.0937
P5100,2023-09,228,65.33,14894.13,0.0864
P5101,2023-09,95,66.39,6306.59,0.0955
P5102,2023-09,94,65.16,6124.82,0.0766
P5103,2023-09,96,62.27,5977.62,0.0656
P5104,2023-09,99,64.88,6423.52,0.102
P5105,2023-09,97,70.54,6842.86,0.1028
P5106,2023-09,96,64.19,6161.79,0.0659
P5107,2023-09,95,67.94,6454.45,0.0955
P5108,2023-09,101,65.13,6578.44,0.085
P5110,2023-09,99,67.03,6636.41,0.1084
P5111,2023-09,96,71.69,6882.68,0.1022
P5112,2023-09,94,65.42,6149.69,0.098
P5114,2023-09,95,69.19,6572.74,0.0652
P5115,2023-09,95,71.65,6806.43,0.0664
P5116,2023-09,99,62.24,6162.0,0.0794
P5117,2023-09,97,63.17,6127.93,0.0832
P5118,2023-09,99,69.8,6910.35,0.0624
P5119,2023-09,94,68.24,6414.93,0.0707
P5120,2023-09,103,71.85,7400.39,0.0707
P5001,2023-10,80,168.78,13502.05,0.1067
P5002,2023-10,89,172.54,15356.01,0.0657
P5004,2023-10,90,170.83,15374.37,0.0675
P5005,2023-10,87,170.34,14819.5,0.1028
P5006,2023-10,88,165.8,14590.59,0.0667
P5007,2023-10,87,169.68,14762.16,0.0785
P5008,2023-10,82,166.82,13679.1,0.0794
P5009,2023-10,89,167.87,14940.48,0.0992
P5010,2023-10,86,165.69,14249.63,0.0913
P5011,2023-10,89,165.35,14716.26,0.0972
P5012,2023-10,91,165.09,15023.28,0.0743
P5013,2023-10,81,171.38,13881.53,0.092
P5016,2023-10,89,169.02,15042.82,0.11
P5018,2023-10,81,169.83,13756.08,0.0966
P5019,2023-10,82,163.68,13421.82,0.1053
P5020,2023-10,81,170.23,13788.74,0.0716
P5021,2023-10,84,171.41,14398.71,0.094
P5022,2023-10,81,164.17,13297.87,0.084
P5023,2023-10,82,165.38,13561.33,0.0773
P5024,2023-10,80,171.35,13707.67,0.0677
P5025,2023-10,117,47.75,5587.03,0.1668
P5026,2023-10,113,53.14,6004.85,0.1941
P5027,2023-10,236,54.29,12813.55,0.1962
P5028,2023-10,114,48.15,5488.96,0.2086
P5029,2023-10,110,49.19,5410.88,0.2
P5030,2023-10,120,49.51,5940.61,0.161
P5031,2023-10,125,46.48,5810.3,0.2087
P5032,2023-10,110,49.08,5398.74,0.1964
P5033,2023-10,113,49.98,5648.18,0.1672
P5034,2023-10,125,48.51,6063.44,0.192
P5035,2023-10,123,54.49,6702.44,0.1934
P5036,2023-10,125,51.64,6455.15,0.1909
P5037,2023-10,124,54.87,6803.37,0.1767
P5038,2023-10,113,54.63,6173.47,0.2031
P5039,2023-10,112,53.38,5978.1,0.1708
P5040,2023-10,113,51.84,5857.71,0.1609
P5044,2023-10,125,53.25,6656.6,0.1605
P5045,2023-10,116,51.28,5948.06,0.2083
P5046,2023-10,119,48.04,5716.66,0.1923
P5047,2023-10,121,50.4,6098.42,0.1985
P5048,2023-10,116,46.45,5388.41,0.1941
P5049,2023-10,101,66.16,6682.03,0.0669
P5050,2023-10,99,63.24,6260.66,0.0701
P5051,2023-10,95,63.26,6009.68,0.0958
P5052,2023-10,102,67.18,6852.47,0.0957
P5053,2023-10,90,62.35,5611.86,0.0819
P5054,2023-10,95,63.14,5998.73,0.0951
P5055,2023-10,90,63.29,5695.74,0.0858
P5056,2023-10,99,69.68,6898.36,0.1
P5058,2023-10,102,70.53,7194.41,0.0728
P5059,2023-10,101,68.33,6901.75,0.0921
P5060,2023-10,97,70.63,6851.38,0.0924
P5061,2023-10,92,71.67,6593.38,0.0928
P5062,2023-10,91,65.38,5949.74,0.0835
P5064,2023-10,102,64.04,6532.17,0.0979
P5065,2023-10,100,65.46,6545.99,0.1096
P5066,2023-10,94,63.04,5925.86,0.0644
P5067,2023-10,98,64.97,6367.06,0.0724
P5068,2023-10,98,70.53,6912.37,0.0928
P5069,2023-10,102,67.97,6932.58,0.087
P5070,2023-10,90,67.28,6055.09,0.1088
P5071,2023-10,98,67.78,6642.78,0.0717
P5072,2023-10,91,62.59,5696.01,0.0704
P5073,2023-10,99,69.01,6831.75,0.0706
P5074,2023-10,100,71.74,7173.82,0.0617
P5075,2023-10,97,68.84,6677.77,0.0986
P5076,2023-10,96,72.2,6931.15,0.0935
P5077,2023-10,97,70.42,6830.38,0.0793
P5079,2023-10,102,66.99,6832.6,0.0787
P5080,2023-10,93,63.22,5879.33,0.0977
P5081,2023-10,90,63.61,5725.17,0.094
P5082,2023-10,98,68.67,6729.3,0.0667
P5083,2023-10,97,63.9,6198.49,0.0826
P5084,2023-10,100,63.35,6334.92,0.1036
P5085,2023-10,98,62.82,6156.25,0.0744
P5087,2023-10,101,63.3,6393.27,0.1061
P5088,2023-10,101,70.73,7143.53,0.0774
P5089,2023-10,96,64.25,6168.46,0.0632
P5090,2023-10,93,63.08,5866.23,0.0967
P5091,2023-10,98,66.69,6535.17,0.0628
P5092,2023-10,94,70.96,6670.42,0.1065
P5093,2023-10,102,67.82,6917.6,0.0846
P5094,2023-10,93,69.38,6452.17,0.0905
P5095,2023-10,100,67.26,6726.47,0.0868
P5098,2023-10,97,69.64,6755.46,0.0628
P5099,2023-10,98,70.39,6898.56,0.0688
P5100,2023-10,99,63.5,6286.86,0.0617
P5101,2023-10,93,69.56,6469.17,0.0791
P5102,2023-10,102,71.97,7341.07,0.0972
P5103,2023-10,97,63.85,6193.55,0.0867
P5104,2023-10,92,65.76,6049.96,0.0875
P5105,2023-10,91,66.8,6078.46,0.0613
P5106,2023-10,101,66.03,6668.53,0.0953
P5107,2023-10,98,71.29,6986.66,0.0739
P5108,2023-10,97,65.8,6382.89,0.0606
P5109,2023-10,92,67.53,6212.45,0.0779
P5110,2023-10,100,70.22,7022.23,0.0934
P5111,2023-10,100,67.84,6784.1,0.0805
P5112,2023-10,93,67.35,6263.21,0.0945
P5113,2023-10,90,64.93,5843.41,0.1065
P5114,2023-10,102,71.63,7305.76,0.0698
P5115,2023-10,101,69.32,7001.25,0.1083
P5116,2023-10,92,63.32,5825.9,0.086
P5117,2023-10,90,68.66,6178.96,0.0765
P5118,2023-10,95,71.43,6785.96,0.0845
P5119,2023-10,96,69.3,6652.43,0.0635
P5120,2023-10,92,64.03,5890.52,0.0661
P5001,2023-11,147,163.72,24066.84,0.0697
P5002,2023-11,135,169.98,22947.74,0.0969
P5004,2023-11,136,168.41,22903.2,0.0936
P5005,2023-11,149,163.71,24393.14,0.0836
P5006,2023-11,142,168.54,23932.35,0.0661
P5007,2023-11,147,170.84,25114.06,0.0666
P5008,2023-11,149,163.03,24292.16,0.0864
P5009,2023-11,149,164.04,24442.47,0.0998
P5010,2023-11,147,166.79,24518.22,0.0939
P5011,2023-11,147,165.59,24341.51,0.0891
P5012,2023-11,149,171.82,25600.68,0.1061
P5013,2023-11,135,163.17,22028.55,0.1067
P5015,2023-11,137,164.43,22526.91,0.0919
P5016,2023-11,148,168.88,24994.74,0.0723
P5018,2023-11,145,170.16,24672.82,0.0612
P5019,2023-11,145,168.09,24373.56,0.0883
P5020,2023-11,134,172.41,23102.61,0.0724
P5021,2023-11,145,171.0,24795.18,0.0679
P5022,2023-11,151,163.66,24712.02,0.079
P5023,2023-11,148,166.83,24690.64,0.0928
P5024,2023-11,141,165.47,23331.86,0.0718
P5025,2023-11,199,54.38,10822.08,0.2067
P5026,2023-11,183,52.24,9560.62,0.1905
P5027,2023-11,81,53.57,4338.88,0.1788
P5028,2023-11,202,50.7,10241.14,0.1605
P5029,2023-11,205,47.27,9691.18,0.1646
P5030,2023-11,200,51.07,10214.86,0.2015
P5031,2023-11,198,47.04,9314.68,0.1896
P5032,2023-11,192,52.41,10062.3,0.1659
P5033,2023-11,201,48.9,9829.24,0.1847
P5034,2023-11,205,47.24,9683.84,0.1818
P5035,2023-11,202,51.83,10469.97,0.1633
P5036,2023-11,187,52.16,9753.1,0.2087
P5037,2023-11,190,52.85,10042.29,0.177
P5038,2023-11,187,49.14,9189.3,0.2035
P5039,2023-11,181,48.0,8687.38,0.1789
P5040,2023-11,189,50.97,9632.97,0.1944
P5044,2023-11,188,53.29,10017.68,0.165
P5045,2023-11,198,45.86,9081.15,0.1645
P5046,2023-11,203,47.06,9552.45,0.1876
P5047,2023-11,193,48.84,9425.45,0.2099
P5048,2023-11,186,51.95,9662.31,0.197
P5049,2023-11,165,72.16,11906.85,0.0807
P5050,2023-11,159,62.68,9965.83,0.0761
P5051,2023-11,169,64.12,10835.83,0.0807
P5052,2023-11,156,67.31,10501.12,0.0939
P5053,2023-11,168,69.67,11705.05,0.1098
P5054,2023-11,154,62.21,9580.0,0.0821
P5055,2023-11,152,69.62,10583.0,0.0946
P5056,2023-11,167,72.05,12032.0,0.0987
P5058,2023-11,164,64.99,10657.62,0.0693
P5059,2023-11,169,69.87,11807.53,0.0989
P5060,2023-11,151,69.43,10484.54,0.0856
P5061,2023-11,160,64.57,10331.67,0.1014
P5062,2023-11,153,69.9,10694.42,0.0952
P5064,2023-11,151,67.96,10261.81,0.1064
P5065,2023-11,166,65.83,10927.39,0.0947
P5066,2023-11,159,63.68,10124.69,0.087
P5067,2023-11,170,70.66,12012.93,0.0769
P5068,2023-11,160,68.26,10922.3,0.0678
P5069,2023-11,150,66.41,9961.15,0.0913
P5070,2023-11,159,68.29,10858.26,0.0686
P5071,2023-11,169,63.82,10786.04,0.0983
P5072,2023-11,349,65.08,22712.6,0.0818
P5073,2023-11,161,71.56,11521.72,0.0956
P5074,2023-11,160,67.16,10744.81,0.0874
P5075,2023-11,169,69.26,11705.7,0.0836
P5076,2023-11,164,67.85,11127.89,0.0932
P5077,2023-11,153,67.19,10280.07,0.0847
P5079,2023-11,156,67.93,10596.35,0.0618
P5080,2023-11,163,68.83,11218.98,0.0657
P5081,2023-11,152,71.83,10918.79,0.0733
P5082,2023-11,149,72.08,10740.09,0.0849
P5083,2023-11,165,62.41,10297.97,0.0906
P5084,2023-11,149,62.77,9352.26,0.0745
P5085,2023-11,162,66.07,10703.32,0.0875
P5087,2023-11,165,66.92,11041.57,0.0634
P5088,2023-11,162,67.54,10941.62,0.0748
P5089,2023-11,163,72.0,11736.6,0.0619
P5090,2023-11,168,71.94,12086.62,0.0957
P5091,2023-11,170,70.01,11902.46,0.0789
P5092,2023-11,153,65.65,10043.87,0.1019
P5093,2023-11,168,67.98,11419.94,0.0994
P5094,2023-11,163,70.27,11454.32,0.0896
P5095,2023-11,150,64.44,9666.64,0.0751
P5098,2023-11,158,69.0,10901.56,0.0807
P5099,2023-11,169,63.67,10761.0,0.0814
P5100,2023-11,152,62.88,9557.22,0.0643
P5101,2023-11,163,68.85,11222.26,0.0736
P5102,2023-11,166,65.48,10869.18,0.0644
P5103,2023-11,167,67.28,11236.28,0.0646
P5104,2023-11,167,71.82,11993.67,0.099
P5105,2023-11,166,65.24,10829.65,0.09
P5106,2023-11,155,65.74,10189.79,0.0999
P5107,2023-11,165,66.8,11022.62,0.0973
P5108,2023-11,160,64.03,10244.89,0.0752
P5109,2023-11,154,63.1,9717.98,0.0902
P5110,2023-11,165,70.55,11641.51,0.0775
P5111,2023-11,166,67.01,11124.16,0.0837
P5112,2023-11,154,71.56,11020.85,0.0892
P5113,2023-11,170,68.65,11669.82,0.0726
P5114,2023-11,166,66.52,11042.3,0.0782
P5115,2023-11,156,70.53,11002.02,0.1014
P5116,2023-11,150,71.93,10790.24,0.0662
P5117,2023-11,163,63.45,10341.72,0.1048
P5118,2023-11,164,70.34,11535.27,0.0843
P5119,2023-11,149,71.04,10584.46,0.1069
P5120,2023-11,163,67.05,10928.93,0.106
P5001,2023-12,136,170.26,23155.75,0.0951
P5002,2023-12,139,172.36,23957.48,0.0989
P5004,2023-12,143,163.27,23348.28,0.0838
P5005,2023-12,142,168.54,23932.8,0.0795
P5006,2023-12,136,169.65,23072.51,0.0911
P5007,2023-12,150,170.34,25550.85,0.0814
P5008,2023-12,134,163.21,21869.48,0.0998
P5009,2023-12,141,169.6,23914.24,0.0671
P5010,2023-12,145,164.25,23816.17,0.095
P5011,2023-12,138,163.47,22559.43,0.0695
P5012,2023-12,151,166.54,25147.51,0.1057
P5013,2023-12,147,167.13,24567.64,0.0745
P5015,2023-12,140,169.16,23682.58,0.0907
P5016,2023-12,144,171.51,24696.81,0.0773
P5018,2023-12,142,169.93,24130.26,0.0681
P5019,2023-12,147,172.05,25290.67,0.1051
P5020,2023-12,148,170.68,25260.33,0.075
P5021,2023-12,132,165.38,21829.61,0.101
P5022,2023-12,145,171.07,24805.77,0.0801
P5023,2023-12,147,171.07,25147.3,0.104
P5024,2023-12,144,166.07,23914.76,0.0731
P5025,2023-12,190,50.97,9683.74,0.1931
P5026,2023-12,203,46.75,9489.63,0.205
P5027,2023-12,192,49.6,9523.74,0.198
P5028,2023-12,208,53.25,11076.53,0.2051
P5029,2023-12,201,51.68,10388.27,0.1917
P5030,2023-12,192,50.48,9691.23,0.1654
P5031,2023-12,193,45.65,8811.24,0.1913
P5032,2023-12,195,48.15,9389.01,0.1994
P5033,2023-12,202,51.14,10330.08,0.2063
P5034,2023-12,197,48.46,9546.74,0.1746
P5035,2023-12,186,52.29,9725.74,0.1947
P5036,2023-12,183,51.66,9452.95,0.1753
P5037,2023-12,195,55.16,10756.33,0.1748
P5038,2023-12,191,54.43,10396.98,0.1746
P5039,2023-12,189,50.47,9537.94,0.1815
P5040,2023-12,185,47.3,8749.73,0.2014
P5044,2023-12,206,53.7,11062.44,0.1674
P5045,2023-12,191,52.02,9935.41,0.1745
P5046,2023-12,186,52.82,9824.84,0.1615
P5047,2023-12,200,45.46,9092.23,0.1618
P5048,2023-12,198,54.29,10749.03,0.1747
P5049,2023-12,156,67.93,10597.67,0.0978
P5050,2023-12,161,63.53,10228.44,0.0632
P5051,2023-12,167,71.74,11980.65,0.0729
P5052,2023-12,167,63.7,10638.0,0.0833
P5053,2023-12,166,69.43,11525.55,0.0917
P5054,2023-12,161,65.28,10510.8,0.0975
P5055,2023-12,168,70.08,11773.26,0.0672
P5056,2023-12,154,69.03,10630.86,0.0855
P5058,2023-12,167,63.61,10623.06,0.0794
P5059,2023-12,157,67.5,10596.72,0.0828
P5060,2023-12,163,66.43,10828.24,0.0898
P5061,2023-12,165,62.69,10343.24,0.0997
P5062,2023-12,161,67.8,10916.34,0.088
P5064,2023-12,166,64.33,10679.34,0.0658
P5065,2023-12,170,68.21,11595.74,0.0915
P5066,2023-12,152,71.38,10849.44,0.0618
P5067,2023-12,150,72.14,10820.7,0.0705
P5068,2023-12,164,62.66,10275.58,0.0834
P5069,2023-12,166,69.29,11502.61,0.0997
P5070,2023-12,158,70.67,11165.88,0.0964
P5071,2023-12,151,67.19,10145.78,0.0944
P5072,2023-12,313,67.88,21247.32,0.1073
P5073,2023-12,163,69.66,11354.3,0.0824
P5074,2023-12,151,65.86,9944.24,0.0601
P5075,2023-12,162,65.9,10675.55,0.0785
P5076,2023-12,156,66.22,10330.66,0.1055
P5077,2023-12,164,64.32,10548.32,0.0782
P5079,2023-12,150,69.46,10418.93,0.0917
P5080,2023-12,163,68.02,11087.46,0.0984
P5081,2023-12,169,71.09,12013.97,0.0965
P5082,2023-12,166,68.66,11398.21,0.0686
P5083,2023-12,152,63.73,9686.89,0.06
P5084,2023-12,155,64.84,10050.11,0.0668
P5085,2023-12,150,67.65,10146.81,0.0972
P5087,2023-12,160,70.14,11221.74,0.0996
P5088,2023-12,169,63.39,10712.16,0.0694
P5089,2023-12,170,69.51,11816.22,0.0689
P5090,2023-12,151,68.69,10372.79,0.089
P5091,2023-12,159,62.3,9905.54,0.0927
P5092,2023-12,162,65.33,10583.46,0.1096
P5093,2023-12,170,71.44,12145.57,0.0719
P5094,2023-12,166,66.99,11120.13,0.0657
P5095,2023-12,155,67.14,10407.33,0.093
P5098,2023-12,158,67.06,10595.25,0.0926
P5099,2023-12,149,62.88,9369.67,0.0632
P5100,2023-12,167,65.63,10960.82,0.0895
P5101,2023-12,160,62.24,9958.61,0.0977
P5102,2023-12,161,69.42,11176.57,0.0637
P5103,2023-12,168,62.32,10468.93,0.1055
P5104,2023-12,159,64.38,10237.15,0.1058
P5105,2023-12,165,65.15,10749.57,0.0665
P5106,2023-12,158,62.37,9854.83,0.0925
P5107,2023-12,167,63.53,10609.37,0.0629
P5108,2023-12,166,68.11,11305.94,0.0967
P5109,2023-12,152,71.62,10886.11,0.0945
P5110,2023-12,164,69.13,11337.55,0.091
P5111,2023-12,152,66.05,10039.71,0.0731
P5112,2023-12,160,69.26,11081.65,0.0681
P5113,2023-12,167,67.37,11251.29,0.0952
P5114,2023-12,157,62.93,9880.04,0.0814
P5115,2023-12,149,64.73,9645.1,0.0775
P5116,2023-12,148,69.52,10288.44,0.0999
P5117,2023-12,168,65.53,11009.27,0.1005
P5118,2023-12,156,66.46,10368.29,0.0862
P5119,2023-12,151,62.28,9404.4,0.071
P5120,2023-12,158,68.19,10774.29,0.0668
