region,movie_id,month,engagement_score,viewer_growth
North,M104,2019-01,7.77,0.0108
South,M104,2019-01,8.07,0.0161
East,M104,2019-01,6.32,0.0358
West,M104,2019-01,7.29,0.1145
North,M108,2019-01,7.28,-0.0103
South,M108,2019-01,8.07,-0.0103
East,M108,2019-01,7.17,-0.0043
West,M108,2019-01,8.45,0.0594
North,M123,2019-01,7.3,0.0333
South,M123,2019-01,7.43,0.0283
East,M123,2019-01,7.04,-0.0191
West,M123,2019-01,8.16,0.0446
North,M130,2019-01,,0.0516
South,M130,2019-01,6.71,0.1046
East,M130,2019-01,8.74,0.072
West,M130,2019-01,5.92,0.0004
North,M134,2019-01,7.43,0.0361
South,M134,2019-01,6.3,0.0571
East,M134,2019-01,7.65,0.1081
West,M134,2019-01,5.75,0.1489
North,M139,2019-01,7.88,0.0038
South,M139,2019-01,6.71,-0.0484
East,M139,2019-01,8.73,0.1336
West,M139,2019-01,7.3,0.0634
North,M142,2019-01,8.62,0.1329
South,M142,2019-01,6.31,0.1444
East,M142,2019-01,7.85,0.1344
West,M142,2019-01,6.66,-0.049
North,M151,2019-01,4.46,0.0343
South,M151,2019-01,5.95,-0.028
East,M151,2019-01,3.41,0.0894
West,M151,2019-01,3.34,-0.0454
North,M155,2019-01,4.15,0.0123
South,M155,2019-01,6.62,-0.0221
East,M155,2019-01,4.71,0.0868
West,M155,2019-01,5.13,-0.0052
North,M157,2019-01,4.82,0.1017
South,M157,2019-01,6.39,0.095
East,M157,2019-01,4.04,0.0814
West,M157,2019-01,4.99,0.1238
North,M164,2019-01,4.25,0.0421
South,M164,2019-01,5.98,0.1181
East,M164,2019-01,4.21,0.0836
West,M164,2019-01,3.67,0.0227
North,M170,2019-01,4.29,0.093
South,M170,2019-01,6.73,0.1409
East,M170,2019-01,4.37,0.1454
West,M170,2019-01,5.44,0.0752
North,M171,2019-01,5.08,-0.0343
South,M171,2019-01,7.45,0.0188
East,M171,2019-01,4.62,-0.006
West,M171,2019-01,4.81,0.103
North,M173,2019-01,4.04,0.119
South,M173,2019-01,6.75,0.0385
East,M173,2019-01,4.54,-0.0219
West,M173,2019-01,3.94,0.0451
North,M177,2019-01,7.11,0.1025
South,M177,2019-01,8.23,0.0015
East,M177,2019-01,5.39,-0.0443
West,M177,2019-01,7.25,0.1451
North,M178,2019-01,6.51,-0.0472
South,M178,2019-01,7.99,0.0642
East,M178,2019-01,5.36,-0.0019
West,M178,2019-01,8.33,0.0737
North,M188,2019-01,6.3,0.0989
South,M188,2019-01,9.17,-0.0435
East,M188,2019-01,6.29,0.068
West,M188,2019-01,7.57,0.1329
North,M190,2019-01,6.38,-0.0045
South,M190,2019-01,8.07,0.1405
East,M190,2019-01,5.4,0.1156
West,M190,2019-01,7.52,0.1415
North,M201,2019-01,6.33,0.1372
South,M201,2019-01,7.03,-0.0386
East,M201,2019-01,6.46,0.0301
West,M201,2019-01,6.45,-0.021
North,M202,2019-01,5.62,-0.0286
South,M202,2019-01,5.78,0.1034
East,M202,2019-01,6.15,0.0713
West,M202,2019-01,5.39,0.0086
North,M205,2019-01,5.16,0.0018
South,M205,2019-01,6.9,0.0914
East,M205,2019-01,6.4,0.1266
West,M205,2019-01,5.85,-0.0331
North,M208,2019-01,5.8,-0.0186
South,M208,2019-01,7.68,-0.0263
East,M208,2019-01,7.01,0.0316
West,M208,2019-01,7.09,0.0846
North,M216,2019-01,6.14,0.1306
South,M216,2019-01,7.12,0.1319
East,M216,2019-01,5.63,-0.0277
West,M216,2019-01,6.06,-0.0333
North,M222,2019-01,5.91,-0.0043
South,M222,2019-01,7.04,0.0687
East,M222,2019-01,6.3,-0.0349
West,M222,2019-01,6.45,0.0421
North,M104,2019-02,8.03,-0.0446
South,M104,2019-02,6.75,0.0402
East,M104,2019-02,6.48,0.0193
West,M104,2019-02,7.67,0.0958
North,M108,2019-02,7.02,0.0009
South,M108,2019-02,,0.1476
East,M108,2019-02,6.29,0.0255
West,M108,2019-02,7.89,0.0489
North,M123,2019-02,7.8,0.099
South,M123,2019-02,7.19,-0.0389
East,M123,2019-02,7.76,0.0405
West,M123,2019-02,7.37,0.1058
North,M130,2019-02,7.61,0.0938
South,M130,2019-02,5.62,0.088
East,M130,2019-02,8.42,-0.0362
West,M130,2019-02,6.63,0.1078
North,M134,2019-02,8.04,-0.0349
South,M134,2019-02,5.61,-0.0236
East,M134,2019-02,7.31,0.1001
West,M134,2019-02,5.32,0.0251
North,M139,2019-02,7.51,-0.0202
South,M139,2019-02,5.59,0.0594
East,M139,2019-02,8.04,-0.0437
West,M139,2019-02,6.49,0.0962
North,M142,2019-02,9.35,0.0546
South,M142,2019-02,7.05,-0.0055
East,M142,2019-02,9.27,0.0631
West,M142,2019-02,6.94,0.1377
North,M148,2019-02,8.43,0.0261
South,M148,2019-02,5.54,0.0685
East,M148,2019-02,8.09,0.0464
West,M148,2019-02,5.61,-0.0241
North,M151,2019-02,4.01,0.1061
South,M151,2019-02,7.46,0.0414
East,M151,2019-02,4.37,0.023
West,M151,2019-02,5.09,0.0843
North,M155,2019-02,5.29,-0.0139
South,M155,2019-02,6.61,-0.0338
East,M155,2019-02,3.83,0.1007
West,M155,2019-02,4.86,0.0108
North,M157,2019-02,3.98,0.0711
South,M157,2019-02,5.75,0.0177
East,M157,2019-02,5.11,0.0407
West,M157,2019-02,4.46,0.0392
North,M164,2019-02,5.13,0.101
South,M164,2019-02,6.91,-0.0217
East,M164,2019-02,4.62,0.0302
West,M164,2019-02,4.03,0.1158
North,M170,2019-02,5.58,-0.0062
South,M170,2019-02,5.92,-0.0085
East,M170,2019-02,3.93,0.1204
West,M170,2019-02,4.69,0.1486
North,M171,2019-02,3.81,0.0875
South,M171,2019-02,7.36,0.0077
East,M171,2019-02,4.24,0.0094
West,M171,2019-02,4.26,0.0488
North,M173,2019-02,4.13,0.0094
South,M173,2019-02,7.2,0.0414
East,M173,2019-02,5.28,-0.0152
West,M173,2019-02,5.06,0.0091
North,M177,2019-02,5.31,0.1481
South,M177,2019-02,7.79,0.1346
East,M177,2019-02,5.38,0.0001
West,M177,2019-02,6.95,0.0631
North,M178,2019-02,6.38,0.1354
South,M178,2019-02,7.18,0.1059
East,M178,2019-02,5.66,0.0583
West,M178,2019-02,7.72,0.0781
North,M188,2019-02,6.15,0.1186
South,M188,2019-02,8.46,-0.0138
East,M188,2019-02,7.25,0.0914
West,M188,2019-02,8.82,0.0788
North,M190,2019-02,6.19,0.016
South,M190,2019-02,7.23,0.1316
East,M190,2019-02,5.33,0.0871
West,M190,2019-02,7.94,0.0403
North,M201,2019-02,5.85,0.046
South,M201,2019-02,6.64,0.0573
East,M201,2019-02,6.49,0.1478
West,M201,2019-02,6.4,0.1155
North,M202,2019-02,6.03,0.0726
South,M202,2019-02,6.94,0.0812
East,M202,2019-02,7.03,0.007
West,M202,2019-02,6.59,-0.0386
North,M205,2019-02,5.55,-0.0287
South,M205,2019-02,5.47,0.1207
East,M205,2019-02,6.8,0.0212
West,M205,2019-02,6.7,0.0569
North,M208,2019-02,5.98,0.1436
South,M208,2019-02,6.64,0.0764
East,M208,2019-02,7.14,0.0913
West,M208,2019-02,6.59,0.1486
North,M216,2019-02,5.87,0.0693
South,M216,2019-02,7.43,0.0205
East,M216,2019-02,7.1,0.1007
West,M216,2019-02,5.67,0.0718
North,M222,2019-02,5.94,0.0514
South,M222,2019-02,5.69,-0.0077
East,M222,2019-02,7.21,0.0797
West,M222,2019-02,7.28,0.0561
North,M104,2019-03,8.34,-0.0272
South,M104,2019-03,6.86,0.0499
East,M104,2019-03,7.3,-0.0123
West,M104,2019-03,7.81,0.0278
North,M108,2019-03,8.02,0.0343
South,M108,2019-03,6.66,-0.0346
East,M108,2019-03,7.64,0.0036
West,M108,2019-03,6.49,0.0121
North,M123,2019-03,7.48,0.0452
South,M123,2019-03,6.6,0.0092
East,M123,2019-03,7.3,-0.005
West,M123,2019-03,7.66,0.1141
North,M130,2019-03,7.73,0.0672
South,M130,2019-03,6.87,0.0464
East,M130,2019-03,7.82,0.0708
West,M130,2019-03,5.66,0.1054
North,M134,2019-03,8.65,0.1117
South,M134,2019-03,5.19,0.098
East,M134,2019-03,7.51,-0.0366
West,M134,2019-03,6.53,0.1397
North,M139,2019-03,7.91,0.0342
South,M139,2019-03,5.82,0.1138
East,M139,2019-03,9.38,0.0312
West,M139,2019-03,5.53,0.029
North,M142,2019-03,8.82,0.0016
South,M142,2019-03,7.33,0.061
East,M142,2019-03,8.32,0.0279
West,M142,2019-03,7.23,-0.0483
North,M148,2019-03,9.37,0.03
South,M148,2019-03,7.12,0.1416
East,M148,2019-03,7.92,0.0892
West,M148,2019-03,6.4,0.0659
North,M151,2019-03,4.59,0.1329
South,M151,2019-03,5.82,0.0723
East,M151,2019-03,5.39,0.0422
West,M151,2019-03,4.93,0.0157
North,M155,2019-03,5.42,0.0337
South,M155,2019-03,6.59,-0.0088
East,M155,2019-03,5.46,0.1369
West,M155,2019-03,4.44,-0.0228
North,M157,2019-03,4.66,0.0087
South,M157,2019-03,5.84,0.0111
East,M157,2019-03,5.01,0.097
West,M157,2019-03,5.6,0.0733
North,M162,2019-03,5.37,-0.0041
South,M162,2019-03,7.31,0.1325
East,M162,2019-03,3.98,0.0125
West,M162,2019-03,5.42,0.0589
North,M164,2019-03,4.69,0.0037
South,M164,2019-03,5.96,0.1245
East,M164,2019-03,3.93,0.0836
West,M164,2019-03,3.7,0.1117
North,M170,2019-03,,0.0702
South,M170,2019-03,6.72,0.1289
East,M170,2019-03,3.9,0.053
West,M170,2019-03,5.03,0.0333
North,M171,2019-03,4.31,0.0652
South,M171,2019-03,6.12,-0.0115
East,M171,2019-03,4.85,0.1295
West,M171,2019-03,4.7,0.1162
North,M173,2019-03,3.84,0.148
South,M173,2019-03,7.0,0.0517
East,M173,2019-03,5.23,-0.0348
West,M173,2019-03,5.38,-0.0446
North,M177,2019-03,5.23,0.0733
South,M177,2019-03,6.65,0.148
East,M177,2019-03,4.9,-0.0016
West,M177,2019-03,7.06,0.0666
North,M178,2019-03,6.95,-0.0153
South,M178,2019-03,6.93,-0.0037
East,M178,2019-03,5.84,-0.0314
West,M178,2019-03,6.73,0.1065
North,M188,2019-03,5.79,0.1172
South,M188,2019-03,8.6,0.0111
East,M188,2019-03,5.97,-0.0202
West,M188,2019-03,7.02,-0.0145
North,M190,2019-03,6.39,-0.0117
South,M190,2019-03,7.98,0.0578
East,M190,2019-03,5.36,-0.0083
West,M190,2019-03,7.11,0.0975
North,M196,2019-03,6.68,0.0009
South,M196,2019-03,7.72,0.1117
East,M196,2019-03,7.54,-0.0002
West,M196,2019-03,8.77,0.074
North,M201,2019-03,5.85,-0.0458
South,M201,2019-03,6.12,0.1166
East,M201,2019-03,6.74,0.1448
West,M201,2019-03,7.29,0.1372
North,M202,2019-03,6.97,0.0718
South,M202,2019-03,7.12,0.1187
East,M202,2019-03,7.09,0.0354
West,M202,2019-03,7.17,0.0344
North,M205,2019-03,5.62,-0.0308
South,M205,2019-03,6.69,-0.041
East,M205,2019-03,5.88,0.0546
West,M205,2019-03,4.97,0.1096
North,M208,2019-03,6.45,0.0517
South,M208,2019-03,6.68,0.1472
East,M208,2019-03,7.25,0.0304
West,M208,2019-03,6.53,0.0359
North,M216,2019-03,6.59,0.0016
South,M216,2019-03,5.45,0.0415
East,M216,2019-03,7.12,0.1244
West,M216,2019-03,7.15,-0.0397
North,M222,2019-03,7.53,0.1316
South,M222,2019-03,6.0,-0.007
East,M222,2019-03,6.88,0.1402
West,M222,2019-03,7.7,0.0173
North,M102,2019-04,7.87,0.0364
South,M102,2019-04,7.56,-0.0347
East,M102,2019-04,8.36,-0.046
West,M102,2019-04,7.1,0.0085
North,M104,2019-04,7.07,-0.0139
South,M104,2019-04,6.51,0.1431
East,M104,2019-04,7.16,0.037
West,M104,2019-04,6.98,0.1453
North,M108,2019-04,8.12,0.1319
South,M108,2019-04,7.55,0.0317
East,M108,2019-04,7.68,-0.0041
West,M108,2019-04,6.95,0.115
North,M123,2019-04,8.04,-0.0144
South,M123,2019-04,7.66,0.1163
East,M123,2019-04,7.61,0.0162
West,M123,2019-04,7.43,-0.0433
North,M130,2019-04,7.06,0.1224
South,M130,2019-04,6.72,0.1243
East,M130,2019-04,8.8,-0.0155
West,M130,2019-04,5.75,0.0528
North,M134,2019-04,8.43,0.1021
South,M134,2019-04,5.54,0.0646
East,M134,2019-04,8.37,0.0619
West,M134,2019-04,5.14,0.0146
North,M139,2019-04,8.32,0.118
South,M139,2019-04,5.67,0.1028
East,M139,2019-04,8.5,0.0702
West,M139,2019-04,5.8,0.0797
North,M142,2019-04,7.46,0.1341
South,M142,2019-04,7.22,0.1236
East,M142,2019-04,8.87,0.0548
West,M142,2019-04,7.02,-0.0068
North,M148,2019-04,8.52,0.1391
South,M148,2019-04,7.31,0.0108
East,M148,2019-04,8.42,0.0016
West,M148,2019-04,6.83,0.0994
North,M151,2019-04,4.84,0.0574
South,M151,2019-04,6.73,-0.0055
East,M151,2019-04,4.28,0.0454
West,M151,2019-04,5.08,0.0397
North,M155,2019-04,4.07,0.0393
South,M155,2019-04,6.27,0.0423
East,M155,2019-04,4.49,0.128
West,M155,2019-04,4.41,0.0389
North,M157,2019-04,3.93,0.0729
South,M157,2019-04,7.07,0.0711
East,M157,2019-04,4.94,0.0492
West,M157,2019-04,4.85,0.0045
North,M162,2019-04,4.34,0.0071
South,M162,2019-04,6.91,0.0675
East,M162,2019-04,5.46,0.0419
West,M162,2019-04,4.27,-0.0445
North,M164,2019-04,5.05,0.0279
South,M164,2019-04,6.43,-0.045
East,M164,2019-04,5.29,0.1233
West,M164,2019-04,4.39,0.0116
North,M166,2019-04,4.58,-0.0323
South,M166,2019-04,6.43,-0.0085
East,M166,2019-04,5.24,0.0677
West,M166,2019-04,5.26,-0.0407
North,M170,2019-04,5.19,0.1093
South,M170,2019-04,6.25,0.0512
East,M170,2019-04,3.97,0.0027
West,M170,2019-04,3.97,0.1101
North,M171,2019-04,5.05,-0.0008
South,M171,2019-04,7.77,0.123
East,M171,2019-04,4.0,0.1468
West,M171,2019-04,5.0,0.0842
North,M173,2019-04,3.44,0.002
South,M173,2019-04,5.46,0.0974
East,M173,2019-04,3.56,0.113
West,M173,2019-04,4.58,0.0223
North,M177,2019-04,5.68,0.0879
South,M177,2019-04,7.49,0.0971
East,M177,2019-04,6.5,-0.0326
West,M177,2019-04,6.5,0.0505
North,M178,2019-04,6.44,0.1358
South,M178,2019-04,7.23,0.096
East,M178,2019-04,5.88,-0.0314
West,M178,2019-04,7.71,0.0522
North,M188,2019-04,6.38,0.0423
South,M188,2019-04,7.73,0.0802
East,M188,2019-04,6.61,0.1271
West,M188,2019-04,7.98,0.0246
North,M190,2019-04,5.23,0.1456
South,M190,2019-04,7.63,0.0784
East,M190,2019-04,5.1,0.0903
West,M190,2019-04,,-0.0139
North,M196,2019-04,7.16,0.1317
South,M196,2019-04,9.15,0.1176
East,M196,2019-04,7.11,0.0345
West,M196,2019-04,9.26,-0.039
North,M201,2019-04,5.8,0.0564
South,M201,2019-04,6.42,0.0115
East,M201,2019-04,7.4,0.0682
West,M201,2019-04,5.84,0.0981
North,M202,2019-04,5.81,0.0098
South,M202,2019-04,5.74,-0.0124
East,M202,2019-04,6.34,-0.0467
West,M202,2019-04,6.93,-0.0167
North,M205,2019-04,6.28,0.0462
South,M205,2019-04,5.29,-0.0336
East,M205,2019-04,6.67,0.101
West,M205,2019-04,5.65,0.1234
North,M208,2019-04,6.46,-0.0092
South,M208,2019-04,7.41,-0.0347
East,M208,2019-04,,0.0211
West,M208,2019-04,6.22,0.1389
North,M214,2019-04,6.74,0.1129
South,M214,2019-04,6.6,0.1371
East,M214,2019-04,7.46,-0.0164
West,M214,2019-04,6.14,0.0156
North,M216,2019-04,6.85,-0.0384
South,M216,2019-04,6.25,0.1272
East,M216,2019-04,6.68,-0.0158
West,M216,2019-04,7.09,0.0161
North,M222,2019-04,7.38,0.1446
South,M222,2019-04,5.99,0.1016
East,M222,2019-04,6.12,0.1385
West,M222,2019-04,5.96,0.0565
North,M102,2019-05,8.91,0.1283
South,M102,2019-05,8.53,0.1486
East,M102,2019-05,8.93,0.0016
West,M102,2019-05,7.77,0.0907
North,M104,2019-05,8.24,0.1329
South,M104,2019-05,6.48,0.024
East,M104,2019-05,7.2,0.1456
West,M104,2019-05,7.97,0.0971
North,M108,2019-05,6.3,0.0129
South,M108,2019-05,7.04,-0.0319
East,M108,2019-05,6.27,-0.0324
West,M108,2019-05,6.59,0.0782
North,M123,2019-05,7.04,0.1405
South,M123,2019-05,6.96,-0.0382
East,M123,2019-05,,0.0382
West,M123,2019-05,6.49,0.1287
North,M126,2019-05,8.7,0.0315
South,M126,2019-05,6.74,0.1036
East,M126,2019-05,8.11,0.1179
West,M126,2019-05,6.38,0.0111
North,M130,2019-05,9.06,0.1066
South,M130,2019-05,6.7,0.0682
East,M130,2019-05,7.36,0.1215
West,M130,2019-05,6.41,-0.039
North,M134,2019-05,7.45,0.0736
South,M134,2019-05,6.5,0.0339
East,M134,2019-05,7.05,0.0265
West,M134,2019-05,6.31,-0.0313
North,M139,2019-05,7.31,0.118
South,M139,2019-05,6.71,-0.0235
East,M139,2019-05,8.52,0.098
West,M139,2019-05,6.11,0.1148
North,M142,2019-05,9.17,-0.0333
South,M142,2019-05,7.02,0.0776
East,M142,2019-05,7.66,0.1171
West,M142,2019-05,6.53,-0.0208
North,M148,2019-05,8.47,0.0493
South,M148,2019-05,7.07,0.0992
East,M148,2019-05,7.43,-0.0222
West,M148,2019-05,7.07,0.1374
North,M151,2019-05,4.69,0.102
South,M151,2019-05,6.51,0.0907
East,M151,2019-05,3.73,0.142
West,M151,2019-05,4.74,0.0035
North,M155,2019-05,4.15,-0.0242
South,M155,2019-05,7.09,0.1379
East,M155,2019-05,3.76,0.009
West,M155,2019-05,3.84,-0.0411
North,M157,2019-05,4.92,0.1351
South,M157,2019-05,6.91,-0.0205
East,M157,2019-05,4.83,-0.0468
West,M157,2019-05,4.33,-0.0443
North,M162,2019-05,5.29,0.0024
South,M162,2019-05,6.67,0.0101
East,M162,2019-05,4.67,0.1109
West,M162,2019-05,5.1,0.0182
North,M164,2019-05,4.78,0.1241
South,M164,2019-05,6.57,0.0669
East,M164,2019-05,4.01,0.0876
West,M164,2019-05,3.76,0.0278
North,M166,2019-05,5.04,0.1111
South,M166,2019-05,6.38,0.0562
East,M166,2019-05,5.64,0.126
West,M166,2019-05,4.48,0.1323
North,M170,2019-05,4.8,-0.0352
South,M170,2019-05,6.41,0.0333
East,M170,2019-05,3.83,0.1187
West,M170,2019-05,3.62,-0.0305
North,M171,2019-05,5.25,0.0264
South,M171,2019-05,7.79,0.0678
East,M171,2019-05,5.12,0.1264
West,M171,2019-05,5.3,-0.0071
North,M173,2019-05,3.38,0.102
South,M173,2019-05,6.76,0.0542
East,M173,2019-05,4.94,0.096
West,M173,2019-05,4.46,0.0639
North,M177,2019-05,5.47,0.1007
South,M177,2019-05,6.84,0.0962
East,M177,2019-05,6.77,0.0381
West,M177,2019-05,7.44,0.1265
North,M178,2019-05,6.84,-0.007
South,M178,2019-05,6.52,0.0957
East,M178,2019-05,5.18,0.0487
West,M178,2019-05,8.02,0.0521
North,M184,2019-05,6.72,0.0557
South,M184,2019-05,8.89,0.0163
East,M184,2019-05,7.06,0.1282
West,M184,2019-05,8.09,0.0825
North,M188,2019-05,6.29,-0.0182
South,M188,2019-05,8.27,0.1302
East,M188,2019-05,6.49,-0.0063
West,M188,2019-05,6.95,0.0374
North,M190,2019-05,6.11,0.057
South,M190,2019-05,7.21,0.0345
East,M190,2019-05,6.9,0.0505
West,M190,2019-05,7.83,0.0148
North,M196,2019-05,6.83,0.0038
South,M196,2019-05,7.97,0.065
East,M196,2019-05,6.39,0.0215
West,M196,2019-05,7.81,0.0145
North,M201,2019-05,6.02,0.016
South,M201,2019-05,6.59,0.09
East,M201,2019-05,6.31,0.0415
West,M201,2019-05,5.88,-0.0371
North,M202,2019-05,6.23,0.0272
South,M202,2019-05,6.74,0.0357
East,M202,2019-05,5.61,0.0996
West,M202,2019-05,5.2,0.0486
North,M205,2019-05,5.69,0.0726
South,M205,2019-05,5.88,0.1035
East,M205,2019-05,6.73,0.1273
West,M205,2019-05,6.4,0.0698
North,M208,2019-05,6.08,0.1327
South,M208,2019-05,5.71,0.0202
East,M208,2019-05,6.61,0.117
West,M208,2019-05,6.4,-0.0425
North,M214,2019-05,7.04,0.0451
South,M214,2019-05,6.8,0.0062
East,M214,2019-05,5.77,0.0583
West,M214,2019-05,7.01,0.0826
North,M216,2019-05,5.54,0.0607
South,M216,2019-05,6.34,0.0008
East,M216,2019-05,6.52,-0.0334
West,M216,2019-05,6.47,-0.0433
North,M222,2019-05,5.73,0.132
South,M222,2019-05,6.82,0.1209
East,M222,2019-05,7.45,-0.0016
West,M222,2019-05,7.3,0.03
North,M102,2019-06,8.61,0.0192
South,M102,2019-06,7.64,-0.0468
East,M102,2019-06,7.61,0.0286
West,M102,2019-06,8.35,0.1212
North,M104,2019-06,7.67,0.0306
South,M104,2019-06,7.21,-0.0404
East,M104,2019-06,6.47,0.135
West,M104,2019-06,7.51,0.0647
North,M108,2019-06,6.58,0.0921
South,M108,2019-06,8.01,0.0389
East,M108,2019-06,7.62,0.1106
West,M108,2019-06,7.1,0.1462
North,M109,2019-06,8.71,0.144
South,M109,2019-06,8.4,0.0798
East,M109,2019-06,8.26,0.1222
West,M109,2019-06,8.3,0.125
North,M117,2019-06,8.26,-0.0183
South,M117,2019-06,7.52,0.1385
East,M117,2019-06,7.9,0.0524
West,M117,2019-06,7.74,0.0392
North,M123,2019-06,7.62,0.1162
South,M123,2019-06,8.06,0.1063
East,M123,2019-06,7.53,-0.03
West,M123,2019-06,7.41,0.0249
North,M126,2019-06,7.93,0.0876
South,M126,2019-06,6.36,0.0708
East,M126,2019-06,8.12,-0.0299
West,M126,2019-06,7.6,-0.0144
North,M130,2019-06,8.04,0.0535
South,M130,2019-06,6.07,0.0452
East,M130,2019-06,7.4,0.0258
West,M130,2019-06,5.42,0.0463
North,M134,2019-06,7.79,0.0726
South,M134,2019-06,6.51,0.0777
East,M134,2019-06,7.68,0.0364
West,M134,2019-06,6.15,0.0173
North,M139,2019-06,7.96,0.1401
South,M139,2019-06,6.71,0.0031
East,M139,2019-06,8.36,0.0474
West,M139,2019-06,7.15,0.0097
North,M142,2019-06,7.49,0.0687
South,M142,2019-06,6.29,0.0828
East,M142,2019-06,7.48,0.0787
West,M142,2019-06,6.28,0.1033
North,M148,2019-06,8.92,0.0826
South,M148,2019-06,7.32,0.0888
East,M148,2019-06,8.65,0.1385
West,M148,2019-06,6.62,0.0303
North,M151,2019-06,3.59,0.0796
South,M151,2019-06,6.82,-0.031
East,M151,2019-06,4.45,0.0248
West,M151,2019-06,3.81,-0.0197
North,M155,2019-06,5.35,0.1433
South,M155,2019-06,6.42,0.105
East,M155,2019-06,5.13,0.1173
West,M155,2019-06,4.6,0.1166
North,M157,2019-06,4.27,0.0807
South,M157,2019-06,6.4,0.1296
East,M157,2019-06,4.61,0.0756
West,M157,2019-06,3.78,-0.0165
North,M162,2019-06,4.12,0.1074
South,M162,2019-06,7.09,0.0101
East,M162,2019-06,4.63,0.1114
West,M162,2019-06,5.69,0.0933
North,M164,2019-06,3.87,0.0839
South,M164,2019-06,6.3,0.1141
East,M164,2019-06,3.85,0.0612
West,M164,2019-06,4.79,0.1489
North,M166,2019-06,4.77,0.1378
South,M166,2019-06,6.6,-0.0426
East,M166,2019-06,4.65,0.1149
West,M166,2019-06,3.93,0.0196
North,M170,2019-06,4.99,-0.0421
South,M170,2019-06,5.93,0.138
East,M170,2019-06,4.55,0.0039
West,M170,2019-06,3.7,0.0901
North,M171,2019-06,3.79,0.0128
South,M171,2019-06,5.63,-0.0188
East,M171,2019-06,4.94,0.1121
West,M171,2019-06,3.91,0.1083
North,M173,2019-06,4.78,0.0854
South,M173,2019-06,6.39,0.0357
East,M173,2019-06,5.61,0.0848
West,M173,2019-06,4.32,0.0315
North,M177,2019-06,5.87,-0.0234
South,M177,2019-06,7.44,-0.0329
East,M177,2019-06,5.31,0.1141
West,M177,2019-06,7.87,-0.0351
North,M178,2019-06,5.16,0.1322
South,M178,2019-06,6.85,0.012
East,M178,2019-06,6.01,0.1202
West,M178,2019-06,8.08,0.0925
North,M179,2019-06,7.43,0.1037
South,M179,2019-06,9.49,0.0036
East,M179,2019-06,7.9,0.1035
West,M179,2019-06,9.66,0.0828
North,M184,2019-06,7.67,-0.0043
South,M184,2019-06,8.27,0.1187
East,M184,2019-06,6.96,0.1149
West,M184,2019-06,8.57,0.0185
North,M188,2019-06,6.96,-0.0025
South,M188,2019-06,8.04,0.1392
East,M188,2019-06,6.48,-0.0217
West,M188,2019-06,7.59,0.0281
North,M190,2019-06,6.75,0.112
South,M190,2019-06,7.69,0.1094
East,M190,2019-06,5.21,0.0815
West,M190,2019-06,6.99,0.0255
North,M196,2019-06,7.32,0.1079
South,M196,2019-06,8.18,-0.0207
East,M196,2019-06,6.14,0.0112
West,M196,2019-06,9.04,0.0403
North,M201,2019-06,6.03,0.0255
South,M201,2019-06,6.25,0.025
East,M201,2019-06,7.14,0.1349
West,M201,2019-06,5.72,0.1045
North,M202,2019-06,6.25,0.131
South,M202,2019-06,5.87,0.1343
East,M202,2019-06,5.56,0.0874
West,M202,2019-06,5.48,0.1151
North,M205,2019-06,6.13,0.0686
South,M205,2019-06,5.73,0.0358
East,M205,2019-06,5.45,0.1057
West,M205,2019-06,5.4,-0.0339
North,M208,2019-06,6.23,-0.0444
South,M208,2019-06,5.62,-0.0012
East,M208,2019-06,5.95,-0.0381
West,M208,2019-06,5.66,-0.0162
North,M214,2019-06,6.15,-0.0109
South,M214,2019-06,6.75,0.029
East,M214,2019-06,6.32,-0.0408
West,M214,2019-06,6.88,0.0823
North,M216,2019-06,8.7,0.0587
South,M216,2019-06,9.28,0.0981
East,M216,2019-06,8.48,0.0808
West,M216,2019-06,9.11,0.0332
North,M222,2019-06,7.27,-0.0416
South,M222,2019-06,6.44,0.029
East,M222,2019-06,5.45,0.0502
West,M222,2019-06,6.98,-0.0048
North,M102,2019-07,8.54,0.119
South,M102,2019-07,8.2,0.0013
East,M102,2019-07,7.75,0.0678
West,M102,2019-07,7.05,0.0936
North,M104,2019-07,7.55,0.0863
South,M104,2019-07,6.95,0.1092
East,M104,2019-07,7.32,0.0939
West,M104,2019-07,7.68,-0.0041
North,M108,2019-07,8.76,0.1496
South,M108,2019-07,9.91,0.0865
East,M108,2019-07,8.75,0.1227
West,M108,2019-07,9.62,0.0294
North,M109,2019-07,8.08,0.0429
South,M109,2019-07,7.01,-0.0264
East,M109,2019-07,7.65,0.0697
West,M109,2019-07,8.26,-0.0223
North,M117,2019-07,8.72,0.0303
South,M117,2019-07,6.98,0.0347
East,M117,2019-07,8.44,0.0601
West,M117,2019-07,7.99,0.0053
North,M123,2019-07,6.13,0.1356
South,M123,2019-07,6.57,0.0236
East,M123,2019-07,6.57,0.0096
West,M123,2019-07,7.47,-0.0335
North,M126,2019-07,8.26,0.1271
South,M126,2019-07,6.14,0.0123
East,M126,2019-07,9.28,-0.0065
West,M126,2019-07,6.87,-0.0448
North,M130,2019-07,7.36,-0.0406
South,M130,2019-07,6.79,0.1322
East,M130,2019-07,7.52,0.0161
West,M130,2019-07,6.2,0.0913
North,M134,2019-07,,-0.0059
South,M134,2019-07,6.48,0.0408
East,M134,2019-07,7.6,0.1214
West,M134,2019-07,6.26,0.0191
North,M139,2019-07,7.94,0.1287
South,M139,2019-07,5.72,0.132
East,M139,2019-07,,-0.0314
West,M139,2019-07,5.89,-0.0036
North,M142,2019-07,8.56,0.0142
South,M142,2019-07,5.85,0.0018
East,M142,2019-07,8.8,0.1165
West,M142,2019-07,6.29,0.0371
North,M148,2019-07,7.39,-0.0051
South,M148,2019-07,6.01,0.1186
East,M148,2019-07,9.13,0.041
West,M148,2019-07,6.63,0.1186
North,M151,2019-07,4.41,-0.0027
South,M151,2019-07,5.45,0.066
East,M151,2019-07,3.97,0.0951
West,M151,2019-07,3.8,0.05
North,M155,2019-07,5.39,0.0181
South,M155,2019-07,6.99,0.0062
East,M155,2019-07,4.5,0.0107
West,M155,2019-07,5.18,0.1104
North,M157,2019-07,5.22,0.1482
South,M157,2019-07,6.35,0.119
East,M157,2019-07,3.86,0.0689
West,M157,2019-07,5.23,0.022
North,M162,2019-07,4.93,0.1105
South,M162,2019-07,6.75,-0.0285
East,M162,2019-07,4.74,0.0445
West,M162,2019-07,4.39,0.008
North,M164,2019-07,4.65,0.0423
South,M164,2019-07,6.06,-0.0197
East,M164,2019-07,3.94,0.0092
West,M164,2019-07,3.84,0.0861
North,M166,2019-07,5.35,0.0718
South,M166,2019-07,6.52,0.0557
East,M166,2019-07,4.53,0.1186
West,M166,2019-07,4.59,0.0695
North,M170,2019-07,5.62,0.0936
South,M170,2019-07,6.74,-0.0236
East,M170,2019-07,4.59,-0.0432
West,M170,2019-07,5.31,0.0381
North,M171,2019-07,4.32,0.0437
South,M171,2019-07,6.91,0.063
East,M171,2019-07,5.06,-0.0054
West,M171,2019-07,4.35,0.0991
North,M173,2019-07,4.76,0.084
South,M173,2019-07,5.33,0.1019
East,M173,2019-07,5.22,0.0608
West,M173,2019-07,4.08,0.1086
North,M177,2019-07,5.59,0.0806
South,M177,2019-07,6.55,-0.0036
East,M177,2019-07,6.14,-0.0396
West,M177,2019-07,6.5,0.1358
North,M178,2019-07,5.54,0.1075
South,M178,2019-07,8.17,0.1169
East,M178,2019-07,6.94,0.147
West,M178,2019-07,7.06,0.1334
North,M179,2019-07,6.6,-0.0239
South,M179,2019-07,8.18,0.0284
East,M179,2019-07,7.36,-0.0319
West,M179,2019-07,8.51,0.0931
North,M184,2019-07,5.53,0.1223
South,M184,2019-07,7.56,0.1156
East,M184,2019-07,6.1,0.106
West,M184,2019-07,7.72,0.1424
North,M188,2019-07,6.45,0.0541
South,M188,2019-07,6.75,0.02
East,M188,2019-07,5.81,0.1104
West,M188,2019-07,7.38,0.032
North,M190,2019-07,6.67,0.023
South,M190,2019-07,7.7,0.1219
East,M190,2019-07,6.58,0.0775
West,M190,2019-07,6.99,0.0857
North,M196,2019-07,5.87,0.1402
South,M196,2019-07,7.82,-0.035
East,M196,2019-07,6.75,-0.0314
West,M196,2019-07,9.42,0.062
North,M201,2019-07,7.22,0.1403
South,M201,2019-07,6.84,0.058
East,M201,2019-07,6.23,0.0468
West,M201,2019-07,7.13,-0.0094
North,M202,2019-07,6.85,0.1103
South,M202,2019-07,6.87,0.1094
East,M202,2019-07,5.6,0.0448
West,M202,2019-07,6.59,0.0101
North,M205,2019-07,5.83,0.102
South,M205,2019-07,6.06,0.0442
East,M205,2019-07,5.01,-0.0417
West,M205,2019-07,6.03,0.087
North,M208,2019-07,5.79,0.0862
South,M208,2019-07,6.95,-0.0493
East,M208,2019-07,6.93,0.0095
West,M208,2019-07,7.38,0.0051
North,M214,2019-07,6.59,0.123
South,M214,2019-07,5.73,0.0038
East,M214,2019-07,6.42,0.0139
West,M214,2019-07,7.07,0.0211
North,M216,2019-07,5.67,0.0395
South,M216,2019-07,5.41,-0.004
East,M216,2019-07,6.3,0.0569
West,M216,2019-07,6.39,0.0586
North,M222,2019-07,7.35,-0.0473
South,M222,2019-07,7.41,0.0487
East,M222,2019-07,7.28,-0.0068
West,M222,2019-07,6.55,0.0352
North,M102,2019-08,8.4,0.0171
South,M102,2019-08,8.76,-0.0231
East,M102,2019-08,7.78,0.0827
West,M102,2019-08,7.49,0.0742
North,M104,2019-08,6.79,-0.0411
South,M104,2019-08,6.08,0.0719
East,M104,2019-08,7.56,-0.0236
West,M104,2019-08,7.1,0.0643
North,M107,2019-08,7.1,-0.0191
South,M107,2019-08,8.46,-0.0023
East,M107,2019-08,8.42,0.04
West,M107,2019-08,7.02,0.0795
North,M108,2019-08,6.52,0.0181
South,M108,2019-08,6.45,0.0187
East,M108,2019-08,8.05,0.0244
West,M108,2019-08,6.77,0.0359
North,M109,2019-08,7.5,0.0387
South,M109,2019-08,7.64,-0.0461
East,M109,2019-08,8.65,0.1373
West,M109,2019-08,7.68,0.149
North,M117,2019-08,8.64,0.0098
South,M117,2019-08,8.33,0.0666
East,M117,2019-08,7.03,0.0703
West,M117,2019-08,7.74,0.0886
North,M120,2019-08,7.58,0.1405
South,M120,2019-08,9.16,0.0955
East,M120,2019-08,7.69,0.0368
West,M120,2019-08,8.8,0.1264
North,M123,2019-08,6.81,0.0111
South,M123,2019-08,7.55,0.0109
East,M123,2019-08,8.09,-0.017
West,M123,2019-08,8.24,0.0453
North,M126,2019-08,8.27,0.0922
South,M126,2019-08,6.23,0.1233
East,M126,2019-08,8.89,0.0727
West,M126,2019-08,6.76,-0.0047
North,M130,2019-08,8.79,0.0781
South,M130,2019-08,5.36,0.1228
East,M130,2019-08,8.86,0.0942
West,M130,2019-08,,-0.0368
North,M134,2019-08,8.05,0.0456
South,M134,2019-08,5.14,0.0311
East,M134,2019-08,8.04,0.1167
West,M134,2019-08,5.14,-0.0192
North,M139,2019-08,7.31,0.0699
South,M139,2019-08,5.45,0.0936
East,M139,2019-08,7.78,0.1449
West,M139,2019-08,7.17,-0.0203
North,M142,2019-08,3.13,-0.0273
South,M142,2019-08,2.72,0.0292
East,M142,2019-08,4.47,0.142
West,M142,2019-08,2.46,0.1076
North,M148,2019-08,9.38,0.0543
South,M148,2019-08,5.88,-0.0054
East,M148,2019-08,9.58,0.147
West,M148,2019-08,6.17,-0.0173
North,M151,2019-08,4.45,0.1168
South,M151,2019-08,7.16,0.0146
East,M151,2019-08,4.13,0.0887
West,M151,2019-08,4.87,-0.0335
North,M155,2019-08,4.4,-0.046
South,M155,2019-08,6.15,0.1326
East,M155,2019-08,5.18,0.1059
West,M155,2019-08,,0.0939
North,M157,2019-08,3.42,0.0649
South,M157,2019-08,6.4,0.0365
East,M157,2019-08,4.82,0.1229
West,M157,2019-08,4.42,0.0403
North,M162,2019-08,4.73,0.0911
South,M162,2019-08,6.53,-0.0395
East,M162,2019-08,5.6,-0.0003
West,M162,2019-08,4.55,-0.0213
North,M164,2019-08,4.72,0.0366
South,M164,2019-08,7.16,0.0035
East,M164,2019-08,4.46,0.0112
West,M164,2019-08,3.78,0.0675
North,M166,2019-08,3.98,0.0979
South,M166,2019-08,6.76,0.1082
East,M166,2019-08,4.8,0.0438
West,M166,2019-08,4.81,-0.0104
North,M170,2019-08,5.3,-0.0303
South,M170,2019-08,6.18,0.0463
East,M170,2019-08,4.2,0.1296
West,M170,2019-08,5.0,0.1472
North,M171,2019-08,4.12,-0.0143
South,M171,2019-08,5.79,0.0007
East,M171,2019-08,4.54,-0.0118
West,M171,2019-08,4.91,-0.0017
North,M173,2019-08,4.05,-0.0355
South,M173,2019-08,5.41,-0.0236
East,M173,2019-08,3.55,0.0917
West,M173,2019-08,4.09,0.0569
North,M177,2019-08,5.75,0.1412
South,M177,2019-08,6.73,-0.0395
East,M177,2019-08,5.06,0.1136
West,M177,2019-08,7.54,0.0287
North,M178,2019-08,4.89,-0.0187
South,M178,2019-08,7.81,-0.0237
East,M178,2019-08,5.21,-0.0429
West,M178,2019-08,7.16,0.0673
North,M179,2019-08,7.17,0.0966
South,M179,2019-08,8.88,0.0199
East,M179,2019-08,6.97,0.012
West,M179,2019-08,9.03,0.1448
North,M180,2019-08,6.94,-0.028
South,M180,2019-08,8.77,0.0128
East,M180,2019-08,6.7,0.1364
West,M180,2019-08,8.25,0.1418
North,M184,2019-08,6.71,0.0055
South,M184,2019-08,7.55,0.0361
East,M184,2019-08,6.94,0.1204
West,M184,2019-08,8.4,0.0814
North,M188,2019-08,6.75,-0.0025
South,M188,2019-08,6.72,-0.0498
East,M188,2019-08,5.84,-0.0417
West,M188,2019-08,6.76,0.0625
North,M190,2019-08,5.84,0.0835
South,M190,2019-08,7.43,0.1255
East,M190,2019-08,5.69,0.0885
West,M190,2019-08,7.44,0.051
North,M196,2019-08,6.99,-0.0281
South,M196,2019-08,7.28,0.1009
East,M196,2019-08,6.96,0.0965
West,M196,2019-08,8.32,0.0527
North,M201,2019-08,6.33,0.0688
South,M201,2019-08,5.41,0.1292
East,M201,2019-08,6.64,-0.0014
West,M201,2019-08,6.38,0.0517
North,M202,2019-08,6.52,-0.0323
South,M202,2019-08,6.74,0.0341
East,M202,2019-08,6.3,0.0755
West,M202,2019-08,6.43,0.1487
North,M205,2019-08,6.37,-0.0179
South,M205,2019-08,5.81,-0.0476
East,M205,2019-08,6.75,-0.0187
West,M205,2019-08,4.85,0.0608
North,M208,2019-08,6.94,0.0081
South,M208,2019-08,5.9,-0.0078
East,M208,2019-08,6.43,0.0532
West,M208,2019-08,7.05,-0.0442
North,M214,2019-08,6.76,0.0301
South,M214,2019-08,6.58,0.102
East,M214,2019-08,6.86,0.0242
West,M214,2019-08,6.98,0.0068
North,M216,2019-08,6.18,0.1283
South,M216,2019-08,5.6,0.0629
East,M216,2019-08,6.97,0.053
West,M216,2019-08,5.91,0.1237
North,M222,2019-08,6.2,-0.0298
South,M222,2019-08,6.38,-0.0409
East,M222,2019-08,6.86,0.1142
West,M222,2019-08,5.94,0.1352
North,M102,2019-09,6.97,0.0752
South,M102,2019-09,7.67,-0.0207
East,M102,2019-09,8.23,0.0559
West,M102,2019-09,8.71,0.1017
North,M104,2019-09,6.2,0.0907
South,M104,2019-09,6.74,0.0854
East,M104,2019-09,5.97,0.0614
West,M104,2019-09,5.99,0.1179
North,M107,2019-09,7.03,0.0461
South,M107,2019-09,7.12,-0.0213
East,M107,2019-09,8.14,0.025
West,M107,2019-09,8.45,-0.0452
North,M108,2019-09,6.18,0.068
South,M108,2019-09,6.13,0.094
East,M108,2019-09,7.4,0.0601
West,M108,2019-09,6.49,0.0303
North,M109,2019-09,7.88,0.0457
South,M109,2019-09,7.58,-0.0071
East,M109,2019-09,7.36,0.0064
West,M109,2019-09,8.01,-0.0381
North,M117,2019-09,7.16,-0.0053
South,M117,2019-09,7.41,0.1374
East,M117,2019-09,9.07,0.1447
West,M117,2019-09,7.65,0.0636
North,M120,2019-09,8.97,0.1481
South,M120,2019-09,7.87,0.0524
East,M120,2019-09,8.04,-0.03
West,M120,2019-09,8.26,-0.0209
North,M123,2019-09,6.61,0.0764
South,M123,2019-09,6.42,-0.0
East,M123,2019-09,6.56,0.0074
West,M123,2019-09,7.05,0.0403
North,M126,2019-09,9.06,-0.0131
South,M126,2019-09,5.59,0.0628
East,M126,2019-09,7.45,0.1346
West,M126,2019-09,7.13,0.1224
North,M129,2019-09,,-0.0361
South,M129,2019-09,6.48,0.0585
East,M129,2019-09,7.91,0.0658
West,M129,2019-09,6.65,0.1043
North,M130,2019-09,7.31,0.0667
South,M130,2019-09,5.41,-0.0334
East,M130,2019-09,6.62,0.0146
West,M130,2019-09,5.75,0.1216
North,M134,2019-09,7.29,-0.0211
South,M134,2019-09,6.51,0.0611
East,M134,2019-09,7.18,0.0286
West,M134,2019-09,6.36,0.0423
North,M136,2019-09,9.02,-0.0417
South,M136,2019-09,7.89,0.1243
East,M136,2019-09,9.93,-0.0195
West,M136,2019-09,7.36,0.1124
North,M139,2019-09,10.0,0.0709
South,M139,2019-09,8.08,-0.0487
East,M139,2019-09,10.0,0.1361
West,M139,2019-09,9.16,0.0636
North,M142,2019-09,8.43,0.1129
South,M142,2019-09,6.72,0.0967
East,M142,2019-09,8.63,0.0816
West,M142,2019-09,6.31,0.0953
North,M148,2019-09,7.99,0.1054
South,M148,2019-09,5.87,-0.0059
East,M148,2019-09,7.33,0.1011
West,M148,2019-09,6.32,0.1216
North,M151,2019-09,4.79,0.0124
South,M151,2019-09,6.82,-0.0328
East,M151,2019-09,4.49,0.0772
West,M151,2019-09,3.97,-0.0496
North,M155,2019-09,4.18,0.0222
South,M155,2019-09,5.61,0.1085
East,M155,2019-09,5.17,0.0406
West,M155,2019-09,4.15,0.0418
North,M157,2019-09,3.99,-0.0291
South,M157,2019-09,7.23,0.1321
East,M157,2019-09,4.1,0.1393
West,M157,2019-09,3.86,0.1453
North,M158,2019-09,4.87,0.041
South,M158,2019-09,6.3,0.1216
East,M158,2019-09,5.54,0.0736
West,M158,2019-09,4.83,0.0551
North,M162,2019-09,3.42,-0.0006
South,M162,2019-09,5.61,0.0996
East,M162,2019-09,5.41,-0.0128
West,M162,2019-09,4.67,-0.0358
North,M164,2019-09,4.89,-0.0164
South,M164,2019-09,6.64,-0.0033
East,M164,2019-09,3.35,-0.0409
West,M164,2019-09,4.2,-0.0017
North,M166,2019-09,4.79,-0.0446
South,M166,2019-09,6.48,0.0165
East,M166,2019-09,4.24,0.0144
West,M166,2019-09,4.22,0.0077
North,M170,2019-09,3.83,0.1401
South,M170,2019-09,6.62,0.1254
East,M170,2019-09,4.46,0.0668
West,M170,2019-09,4.74,0.0005
North,M171,2019-09,3.59,0.0799
South,M171,2019-09,6.27,0.1476
East,M171,2019-09,5.3,0.0437
West,M171,2019-09,4.96,0.1399
North,M173,2019-09,4.95,0.0461
South,M173,2019-09,6.56,-0.0105
East,M173,2019-09,3.83,-0.0426
West,M173,2019-09,4.48,0.127
North,M177,2019-09,5.77,0.1018
South,M177,2019-09,8.02,0.0056
East,M177,2019-09,4.93,0.0036
West,M177,2019-09,6.95,0.112
North,M178,2019-09,5.49,0.0395
South,M178,2019-09,6.73,0.0824
East,M178,2019-09,5.42,0.0314
West,M178,2019-09,7.67,0.138
North,M179,2019-09,6.1,0.046
South,M179,2019-09,8.66,0.0954
East,M179,2019-09,6.36,0.1253
West,M179,2019-09,8.81,0.0889
North,M180,2019-09,7.01,0.0753
South,M180,2019-09,9.51,0.0272
East,M180,2019-09,6.07,0.0455
West,M180,2019-09,9.22,0.1489
North,M184,2019-09,5.83,0.0107
South,M184,2019-09,7.86,0.0046
East,M184,2019-09,6.39,0.1358
West,M184,2019-09,7.39,0.062
North,M188,2019-09,5.77,0.1216
South,M188,2019-09,8.54,0.0743
East,M188,2019-09,6.81,0.0276
West,M188,2019-09,7.5,0.0903
North,M190,2019-09,6.88,0.0047
South,M190,2019-09,6.78,0.103
East,M190,2019-09,6.73,0.1374
West,M190,2019-09,7.24,0.0618
North,M196,2019-09,2.04,0.115
South,M196,2019-09,3.48,0.1262
East,M196,2019-09,2.08,-0.0451
West,M196,2019-09,3.95,0.0725
North,M201,2019-09,6.9,0.0026
South,M201,2019-09,5.64,0.0685
East,M201,2019-09,6.42,-0.0297
West,M201,2019-09,5.63,0.0792
North,M202,2019-09,,0.1248
South,M202,2019-09,6.29,0.0823
East,M202,2019-09,6.04,-0.0302
West,M202,2019-09,6.17,0.1408
North,M205,2019-09,6.04,0.0144
South,M205,2019-09,6.08,-0.039
East,M205,2019-09,4.92,0.0279
West,M205,2019-09,4.98,-0.034
North,M208,2019-09,7.4,0.0834
South,M208,2019-09,6.98,0.0153
East,M208,2019-09,5.63,0.0671
West,M208,2019-09,5.87,0.0005
North,M214,2019-09,6.95,0.0529
South,M214,2019-09,5.69,-0.0038
East,M214,2019-09,5.5,0.0524
West,M214,2019-09,6.72,0.1207
North,M216,2019-09,6.42,0.0646
South,M216,2019-09,5.19,0.14
East,M216,2019-09,6.92,0.1205
West,M216,2019-09,6.05,0.1364
North,M222,2019-09,5.62,0.0025
South,M222,2019-09,5.72,0.1388
East,M222,2019-09,6.41,0.0756
West,M222,2019-09,6.3,0.0226
North,M102,2019-10,7.32,0.0712
South,M102,2019-10,6.94,0.1483
East,M102,2019-10,7.78,-0.0458
West,M102,2019-10,7.12,0.0954
North,M104,2019-10,6.77,0.0461
South,M104,2019-10,6.1,0.1449
East,M104,2019-10,6.42,-0.0121
West,M104,2019-10,6.49,0.0756
North,M107,2019-10,7.9,-0.0121
South,M107,2019-10,8.51,-0.0368
East,M107,2019-10,8.38,-0.047
West,M107,2019-10,7.18,0.0655
North,M108,2019-10,6.11,-0.0044
South,M108,2019-10,6.33,0.1077
East,M108,2019-10,7.04,0.077
West,M108,2019-10,6.78,-0.0297
North,M109,2019-10,7.46,0.0422
South,M109,2019-10,7.22,0.0635
East,M109,2019-10,8.39,-0.0127
West,M109,2019-10,7.07,0.1023
North,M117,2019-10,7.39,0.0057
South,M117,2019-10,8.8,0.0994
East,M117,2019-10,7.74,0.0584
West,M117,2019-10,7.89,0.1268
North,M120,2019-10,6.86,-0.0055
South,M120,2019-10,6.8,0.071
East,M120,2019-10,7.75,0.0499
West,M120,2019-10,6.88,0.0905
North,M123,2019-10,7.4,0.0889
South,M123,2019-10,7.75,0.0897
East,M123,2019-10,6.54,0.0458
West,M123,2019-10,7.43,0.0213
North,M126,2019-10,7.83,0.0926
South,M126,2019-10,6.17,-0.0029
East,M126,2019-10,7.97,0.1273
West,M126,2019-10,7.57,-0.0455
North,M129,2019-10,8.18,0.0094
South,M129,2019-10,,0.0745
East,M129,2019-10,8.58,0.0636
West,M129,2019-10,6.82,0.0943
North,M130,2019-10,8.21,-0.0109
South,M130,2019-10,6.25,0.1205
East,M130,2019-10,6.9,0.0629
West,M130,2019-10,5.88,0.094
North,M134,2019-10,6.95,-0.0371
South,M134,2019-10,6.05,0.1426
East,M134,2019-10,7.32,0.0555
West,M134,2019-10,5.0,0.1416
North,M136,2019-10,8.47,-0.0293
South,M136,2019-10,6.3,0.0961
East,M136,2019-10,7.86,0.1093
West,M136,2019-10,6.66,0.1412
North,M139,2019-10,7.33,0.0899
South,M139,2019-10,6.51,0.0005
East,M139,2019-10,8.54,0.0433
West,M139,2019-10,7.28,-0.0157
North,M141,2019-10,7.72,0.0866
South,M141,2019-10,6.58,-0.0156
East,M141,2019-10,8.38,0.1463
West,M141,2019-10,7.06,0.0198
North,M142,2019-10,7.59,-0.0487
South,M142,2019-10,6.56,0.0601
East,M142,2019-10,7.5,0.1159
West,M142,2019-10,5.47,-0.018
North,M148,2019-10,8.16,0.1276
South,M148,2019-10,6.36,-0.0186
East,M148,2019-10,8.4,0.0164
West,M148,2019-10,6.47,0.1414
North,M149,2019-10,9.54,-0.027
South,M149,2019-10,6.35,0.0012
East,M149,2019-10,8.03,-0.0154
West,M149,2019-10,7.13,0.0337
North,M151,2019-10,5.19,-0.0019
South,M151,2019-10,5.16,0.0558
East,M151,2019-10,3.2,0.0839
West,M151,2019-10,4.56,0.0779
North,M155,2019-10,3.89,0.1114
South,M155,2019-10,6.66,0.1035
East,M155,2019-10,3.78,-0.044
West,M155,2019-10,4.71,0.0919
North,M157,2019-10,3.5,0.13
South,M157,2019-10,5.73,0.0616
East,M157,2019-10,4.51,-0.0003
West,M157,2019-10,4.77,0.0057
North,M158,2019-10,4.37,0.0279
South,M158,2019-10,6.93,0.0429
East,M158,2019-10,3.93,0.008
West,M158,2019-10,5.33,-0.03
North,M162,2019-10,4.8,0.0314
South,M162,2019-10,5.58,0.116
East,M162,2019-10,,-0.0241
West,M162,2019-10,3.53,0.0136
North,M164,2019-10,3.46,0.1112
South,M164,2019-10,6.65,0.0331
East,M164,2019-10,4.89,-0.0256
West,M164,2019-10,5.1,0.0245
North,M166,2019-10,5.13,-0.0234
South,M166,2019-10,7.44,-0.0404
East,M166,2019-10,4.74,0.1468
West,M166,2019-10,5.03,-0.003
North,M170,2019-10,5.56,0.1409
South,M170,2019-10,7.54,0.149
East,M170,2019-10,4.07,0.1241
West,M170,2019-10,4.11,0.1043
North,M171,2019-10,3.72,0.1053
South,M171,2019-10,7.22,0.0872
East,M171,2019-10,5.21,0.0908
West,M171,2019-10,4.65,-0.0419
North,M173,2019-10,3.47,0.0563
South,M173,2019-10,5.28,0.0009
East,M173,2019-10,5.24,0.0567
West,M173,2019-10,,0.1018
North,M177,2019-10,5.62,0.0364
South,M177,2019-10,7.69,0.0119
East,M177,2019-10,6.48,0.1483
West,M177,2019-10,6.54,0.0157
North,M178,2019-10,6.3,0.0962
South,M178,2019-10,7.59,0.0152
East,M178,2019-10,6.5,0.0386
West,M178,2019-10,7.28,0.1465
North,M179,2019-10,5.77,0.1071
South,M179,2019-10,9.22,-0.0053
East,M179,2019-10,7.01,0.0435
West,M179,2019-10,9.18,0.0
North,M180,2019-10,7.0,-0.0324
South,M180,2019-10,7.86,0.1458
East,M180,2019-10,7.16,0.0641
West,M180,2019-10,8.9,0.1013
North,M184,2019-10,7.29,0.1429
South,M184,2019-10,7.53,-0.0097
East,M184,2019-10,6.96,0.0252
West,M184,2019-10,7.19,0.0045
North,M188,2019-10,5.66,-0.024
South,M188,2019-10,7.26,0.0532
East,M188,2019-10,6.03,0.0874
West,M188,2019-10,8.08,0.1305
North,M190,2019-10,6.19,0.0961
South,M190,2019-10,7.28,0.0458
East,M190,2019-10,6.47,-0.0247
West,M190,2019-10,6.34,0.0157
North,M196,2019-10,6.2,0.1066
South,M196,2019-10,8.71,0.0854
East,M196,2019-10,6.91,0.0853
West,M196,2019-10,8.78,0.0231
North,M201,2019-10,6.51,0.1222
South,M201,2019-10,6.25,-0.029
East,M201,2019-10,6.77,-0.003
West,M201,2019-10,6.37,-0.0015
North,M202,2019-10,6.18,-0.0483
South,M202,2019-10,4.77,0.0675
East,M202,2019-10,5.99,0.1199
West,M202,2019-10,6.65,0.0094
North,M205,2019-10,5.55,0.1301
South,M205,2019-10,6.32,0.0119
East,M205,2019-10,5.22,0.0404
West,M205,2019-10,6.16,0.0988
North,M208,2019-10,5.3,0.1353
South,M208,2019-10,5.6,0.1037
East,M208,2019-10,6.69,-0.0282
West,M208,2019-10,5.81,0.0967
North,M214,2019-10,6.12,0.1339
South,M214,2019-10,6.04,0.0159
East,M214,2019-10,6.88,0.0635
West,M214,2019-10,5.73,0.0908
North,M215,2019-10,6.99,0.0513
South,M215,2019-10,6.48,-0.0054
East,M215,2019-10,7.19,0.0832
West,M215,2019-10,7.44,0.0454
North,M216,2019-10,5.51,0.1482
South,M216,2019-10,6.25,0.141
East,M216,2019-10,5.32,0.0804
West,M216,2019-10,5.09,0.0432
North,M222,2019-10,6.96,0.1342
South,M222,2019-10,6.32,0.0815
East,M222,2019-10,,0.0516
West,M222,2019-10,5.49,-0.0203
North,M102,2019-11,6.94,0.0143
South,M102,2019-11,6.57,0.0318
East,M102,2019-11,7.72,0.1408
West,M102,2019-11,7.21,0.0956
North,M104,2019-11,6.41,0.1424
South,M104,2019-11,7.82,0.0285
East,M104,2019-11,6.35,0.0127
West,M104,2019-11,7.3,-0.0262
North,M107,2019-11,7.95,0.0688
South,M107,2019-11,6.81,-0.0244
East,M107,2019-11,7.23,0.0084
West,M107,2019-11,8.28,-0.0433
North,M108,2019-11,6.43,0.0236
South,M108,2019-11,7.34,-0.0416
East,M108,2019-11,7.91,0.0322
West,M108,2019-11,6.89,0.0336
North,M109,2019-11,7.46,0.1086
South,M109,2019-11,7.97,0.1098
East,M109,2019-11,7.07,0.0602
West,M109,2019-11,7.34,-0.0314
North,M117,2019-11,8.25,0.0965
South,M117,2019-11,8.55,0.015
East,M117,2019-11,7.86,0.1312
West,M117,2019-11,7.32,0.1457
North,M120,2019-11,8.39,0.0765
South,M120,2019-11,7.82,0.0338
East,M120,2019-11,8.48,-0.0491
West,M120,2019-11,7.6,0.1123
North,M123,2019-11,6.5,-0.0248
South,M123,2019-11,6.64,0.0357
East,M123,2019-11,6.82,0.0578
West,M123,2019-11,7.43,0.1087
North,M126,2019-11,7.57,0.032
South,M126,2019-11,7.21,0.0701
East,M126,2019-11,7.63,-0.0429
West,M126,2019-11,6.27,0.115
North,M129,2019-11,8.7,0.0821
South,M129,2019-11,7.48,0.142
East,M129,2019-11,9.67,-0.0133
West,M129,2019-11,7.21,0.0628
North,M130,2019-11,7.32,-0.0453
South,M130,2019-11,5.03,-0.0426
East,M130,2019-11,7.86,-0.0452
West,M130,2019-11,6.27,0.0856
North,M134,2019-11,7.24,0.0668
South,M134,2019-11,5.49,-0.0434
East,M134,2019-11,7.77,-0.0173
West,M134,2019-11,5.31,-0.0352
North,M136,2019-11,8.68,0.101
South,M136,2019-11,7.08,0.077
East,M136,2019-11,9.06,-0.0185
West,M136,2019-11,7.29,0.0719
North,M139,2019-11,7.41,-0.0051
South,M139,2019-11,6.26,0.1339
East,M139,2019-11,7.27,0.0618
West,M139,2019-11,7.06,0.0805
North,M141,2019-11,8.75,0.0408
South,M141,2019-11,5.92,0.0619
East,M141,2019-11,8.84,0.1278
West,M141,2019-11,7.39,0.1367
North,M142,2019-11,6.76,-0.0182
South,M142,2019-11,6.2,0.0995
East,M142,2019-11,6.69,0.1494
West,M142,2019-11,5.72,-0.0394
North,M148,2019-11,7.46,0.0338
South,M148,2019-11,6.07,0.0981
East,M148,2019-11,7.42,0.1189
West,M148,2019-11,5.9,-0.0461
North,M149,2019-11,8.56,0.0031
South,M149,2019-11,6.01,0.1334
East,M149,2019-11,9.7,0.0422
West,M149,2019-11,6.6,0.0001
North,M151,2019-11,4.17,0.0022
South,M151,2019-11,5.94,0.0898
East,M151,2019-11,3.72,0.0436
West,M151,2019-11,4.73,0.0368
North,M155,2019-11,3.75,0.05
South,M155,2019-11,6.38,0.0592
East,M155,2019-11,3.77,0.1091
West,M155,2019-11,3.74,-0.0207
North,M157,2019-11,4.21,0.0915
South,M157,2019-11,6.91,0.0375
East,M157,2019-11,3.41,0.0485
West,M157,2019-11,4.7,-0.0433
North,M158,2019-11,4.49,0.0585
South,M158,2019-11,5.86,0.088
East,M158,2019-11,5.65,0.0111
West,M158,2019-11,4.66,0.1176
North,M162,2019-11,4.88,0.0665
South,M162,2019-11,6.06,-0.0152
East,M162,2019-11,5.13,0.0613
West,M162,2019-11,4.33,0.0845
North,M164,2019-11,3.93,0.1084
South,M164,2019-11,5.54,0.1454
East,M164,2019-11,4.51,-0.0461
West,M164,2019-11,4.27,-0.0263
North,M166,2019-11,3.72,0.0948
South,M166,2019-11,6.65,-0.0294
East,M166,2019-11,4.06,0.0798
West,M166,2019-11,5.17,0.1154
North,M170,2019-11,3.48,0.0349
South,M170,2019-11,6.42,0.0385
East,M170,2019-11,4.12,0.0796
West,M170,2019-11,3.95,-0.0393
North,M171,2019-11,5.25,0.1353
South,M171,2019-11,,0.0853
East,M171,2019-11,3.41,0.0611
West,M171,2019-11,4.03,-0.0476
North,M173,2019-11,3.47,0.0078
South,M173,2019-11,6.29,0.1361
East,M173,2019-11,3.84,-0.0149
West,M173,2019-11,3.54,-0.0156
North,M175,2019-11,5.6,0.1309
South,M175,2019-11,7.53,0.0797
East,M175,2019-11,5.14,0.122
West,M175,2019-11,4.46,0.0698
North,M176,2019-11,6.16,0.1476
South,M176,2019-11,8.65,0.102
East,M176,2019-11,6.21,0.0856
West,M176,2019-11,8.38,0.0838
North,M177,2019-11,4.74,0.0309
South,M177,2019-11,5.99,-0.0078
East,M177,2019-11,4.99,0.1074
West,M177,2019-11,7.46,0.1296
North,M178,2019-11,5.26,0.1062
South,M178,2019-11,7.58,0.0388
East,M178,2019-11,5.73,0.0983
West,M178,2019-11,7.9,0.0395
North,M179,2019-11,6.64,0.1301
South,M179,2019-11,,0.056
East,M179,2019-11,6.26,0.1117
West,M179,2019-11,8.13,-0.0407
North,M180,2019-11,6.49,0.0947
South,M180,2019-11,8.48,0.0046
East,M180,2019-11,6.99,-0.0077
West,M180,2019-11,9.09,0.0302
North,M184,2019-11,6.21,0.0211
South,M184,2019-11,7.81,0.063
East,M184,2019-11,6.8,-0.0135
West,M184,2019-11,8.05,-0.0209
North,M188,2019-11,5.99,-0.0306
South,M188,2019-11,6.87,-0.0386
East,M188,2019-11,6.51,0.0886
West,M188,2019-11,6.78,0.0321
North,M190,2019-11,5.31,0.0608
South,M190,2019-11,7.82,-0.0055
East,M190,2019-11,4.8,0.1154
West,M190,2019-11,6.66,-0.0081
North,M196,2019-11,6.82,0.0889
South,M196,2019-11,8.03,0.1203
East,M196,2019-11,5.2,0.1269
West,M196,2019-11,7.02,0.0029
North,M201,2019-11,5.88,0.0491
South,M201,2019-11,,0.1203
East,M201,2019-11,5.78,0.1145
West,M201,2019-11,6.22,0.0469
North,M202,2019-11,6.19,0.0937
South,M202,2019-11,4.89,0.1017
East,M202,2019-11,5.17,0.0011
West,M202,2019-11,6.07,0.011
North,M205,2019-11,4.46,-0.0004
South,M205,2019-11,5.37,0.0942
East,M205,2019-11,6.29,0.1473
West,M205,2019-11,6.21,0.036
North,M208,2019-11,6.05,0.0571
South,M208,2019-11,6.76,-0.0212
East,M208,2019-11,6.8,0.0392
West,M208,2019-11,7.02,0.1339
North,M214,2019-11,6.24,0.0679
South,M214,2019-11,6.28,0.0441
East,M214,2019-11,5.79,0.0016
West,M214,2019-11,6.1,-0.0361
North,M215,2019-11,6.15,0.0721
South,M215,2019-11,7.59,0.0662
East,M215,2019-11,6.98,0.1489
West,M215,2019-11,7.43,0.1425
North,M216,2019-11,5.83,0.0166
South,M216,2019-11,6.94,0.0663
East,M216,2019-11,5.46,0.0532
West,M216,2019-11,5.01,0.0058
North,M221,2019-11,7.86,0.0089
South,M221,2019-11,7.11,0.1077
East,M221,2019-11,6.6,0.1274
West,M221,2019-11,7.86,0.1107
North,M222,2019-11,5.4,0.1343
South,M222,2019-11,6.87,0.1384
East,M222,2019-11,6.06,0.0171
West,M222,2019-11,5.63,0.0132
North,M102,2019-12,7.15,-0.0237
South,M102,2019-12,6.94,0.0099
East,M102,2019-12,7.18,0.038
West,M102,2019-12,8.03,0.1327
North,M104,2019-12,7.27,-0.0365
South,M104,2019-12,6.67,0.0069
East,M104,2019-12,6.76,0.0337
West,M104,2019-12,7.57,-0.029
North,M107,2019-12,8.22,0.0897
South,M107,2019-12,7.95,0.0615
East,M107,2019-12,7.94,-0.0405
West,M107,2019-12,7.75,0.0894
North,M108,2019-12,6.51,0.0521
South,M108,2019-12,6.94,0.0207
East,M108,2019-12,6.56,-0.034
West,M108,2019-12,7.77,0.1209
North,M109,2019-12,8.04,-0.0221
South,M109,2019-12,8.55,0.0547
East,M109,2019-12,7.76,-0.0417
West,M109,2019-12,8.53,0.0727
North,M114,2019-12,8.01,0.0711
South,M114,2019-12,8.76,0.0503
East,M114,2019-12,7.55,0.0565
West,M114,2019-12,7.81,0.0157
North,M117,2019-12,6.73,-0.006
South,M117,2019-12,7.99,0.0581
East,M117,2019-12,8.38,0.1085
West,M117,2019-12,8.15,0.0992
North,M120,2019-12,8.64,0.0365
South,M120,2019-12,7.57,0.0086
East,M120,2019-12,8.38,0.0998
West,M120,2019-12,7.89,0.1389
North,M123,2019-12,7.21,-0.0128
South,M123,2019-12,6.09,0.0257
East,M123,2019-12,5.86,-0.0487
West,M123,2019-12,7.79,0.0622
North,M126,2019-12,8.92,-0.034
South,M126,2019-12,6.84,0.0832
East,M126,2019-12,7.71,0.0775
West,M126,2019-12,6.05,0.1013
North,M129,2019-12,9.38,0.0461
South,M129,2019-12,6.2,-0.0114
East,M129,2019-12,8.77,0.1203
West,M129,2019-12,6.42,0.1034
North,M130,2019-12,6.42,0.0179
South,M130,2019-12,5.33,-0.0063
East,M130,2019-12,8.19,-0.0059
West,M130,2019-12,5.89,-0.016
North,M134,2019-12,7.09,0.0396
South,M134,2019-12,6.52,-0.0174
East,M134,2019-12,6.91,0.1442
West,M134,2019-12,5.36,0.1316
North,M136,2019-12,8.88,0.0901
South,M136,2019-12,6.25,0.04
East,M136,2019-12,9.67,-0.0423
West,M136,2019-12,6.01,0.1442
North,M139,2019-12,8.09,0.0219
South,M139,2019-12,6.33,0.1228
East,M139,2019-12,7.81,-0.0034
West,M139,2019-12,5.95,0.1248
North,M141,2019-12,,0.1428
South,M141,2019-12,5.98,0.1296
East,M141,2019-12,8.84,0.0992
West,M141,2019-12,5.83,0.0747
North,M142,2019-12,7.04,0.0067
South,M142,2019-12,6.28,0.043
East,M142,2019-12,8.28,0.0818
West,M142,2019-12,5.92,0.0855
North,M148,2019-12,7.42,0.1181
South,M148,2019-12,6.43,-0.0181
East,M148,2019-12,7.45,-0.0452
West,M148,2019-12,6.19,-0.0382
North,M149,2019-12,7.97,-0.0049
South,M149,2019-12,7.61,-0.0442
East,M149,2019-12,7.95,0.0509
West,M149,2019-12,5.89,-0.0212
North,M151,2019-12,3.42,0.0599
South,M151,2019-12,4.87,0.0596
East,M151,2019-12,4.97,0.0847
West,M151,2019-12,4.87,-0.0063
North,M153,2019-12,4.61,-0.0105
South,M153,2019-12,6.62,0.0772
East,M153,2019-12,4.6,0.1034
West,M153,2019-12,3.84,0.0262
North,M155,2019-12,4.65,0.0236
South,M155,2019-12,6.82,0.1296
East,M155,2019-12,4.14,0.0637
West,M155,2019-12,4.65,0.0236
North,M157,2019-12,5.1,0.0797
South,M157,2019-12,6.64,0.0626
East,M157,2019-12,4.58,0.0101
West,M157,2019-12,4.05,0.118
North,M158,2019-12,5.29,0.0749
South,M158,2019-12,7.4,-0.0238
East,M158,2019-12,5.2,-0.0213
West,M158,2019-12,5.36,0.1288
North,M162,2019-12,4.83,0.0501
South,M162,2019-12,6.76,0.08
East,M162,2019-12,3.47,0.0758
West,M162,2019-12,3.65,0.1315
North,M164,2019-12,4.16,0.0139
South,M164,2019-12,5.17,0.1079
East,M164,2019-12,4.5,0.0271
West,M164,2019-12,4.42,-0.0095
North,M166,2019-12,4.78,-0.0217
South,M166,2019-12,7.79,0.0958
East,M166,2019-12,5.12,0.0947
West,M166,2019-12,3.93,0.1484
North,M170,2019-12,4.98,0.0974
South,M170,2019-12,5.47,0.1046
East,M170,2019-12,3.69,0.1089
West,M170,2019-12,3.27,-0.0148
North,M171,2019-12,4.89,0.1302
South,M171,2019-12,6.19,-0.017
East,M171,2019-12,4.42,0.0636
West,M171,2019-12,4.88,0.1135
North,M173,2019-12,4.69,-0.0227
South,M173,2019-12,7.32,-0.0192
East,M173,2019-12,,0.0607
West,M173,2019-12,4.67,0.1063
North,M175,2019-12,4.05,0.1426
South,M175,2019-12,7.69,0.0505
East,M175,2019-12,4.38,-0.0071
West,M175,2019-12,5.18,0.0884
North,M176,2019-12,7.72,0.0332
South,M176,2019-12,8.05,0.1139
East,M176,2019-12,6.17,-0.0448
West,M176,2019-12,8.0,0.0892
North,M177,2019-12,4.88,-0.0052
South,M177,2019-12,6.03,0.0111
East,M177,2019-12,4.54,0.1402
West,M177,2019-12,5.94,0.0557
North,M178,2019-12,4.57,0.0324
South,M178,2019-12,7.4,-0.0266
East,M178,2019-12,5.57,0.1238
West,M178,2019-12,5.86,0.0841
North,M179,2019-12,5.83,0.0623
South,M179,2019-12,8.69,0.0385
East,M179,2019-12,5.75,0.1262
West,M179,2019-12,8.31,0.1483
North,M180,2019-12,7.36,0.0892
South,M180,2019-12,7.16,-0.0477
East,M180,2019-12,6.73,0.1304
West,M180,2019-12,7.21,0.0512
North,M184,2019-12,6.92,0.0142
South,M184,2019-12,8.73,0.0944
East,M184,2019-12,6.96,0.1275
West,M184,2019-12,7.5,0.0027
North,M188,2019-12,5.64,0.0486
South,M188,2019-12,6.89,0.104
East,M188,2019-12,5.59,0.0492
West,M188,2019-12,7.07,0.0216
North,M190,2019-12,6.3,-0.0048
South,M190,2019-12,7.63,-0.0082
East,M190,2019-12,5.37,0.0824
West,M190,2019-12,7.9,-0.0346
North,M196,2019-12,6.68,0.0989
South,M196,2019-12,8.51,0.1278
East,M196,2019-12,6.89,0.1442
West,M196,2019-12,8.88,0.0647
North,M198,2019-12,6.74,-0.0379
South,M198,2019-12,8.53,-0.0473
East,M198,2019-12,7.17,0.1328
West,M198,2019-12,9.45,0.0294
North,M201,2019-12,6.42,-0.0226
South,M201,2019-12,6.74,0.0422
East,M201,2019-12,5.27,0.0862
West,M201,2019-12,,-0.0447
North,M202,2019-12,5.77,0.0049
South,M202,2019-12,4.88,-0.0001
East,M202,2019-12,5.21,-0.0439
West,M202,2019-12,6.28,0.0569
North,M205,2019-12,5.68,0.0892
South,M205,2019-12,6.08,0.0746
East,M205,2019-12,6.0,0.017
West,M205,2019-12,6.16,0.0486
North,M208,2019-12,5.45,0.015
South,M208,2019-12,6.25,0.0872
East,M208,2019-12,6.27,0.0049
West,M208,2019-12,5.8,-0.0077
North,M214,2019-12,6.73,0.141
South,M214,2019-12,6.75,0.1339
East,M214,2019-12,6.23,0.1002
West,M214,2019-12,6.05,0.1318
North,M215,2019-12,6.75,0.0293
South,M215,2019-12,6.78,-0.0209
East,M215,2019-12,6.13,0.0016
West,M215,2019-12,6.12,0.0228
North,M216,2019-12,5.66,0.1099
South,M216,2019-12,6.07,0.1387
East,M216,2019-12,5.57,0.0482
West,M216,2019-12,5.21,-0.0044
North,M221,2019-12,6.72,-0.0163
South,M221,2019-12,6.69,-0.0256
East,M221,2019-12,6.52,0.0526
West,M221,2019-12,6.02,0.0006
North,M222,2019-12,5.25,0.0588
South,M222,2019-12,6.51,0.0906
East,M222,2019-12,6.88,0.0578
West,M222,2019-12,5.33,0.1335
North,M102,2020-01,8.33,0.0652
South,M102,2020-01,7.64,0.1997
East,M102,2020-01,6.65,0.118
West,M102,2020-01,7.87,0.1201
North,M104,2020-01,6.09,0.1502
South,M104,2020-01,6.06,0.1011
East,M104,2020-01,7.27,0.2191
West,M104,2020-01,6.03,0.2477
North,M107,2020-01,8.13,0.2255
South,M107,2020-01,7.87,0.113
East,M107,2020-01,8.5,0.1208
West,M107,2020-01,7.33,0.0518
North,M108,2020-01,7.59,0.0685
South,M108,2020-01,7.52,0.0775
East,M108,2020-01,6.6,0.0941
West,M108,2020-01,6.65,0.1443
North,M109,2020-01,6.97,0.0698
South,M109,2020-01,8.15,0.139
East,M109,2020-01,8.18,0.2096
West,M109,2020-01,6.89,0.2072
North,M114,2020-01,7.24,0.2175
South,M114,2020-01,8.39,0.208
East,M114,2020-01,7.52,0.1932
West,M114,2020-01,8.28,0.2337
North,M117,2020-01,7.59,0.0639
South,M117,2020-01,7.69,0.1019
East,M117,2020-01,8.65,0.0539
West,M117,2020-01,7.42,0.1004
North,M120,2020-01,7.48,0.2422
South,M120,2020-01,8.56,0.1882
East,M120,2020-01,7.28,0.1641
West,M120,2020-01,8.36,0.2253
North,M123,2020-01,6.21,0.1688
South,M123,2020-01,6.67,0.1998
East,M123,2020-01,6.82,0.0776
West,M123,2020-01,6.13,0.1893
North,M126,2020-01,8.73,0.1207
South,M126,2020-01,6.06,0.0837
East,M126,2020-01,,0.133
West,M126,2020-01,7.05,0.2276
North,M129,2020-01,8.79,0.2486
South,M129,2020-01,5.84,0.166
East,M129,2020-01,8.92,0.1138
West,M129,2020-01,5.8,0.0735
North,M130,2020-01,7.44,0.0956
South,M130,2020-01,5.19,0.1965
East,M130,2020-01,7.84,0.1874
West,M130,2020-01,6.23,0.0681
North,M134,2020-01,6.38,0.2392
South,M134,2020-01,4.91,0.1068
East,M134,2020-01,7.67,0.2404
West,M134,2020-01,6.13,0.2213
North,M136,2020-01,9.0,0.238
South,M136,2020-01,5.95,0.1898
East,M136,2020-01,8.96,0.1911
West,M136,2020-01,6.62,0.099
North,M139,2020-01,8.25,0.2074
South,M139,2020-01,6.79,0.0904
East,M139,2020-01,7.25,0.157
West,M139,2020-01,5.96,0.1311
North,M141,2020-01,8.83,0.0749
South,M141,2020-01,6.22,0.1329
East,M141,2020-01,8.49,0.1413
West,M141,2020-01,7.22,0.0666
North,M142,2020-01,8.06,0.1958
South,M142,2020-01,7.14,0.2231
East,M142,2020-01,8.94,0.185
West,M142,2020-01,6.22,0.0646
North,M148,2020-01,,0.1955
South,M148,2020-01,5.59,0.0739
East,M148,2020-01,7.86,0.1009
West,M148,2020-01,6.78,0.0706
North,M149,2020-01,8.53,0.0621
South,M149,2020-01,6.59,0.1107
East,M149,2020-01,8.83,0.2337
West,M149,2020-01,5.86,0.2039
North,M151,2020-01,4.35,0.1803
South,M151,2020-01,5.93,0.0982
East,M151,2020-01,5.32,0.2441
West,M151,2020-01,4.44,0.1956
North,M153,2020-01,4.75,0.1621
South,M153,2020-01,7.79,0.1181
East,M153,2020-01,4.18,0.0814
West,M153,2020-01,5.34,0.161
North,M155,2020-01,3.15,0.201
South,M155,2020-01,5.74,0.1671
East,M155,2020-01,4.32,0.1324
West,M155,2020-01,3.13,0.1221
North,M157,2020-01,4.67,0.2486
South,M157,2020-01,6.8,0.1222
East,M157,2020-01,3.36,0.2016
West,M157,2020-01,4.57,0.0717
North,M158,2020-01,5.22,0.0878
South,M158,2020-01,7.93,0.2164
East,M158,2020-01,5.29,0.0542
West,M158,2020-01,3.88,0.154
North,M162,2020-01,3.47,0.2004
South,M162,2020-01,6.14,0.2027
East,M162,2020-01,4.85,0.095
West,M162,2020-01,3.42,0.2089
North,M164,2020-01,4.6,0.2279
South,M164,2020-01,6.1,0.1043
East,M164,2020-01,3.5,0.137
West,M164,2020-01,4.63,0.223
North,M166,2020-01,5.44,0.132
South,M166,2020-01,5.75,0.1073
East,M166,2020-01,5.3,0.129
West,M166,2020-01,4.46,0.129
North,M170,2020-01,2.34,0.1696
South,M170,2020-01,2.2,0.2496
East,M170,2020-01,1.53,0.12
West,M170,2020-01,2.7,0.0888
North,M171,2020-01,4.14,0.0798
South,M171,2020-01,5.86,0.1294
East,M171,2020-01,5.46,0.0933
West,M171,2020-01,5.17,0.2404
North,M173,2020-01,3.95,0.2353
South,M173,2020-01,7.35,0.052
East,M173,2020-01,5.26,0.2498
West,M173,2020-01,4.36,0.1016
North,M175,2020-01,5.5,0.0954
South,M175,2020-01,6.39,0.0793
East,M175,2020-01,4.27,0.1989
West,M175,2020-01,4.71,0.1916
North,M176,2020-01,6.04,0.165
South,M176,2020-01,9.27,0.2097
East,M176,2020-01,7.33,0.1299
West,M176,2020-01,9.15,0.2361
North,M177,2020-01,4.85,0.0961
South,M177,2020-01,7.81,0.1566
East,M177,2020-01,5.17,0.2047
West,M177,2020-01,7.37,0.078
North,M178,2020-01,3.05,0.0938
South,M178,2020-01,3.45,0.2002
East,M178,2020-01,1.89,0.212
West,M178,2020-01,3.53,0.1967
North,M179,2020-01,6.65,0.1586
South,M179,2020-01,7.94,0.0915
East,M179,2020-01,7.09,0.1986
West,M179,2020-01,6.79,0.0966
North,M180,2020-01,6.86,0.1765
South,M180,2020-01,8.0,0.0921
East,M180,2020-01,5.9,0.2032
West,M180,2020-01,7.09,0.1474
North,M184,2020-01,6.64,0.1039
South,M184,2020-01,7.62,0.1548
East,M184,2020-01,6.96,0.2005
West,M184,2020-01,8.55,0.2399
North,M188,2020-01,5.9,0.0533
South,M188,2020-01,8.15,0.1092
East,M188,2020-01,6.44,0.1105
West,M188,2020-01,7.86,0.1235
North,M190,2020-01,6.07,0.0945
South,M190,2020-01,7.41,0.1079
East,M190,2020-01,5.38,0.1758
West,M190,2020-01,7.07,0.2482
North,M193,2020-01,6.96,0.1225
South,M193,2020-01,7.85,0.0766
East,M193,2020-01,7.74,0.2106
West,M193,2020-01,7.52,0.1727
North,M196,2020-01,6.3,0.1854
South,M196,2020-01,7.64,0.0922
East,M196,2020-01,6.47,0.083
West,M196,2020-01,7.79,0.1663
North,M198,2020-01,7.17,0.2096
South,M198,2020-01,9.08,0.1955
East,M198,2020-01,,0.1372
West,M198,2020-01,9.28,0.1548
North,M201,2020-01,6.1,0.1307
South,M201,2020-01,5.74,0.1488
East,M201,2020-01,5.76,0.2158
West,M201,2020-01,5.98,0.0993
North,M202,2020-01,6.11,0.1731
South,M202,2020-01,,0.1555
East,M202,2020-01,5.36,0.1439
West,M202,2020-01,5.33,0.1205
North,M205,2020-01,6.14,0.1854
South,M205,2020-01,5.21,0.2472
East,M205,2020-01,5.08,0.173
West,M205,2020-01,6.46,0.0902
North,M208,2020-01,6.16,0.1988
South,M208,2020-01,5.87,0.1825
East,M208,2020-01,5.77,0.0616
West,M208,2020-01,6.02,0.0799
North,M214,2020-01,7.06,0.0793
South,M214,2020-01,6.97,0.0908
East,M214,2020-01,6.69,0.1986
West,M214,2020-01,5.69,0.1814
North,M215,2020-01,6.37,0.2154
South,M215,2020-01,5.78,0.107
East,M215,2020-01,6.45,0.0928
West,M215,2020-01,7.4,0.1283
North,M216,2020-01,6.33,0.0567
South,M216,2020-01,4.76,0.1362
East,M216,2020-01,6.18,0.1996
West,M216,2020-01,5.16,0.0809
North,M221,2020-01,6.31,0.1395
South,M221,2020-01,7.22,0.1756
East,M221,2020-01,6.08,0.1215
West,M221,2020-01,6.41,0.0683
North,M222,2020-01,6.97,0.2074
South,M222,2020-01,6.22,0.0896
East,M222,2020-01,5.18,0.2331
West,M222,2020-01,6.53,0.1231
North,M102,2020-02,8.24,0.1071
South,M102,2020-02,7.84,0.1932
East,M102,2020-02,7.18,0.2171
West,M102,2020-02,6.85,0.0927
North,M104,2020-02,7.52,0.1381
South,M104,2020-02,6.7,0.2042
East,M104,2020-02,7.38,0.0762
West,M104,2020-02,7.49,0.1164
North,M107,2020-02,7.48,0.0676
South,M107,2020-02,6.99,0.2288
East,M107,2020-02,8.09,0.1687
West,M107,2020-02,8.46,0.0973
North,M108,2020-02,6.74,0.1028
South,M108,2020-02,5.94,0.1516
East,M108,2020-02,7.09,0.129
West,M108,2020-02,7.34,0.0979
North,M109,2020-02,7.36,0.1683
South,M109,2020-02,7.69,0.2104
East,M109,2020-02,8.24,0.2361
West,M109,2020-02,6.94,0.1217
North,M114,2020-02,8.15,0.0854
South,M114,2020-02,7.32,0.1872
East,M114,2020-02,7.87,0.1509
West,M114,2020-02,7.22,0.059
North,M115,2020-02,7.73,0.1744
South,M115,2020-02,,0.1099
East,M115,2020-02,8.67,0.1305
West,M115,2020-02,7.95,0.1969
North,M117,2020-02,7.87,0.2263
South,M117,2020-02,7.55,0.0732
East,M117,2020-02,7.38,0.0975
West,M117,2020-02,7.85,0.1898
North,M120,2020-02,8.54,0.1318
South,M120,2020-02,7.59,0.064
East,M120,2020-02,7.71,0.0585
West,M120,2020-02,8.24,0.1542
North,M123,2020-02,8.77,0.0762
South,M123,2020-02,9.41,0.1823
East,M123,2020-02,8.33,0.1531
West,M123,2020-02,,0.2225
North,M126,2020-02,7.36,0.2209
South,M126,2020-02,5.56,0.0712
East,M126,2020-02,8.78,0.0869
West,M126,2020-02,5.77,0.1431
North,M129,2020-02,9.32,0.125
South,M129,2020-02,5.57,0.1808
East,M129,2020-02,7.58,0.1636
West,M129,2020-02,6.61,0.1302
North,M130,2020-02,7.75,0.2254
South,M130,2020-02,5.19,0.1844
East,M130,2020-02,7.66,0.2167
West,M130,2020-02,5.67,0.0663
North,M134,2020-02,7.41,0.0654
South,M134,2020-02,,0.1122
East,M134,2020-02,8.44,0.0908
West,M134,2020-02,5.13,0.2417
North,M136,2020-02,8.7,0.2063
South,M136,2020-02,7.47,0.1481
East,M136,2020-02,9.41,0.1345
West,M136,2020-02,5.91,0.0915
North,M139,2020-02,6.97,0.1059
South,M139,2020-02,5.62,0.0584
East,M139,2020-02,8.44,0.2117
West,M139,2020-02,5.0,0.2484
North,M141,2020-02,8.02,0.0646
South,M141,2020-02,7.46,0.1544
East,M141,2020-02,8.29,0.1398
West,M141,2020-02,6.69,0.0712
North,M142,2020-02,8.01,0.2463
South,M142,2020-02,6.68,0.1981
East,M142,2020-02,8.07,0.2334
West,M142,2020-02,6.86,0.216
North,M148,2020-02,8.89,0.1481
South,M148,2020-02,5.34,0.1609
East,M148,2020-02,7.1,0.1584
West,M148,2020-02,6.96,0.0764
North,M149,2020-02,9.17,0.096
South,M149,2020-02,7.16,0.2352
East,M149,2020-02,8.23,0.1214
West,M149,2020-02,7.55,0.1491
North,M151,2020-02,4.33,0.1358
South,M151,2020-02,4.93,0.1069
East,M151,2020-02,4.21,0.161
West,M151,2020-02,4.26,0.2493
North,M153,2020-02,5.25,0.2263
South,M153,2020-02,7.1,0.1641
East,M153,2020-02,4.43,0.2434
West,M153,2020-02,4.34,0.0678
North,M155,2020-02,3.36,0.0934
South,M155,2020-02,5.76,0.131
East,M155,2020-02,3.63,0.1878
West,M155,2020-02,4.19,0.101
North,M157,2020-02,4.88,0.0585
South,M157,2020-02,6.31,0.1722
East,M157,2020-02,5.11,0.2109
West,M157,2020-02,4.4,0.135
North,M158,2020-02,4.51,0.2251
South,M158,2020-02,6.1,0.1681
East,M158,2020-02,5.48,0.2157
West,M158,2020-02,5.68,0.2155
North,M162,2020-02,4.87,0.1181
South,M162,2020-02,6.36,0.1869
East,M162,2020-02,4.76,0.1197
West,M162,2020-02,4.79,0.0783
North,M164,2020-02,4.86,0.0786
South,M164,2020-02,5.88,0.1741
East,M164,2020-02,3.8,0.1801
West,M164,2020-02,4.71,0.2196
North,M166,2020-02,5.01,0.1075
South,M166,2020-02,6.58,0.0671
East,M166,2020-02,4.87,0.059
West,M166,2020-02,4.45,0.1071
North,M170,2020-02,3.83,0.1302
South,M170,2020-02,6.54,0.1924
East,M170,2020-02,5.33,0.2313
West,M170,2020-02,3.82,0.1873
North,M171,2020-02,3.37,0.2415
South,M171,2020-02,5.14,0.1274
East,M171,2020-02,4.65,0.1371
West,M171,2020-02,4.65,0.1544
North,M173,2020-02,3.84,0.2252
South,M173,2020-02,6.42,0.2072
East,M173,2020-02,4.12,0.075
West,M173,2020-02,4.04,0.1495
North,M175,2020-02,4.92,0.059
South,M175,2020-02,6.29,0.237
East,M175,2020-02,5.84,0.1934
West,M175,2020-02,4.23,0.0859
North,M176,2020-02,5.87,0.2156
South,M176,2020-02,7.86,0.1542
East,M176,2020-02,6.95,0.1739
West,M176,2020-02,8.28,0.1405
North,M177,2020-02,4.66,0.0613
South,M177,2020-02,,0.122
East,M177,2020-02,5.91,0.0898
West,M177,2020-02,5.98,0.153
North,M178,2020-02,5.05,0.1159
South,M178,2020-02,7.55,0.1076
East,M178,2020-02,4.6,0.1951
West,M178,2020-02,,0.067
North,M179,2020-02,5.51,0.1042
South,M179,2020-02,7.29,0.1951
East,M179,2020-02,6.8,0.1897
West,M179,2020-02,8.37,0.0562
North,M180,2020-02,7.19,0.1471
South,M180,2020-02,7.43,0.2101
East,M180,2020-02,5.78,0.1431
West,M180,2020-02,8.65,0.1588
North,M183,2020-02,6.93,0.2013
South,M183,2020-02,7.38,0.2361
East,M183,2020-02,5.84,0.1484
West,M183,2020-02,9.07,0.2302
North,M184,2020-02,6.16,0.1806
South,M184,2020-02,8.58,0.1634
East,M184,2020-02,5.43,0.2447
West,M184,2020-02,7.34,0.2045
North,M188,2020-02,6.37,0.0934
South,M188,2020-02,6.99,0.1403
East,M188,2020-02,5.42,0.1194
West,M188,2020-02,6.58,0.1905
North,M190,2020-02,5.33,0.0787
South,M190,2020-02,7.16,0.2148
East,M190,2020-02,4.63,0.1996
West,M190,2020-02,5.92,0.1154
North,M193,2020-02,5.87,0.1553
South,M193,2020-02,8.53,0.055
East,M193,2020-02,5.82,0.1173
West,M193,2020-02,7.87,0.0873
North,M196,2020-02,6.97,0.2474
South,M196,2020-02,7.44,0.1259
East,M196,2020-02,5.81,0.0757
West,M196,2020-02,7.65,0.1142
North,M198,2020-02,7.04,0.0658
South,M198,2020-02,8.64,0.1445
East,M198,2020-02,6.06,0.2143
West,M198,2020-02,8.74,0.122
North,M201,2020-02,5.21,0.2
South,M201,2020-02,5.11,0.1813
East,M201,2020-02,4.9,0.1924
West,M201,2020-02,6.72,0.2409
North,M202,2020-02,4.97,0.0744
South,M202,2020-02,6.14,0.2344
East,M202,2020-02,5.24,0.2235
West,M202,2020-02,5.29,0.1916
North,M205,2020-02,5.15,0.0927
South,M205,2020-02,5.71,0.1458
East,M205,2020-02,6.14,0.1225
West,M205,2020-02,4.98,0.1053
North,M208,2020-02,5.97,0.1744
South,M208,2020-02,6.5,0.0684
East,M208,2020-02,6.31,0.2084
West,M208,2020-02,5.42,0.17
North,M214,2020-02,6.04,0.1585
South,M214,2020-02,5.76,0.1327
East,M214,2020-02,5.19,0.1513
West,M214,2020-02,6.73,0.1307
North,M215,2020-02,7.24,0.2118
South,M215,2020-02,5.6,0.1682
East,M215,2020-02,6.34,0.1413
West,M215,2020-02,7.3,0.0755
North,M216,2020-02,6.4,0.059
South,M216,2020-02,6.43,0.082
East,M216,2020-02,4.96,0.1143
West,M216,2020-02,5.71,0.1378
North,M221,2020-02,6.09,0.0735
South,M221,2020-02,6.14,0.1976
East,M221,2020-02,7.32,0.1293
West,M221,2020-02,6.44,0.1946
North,M222,2020-02,,0.0536
South,M222,2020-02,6.0,0.2496
East,M222,2020-02,6.72,0.0507
West,M222,2020-02,7.13,0.1934
North,M102,2020-03,6.78,0.2205
South,M102,2020-03,6.7,0.2075
East,M102,2020-03,7.75,0.1662
West,M102,2020-03,8.32,0.1507
North,M104,2020-03,3.6,0.1462
South,M104,2020-03,3.45,0.0767
East,M104,2020-03,2.39,0.1697
West,M104,2020-03,,0.1099
North,M107,2020-03,8.4,0.2497
South,M107,2020-03,7.7,0.2021
East,M107,2020-03,8.64,0.2433
West,M107,2020-03,6.91,0.1205
North,M108,2020-03,5.83,0.1005
South,M108,2020-03,7.19,0.118
East,M108,2020-03,6.99,0.2257
West,M108,2020-03,6.49,0.1542
North,M109,2020-03,7.07,0.1366
South,M109,2020-03,6.65,0.0863
East,M109,2020-03,6.51,0.097
West,M109,2020-03,7.57,0.2014
North,M114,2020-03,7.06,0.1952
South,M114,2020-03,7.48,0.1752
East,M114,2020-03,8.08,0.1322
West,M114,2020-03,7.7,0.1223
North,M115,2020-03,8.8,0.1751
South,M115,2020-03,7.58,0.0834
East,M115,2020-03,8.08,0.2009
West,M115,2020-03,8.67,0.2206
North,M117,2020-03,6.66,0.1173
South,M117,2020-03,7.26,0.1422
East,M117,2020-03,7.31,0.1232
West,M117,2020-03,6.69,0.135
North,M120,2020-03,7.16,0.0679
South,M120,2020-03,7.26,0.167
East,M120,2020-03,7.18,0.1611
West,M120,2020-03,8.66,0.2099
North,M123,2020-03,6.4,0.221
South,M123,2020-03,6.42,0.0526
East,M123,2020-03,7.66,0.073
West,M123,2020-03,7.77,0.065
North,M126,2020-03,7.75,0.1116
South,M126,2020-03,7.32,0.0867
East,M126,2020-03,7.7,0.1499
West,M126,2020-03,5.7,0.2486
North,M129,2020-03,8.35,0.2228
South,M129,2020-03,6.31,0.21
East,M129,2020-03,7.91,0.2147
West,M129,2020-03,6.91,0.0537
North,M130,2020-03,7.87,0.1817
South,M130,2020-03,5.67,0.2462
East,M130,2020-03,7.15,0.2344
West,M130,2020-03,5.29,0.1645
North,M134,2020-03,7.15,0.1404
South,M134,2020-03,6.52,0.1289
East,M134,2020-03,6.32,0.0887
West,M134,2020-03,4.92,0.1849
North,M136,2020-03,7.3,0.1274
South,M136,2020-03,6.43,0.2292
East,M136,2020-03,9.01,0.1438
West,M136,2020-03,6.63,0.1228
North,M138,2020-03,9.39,0.0891
South,M138,2020-03,7.12,0.0514
East,M138,2020-03,7.79,0.1856
West,M138,2020-03,5.78,0.1852
North,M139,2020-03,7.07,0.196
South,M139,2020-03,,0.2433
East,M139,2020-03,7.5,0.1517
West,M139,2020-03,6.26,0.1873
North,M141,2020-03,8.57,0.2356
South,M141,2020-03,6.76,0.1449
East,M141,2020-03,9.61,0.2473
West,M141,2020-03,6.67,0.2341
North,M142,2020-03,7.54,0.2398
South,M142,2020-03,6.49,0.1321
East,M142,2020-03,6.9,0.0836
West,M142,2020-03,5.06,0.2179
North,M148,2020-03,8.05,0.203
South,M148,2020-03,5.65,0.2244
East,M148,2020-03,7.26,0.1389
West,M148,2020-03,6.43,0.1019
North,M149,2020-03,8.48,0.1385
South,M149,2020-03,5.55,0.1757
East,M149,2020-03,8.79,0.1387
West,M149,2020-03,5.9,0.0572
North,M151,2020-03,4.51,0.2049
South,M151,2020-03,5.62,0.1701
East,M151,2020-03,3.24,0.1858
West,M151,2020-03,4.73,0.113
North,M153,2020-03,5.93,0.1166
South,M153,2020-03,8.45,0.2129
East,M153,2020-03,6.04,0.0565
West,M153,2020-03,7.42,0.1249
North,M155,2020-03,4.17,0.1567
South,M155,2020-03,6.81,0.0873
East,M155,2020-03,4.32,0.1702
West,M155,2020-03,3.71,0.0586
North,M157,2020-03,4.96,0.0558
South,M157,2020-03,5.43,0.2435
East,M157,2020-03,4.88,0.0503
West,M157,2020-03,4.89,0.2122
North,M158,2020-03,5.17,0.1128
South,M158,2020-03,5.99,0.0782
East,M158,2020-03,4.48,0.1566
West,M158,2020-03,5.02,0.0904
North,M162,2020-03,4.13,0.1062
South,M162,2020-03,6.45,0.2496
East,M162,2020-03,5.46,0.1364
West,M162,2020-03,3.62,0.2214
North,M164,2020-03,3.16,0.2144
South,M164,2020-03,5.77,0.0723
East,M164,2020-03,4.07,0.1917
West,M164,2020-03,4.4,0.2131
North,M166,2020-03,3.3,0.0858
South,M166,2020-03,6.06,0.2108
East,M166,2020-03,3.42,0.1156
West,M166,2020-03,3.98,0.1025
North,M170,2020-03,4.96,0.1768
South,M170,2020-03,5.48,0.0972
East,M170,2020-03,4.86,0.1027
West,M170,2020-03,3.62,0.2224
North,M171,2020-03,4.06,0.1446
South,M171,2020-03,6.44,0.0546
East,M171,2020-03,4.94,0.2015
West,M171,2020-03,4.6,0.0563
North,M173,2020-03,4.85,0.1307
South,M173,2020-03,6.33,0.2012
East,M173,2020-03,3.45,0.2192
West,M173,2020-03,4.73,0.074
North,M175,2020-03,4.17,0.2266
South,M175,2020-03,6.83,0.0937
East,M175,2020-03,4.07,0.1423
West,M175,2020-03,4.58,0.1542
North,M176,2020-03,6.12,0.19
South,M176,2020-03,9.08,0.0997
East,M176,2020-03,6.34,0.0518
West,M176,2020-03,8.99,0.2458
North,M177,2020-03,5.39,0.059
South,M177,2020-03,7.37,0.1782
East,M177,2020-03,4.65,0.1355
West,M177,2020-03,5.85,0.141
North,M178,2020-03,4.79,0.1791
South,M178,2020-03,6.6,0.1525
East,M178,2020-03,,0.1009
West,M178,2020-03,7.4,0.0926
North,M179,2020-03,7.17,0.1069
South,M179,2020-03,8.24,0.2255
East,M179,2020-03,6.55,0.1528
West,M179,2020-03,8.11,0.2234
North,M180,2020-03,6.67,0.099
South,M180,2020-03,8.53,0.2472
East,M180,2020-03,6.05,0.1356
West,M180,2020-03,8.69,0.1748
North,M183,2020-03,7.13,0.2488
South,M183,2020-03,8.86,0.1818
East,M183,2020-03,7.27,0.1675
West,M183,2020-03,7.13,0.2443
North,M184,2020-03,5.11,0.1243
South,M184,2020-03,6.57,0.1185
East,M184,2020-03,5.89,0.0608
West,M184,2020-03,8.04,0.2167
North,M188,2020-03,6.16,0.1714
South,M188,2020-03,7.52,0.1262
East,M188,2020-03,5.3,0.2145
West,M188,2020-03,6.66,0.2199
North,M190,2020-03,5.34,0.0506
South,M190,2020-03,6.41,0.1785
East,M190,2020-03,4.77,0.211
West,M190,2020-03,7.61,0.1865
North,M193,2020-03,6.25,0.0735
South,M193,2020-03,9.28,0.1215
East,M193,2020-03,6.02,0.1153
West,M193,2020-03,7.59,0.0657
North,M196,2020-03,6.99,0.0578
South,M196,2020-03,8.61,0.2367
East,M196,2020-03,5.34,0.1102
West,M196,2020-03,8.36,0.0565
North,M198,2020-03,5.85,0.2319
South,M198,2020-03,7.66,0.1918
East,M198,2020-03,5.81,0.1387
West,M198,2020-03,8.62,0.227
North,M201,2020-03,6.02,0.1997
South,M201,2020-03,5.39,0.1776
East,M201,2020-03,5.5,0.071
West,M201,2020-03,6.56,0.1472
North,M202,2020-03,6.16,0.153
South,M202,2020-03,4.72,0.2204
East,M202,2020-03,5.62,0.0697
West,M202,2020-03,5.13,0.123
North,M204,2020-03,6.76,0.1556
South,M204,2020-03,6.88,0.1173
East,M204,2020-03,6.5,0.0607
West,M204,2020-03,6.85,0.1956
North,M205,2020-03,6.12,0.219
South,M205,2020-03,4.94,0.1275
East,M205,2020-03,5.76,0.2149
West,M205,2020-03,5.94,0.1063
North,M208,2020-03,6.53,0.2191
South,M208,2020-03,6.52,0.0772
East,M208,2020-03,5.56,0.1081
West,M208,2020-03,5.52,0.1387
North,M214,2020-03,6.72,0.1222
South,M214,2020-03,6.59,0.21
East,M214,2020-03,6.89,0.1165
West,M214,2020-03,6.04,0.1516
North,M215,2020-03,6.73,0.1393
South,M215,2020-03,6.86,0.2035
East,M215,2020-03,6.21,0.1486
West,M215,2020-03,6.05,0.124
North,M216,2020-03,6.51,0.0934
South,M216,2020-03,5.64,0.1973
East,M216,2020-03,6.37,0.1692
West,M216,2020-03,5.98,0.0624
North,M221,2020-03,6.13,0.1228
South,M221,2020-03,7.53,0.1121
East,M221,2020-03,6.94,0.2293
West,M221,2020-03,7.41,0.0711
North,M222,2020-03,5.94,0.1627
South,M222,2020-03,6.67,0.1477
East,M222,2020-03,5.4,0.0942
West,M222,2020-03,6.9,0.2053
North,M102,2020-04,3.06,0.1968
South,M102,2020-04,2.24,0.2064
East,M102,2020-04,4.02,0.1482
West,M102,2020-04,3.56,0.0895
North,M104,2020-04,5.32,0.1236
South,M104,2020-04,5.42,0.1053
East,M104,2020-04,6.18,0.2138
West,M104,2020-04,5.3,0.1229
North,M107,2020-04,7.59,0.1206
South,M107,2020-04,7.72,0.2162
East,M107,2020-04,8.33,0.2416
West,M107,2020-04,7.33,0.244
North,M108,2020-04,5.74,0.244
South,M108,2020-04,6.63,0.2221
East,M108,2020-04,6.14,0.1621
West,M108,2020-04,6.88,0.0516
North,M109,2020-04,8.35,0.0683
South,M109,2020-04,7.38,0.0602
East,M109,2020-04,6.78,0.1241
West,M109,2020-04,7.04,0.1142
North,M114,2020-04,7.32,0.1658
South,M114,2020-04,8.17,0.1612
East,M114,2020-04,8.77,0.1732
West,M114,2020-04,8.93,0.1836
North,M115,2020-04,7.97,0.2411
South,M115,2020-04,8.9,0.1593
East,M115,2020-04,8.42,0.0676
West,M115,2020-04,7.87,0.1604
North,M117,2020-04,7.51,0.1239
South,M117,2020-04,6.72,0.1312
East,M117,2020-04,6.41,0.088
West,M117,2020-04,7.67,0.0934
North,M120,2020-04,7.56,0.1675
South,M120,2020-04,,0.1838
East,M120,2020-04,6.9,0.1395
West,M120,2020-04,6.76,0.2404
North,M123,2020-04,6.86,0.1556
South,M123,2020-04,6.31,0.1539
East,M123,2020-04,7.25,0.1406
West,M123,2020-04,6.55,0.1046
North,M126,2020-04,8.63,0.0516
South,M126,2020-04,5.57,0.0685
East,M126,2020-04,7.53,0.131
West,M126,2020-04,5.69,0.1956
North,M129,2020-04,8.32,0.056
South,M129,2020-04,6.46,0.2033
East,M129,2020-04,9.02,0.1699
West,M129,2020-04,6.4,0.1688
North,M130,2020-04,7.73,0.1866
South,M130,2020-04,5.82,0.2209
East,M130,2020-04,6.98,0.1122
West,M130,2020-04,5.77,0.1112
North,M134,2020-04,8.03,0.172
South,M134,2020-04,6.45,0.1906
East,M134,2020-04,6.63,0.1161
West,M134,2020-04,5.36,0.0788
North,M136,2020-04,,0.0805
South,M136,2020-04,6.15,0.2018
East,M136,2020-04,9.0,0.211
West,M136,2020-04,5.92,0.1277
North,M138,2020-04,8.31,0.1539
South,M138,2020-04,7.44,0.2473
East,M138,2020-04,7.84,0.2063
West,M138,2020-04,5.81,0.18
North,M139,2020-04,8.71,0.1033
South,M139,2020-04,6.09,0.2307
East,M139,2020-04,7.22,0.1472
West,M139,2020-04,6.09,0.2462
North,M141,2020-04,8.73,0.1529
South,M141,2020-04,6.43,0.2267
East,M141,2020-04,8.42,0.1503
West,M141,2020-04,5.55,0.1159
North,M142,2020-04,7.63,0.2327
South,M142,2020-04,5.39,0.1825
East,M142,2020-04,7.77,0.2082
West,M142,2020-04,5.48,0.1505
North,M148,2020-04,,0.2273
South,M148,2020-04,5.87,0.0764
East,M148,2020-04,7.84,0.1803
West,M148,2020-04,5.72,0.1703
North,M149,2020-04,7.75,0.0948
South,M149,2020-04,6.33,0.0715
East,M149,2020-04,9.24,0.2266
West,M149,2020-04,7.0,0.0623
North,M151,2020-04,3.28,0.152
South,M151,2020-04,5.66,0.07
East,M151,2020-04,3.72,0.1152
West,M151,2020-04,4.24,0.2442
North,M153,2020-04,4.36,0.0543
South,M153,2020-04,6.45,0.0703
East,M153,2020-04,4.12,0.1595
West,M153,2020-04,3.77,0.1026
North,M155,2020-04,3.8,0.0872
South,M155,2020-04,6.54,0.1452
East,M155,2020-04,4.27,0.091
West,M155,2020-04,5.13,0.1884
North,M157,2020-04,3.27,0.0914
South,M157,2020-04,,0.0581
East,M157,2020-04,5.13,0.1731
West,M157,2020-04,3.33,0.0586
North,M158,2020-04,4.39,0.0663
South,M158,2020-04,6.3,0.2177
East,M158,2020-04,5.22,0.1661
West,M158,2020-04,5.2,0.1697
North,M162,2020-04,4.16,0.0538
South,M162,2020-04,5.87,0.1358
East,M162,2020-04,5.41,0.0931
West,M162,2020-04,5.3,0.0887
North,M164,2020-04,3.72,0.1755
South,M164,2020-04,5.9,0.1939
East,M164,2020-04,3.35,0.0654
West,M164,2020-04,4.29,0.2279
North,M166,2020-04,3.56,0.1675
South,M166,2020-04,5.79,0.0902
East,M166,2020-04,4.2,0.1394
West,M166,2020-04,5.22,0.1067
North,M170,2020-04,3.5,0.1064
South,M170,2020-04,6.89,0.135
East,M170,2020-04,4.04,0.0851
West,M170,2020-04,3.74,0.1328
North,M171,2020-04,3.75,0.1337
South,M171,2020-04,5.15,0.1164
East,M171,2020-04,3.34,0.0778
West,M171,2020-04,3.15,0.1758
North,M173,2020-04,4.14,0.1409
South,M173,2020-04,,0.2279
East,M173,2020-04,3.91,0.2184
West,M173,2020-04,4.56,0.1475
North,M175,2020-04,,0.1425
South,M175,2020-04,5.52,0.0856
East,M175,2020-04,4.79,0.1266
West,M175,2020-04,5.13,0.212
North,M176,2020-04,7.4,0.2091
South,M176,2020-04,8.22,0.1893
East,M176,2020-04,5.92,0.1241
West,M176,2020-04,8.13,0.1902
North,M177,2020-04,6.18,0.1337
South,M177,2020-04,6.49,0.1385
East,M177,2020-04,4.83,0.0717
West,M177,2020-04,6.6,0.1043
North,M178,2020-04,5.18,0.2
South,M178,2020-04,7.3,0.1868
East,M178,2020-04,5.87,0.0785
West,M178,2020-04,5.81,0.205
North,M179,2020-04,6.95,0.111
South,M179,2020-04,7.68,0.0697
East,M179,2020-04,6.35,0.1283
West,M179,2020-04,7.4,0.2461
North,M180,2020-04,5.82,0.1131
South,M180,2020-04,8.43,0.1105
East,M180,2020-04,6.34,0.0506
West,M180,2020-04,8.66,0.0739
North,M183,2020-04,7.25,0.1402
South,M183,2020-04,8.28,0.0793
East,M183,2020-04,,0.2433
West,M183,2020-04,7.92,0.2138
North,M184,2020-04,5.89,0.1745
South,M184,2020-04,7.87,0.211
East,M184,2020-04,6.94,0.1755
West,M184,2020-04,7.89,0.1398
North,M185,2020-04,7.18,0.1261
South,M185,2020-04,7.34,0.1389
East,M185,2020-04,5.57,0.1487
West,M185,2020-04,8.61,0.2048
North,M188,2020-04,5.08,0.0638
South,M188,2020-04,6.12,0.1226
East,M188,2020-04,6.26,0.1257
West,M188,2020-04,7.55,0.1935
North,M190,2020-04,4.74,0.249
South,M190,2020-04,6.75,0.0556
East,M190,2020-04,5.8,0.1945
West,M190,2020-04,6.08,0.1935
North,M193,2020-04,6.97,0.224
South,M193,2020-04,9.05,0.1168
East,M193,2020-04,6.12,0.1434
West,M193,2020-04,8.72,0.2481
North,M196,2020-04,,0.1022
South,M196,2020-04,7.24,0.1576
East,M196,2020-04,6.6,0.1805
West,M196,2020-04,8.33,0.1662
North,M198,2020-04,7.11,0.202
South,M198,2020-04,9.04,0.1815
East,M198,2020-04,7.04,0.063
West,M198,2020-04,8.21,0.223
North,M201,2020-04,6.29,0.1713
South,M201,2020-04,6.69,0.2177
East,M201,2020-04,5.98,0.1057
West,M201,2020-04,5.95,0.0634
North,M202,2020-04,5.77,0.0893
South,M202,2020-04,5.11,0.1834
East,M202,2020-04,5.89,0.2188
West,M202,2020-04,6.17,0.1424
North,M204,2020-04,7.29,0.207
South,M204,2020-04,5.81,0.1428
East,M204,2020-04,7.04,0.2262
West,M204,2020-04,5.85,0.1354
North,M205,2020-04,5.72,0.2318
South,M205,2020-04,5.02,0.1482
East,M205,2020-04,4.81,0.1689
West,M205,2020-04,5.19,0.1872
North,M208,2020-04,6.74,0.0799
South,M208,2020-04,5.46,0.2189
East,M208,2020-04,6.7,0.098
West,M208,2020-04,6.61,0.2368
North,M214,2020-04,6.48,0.1961
South,M214,2020-04,6.71,0.1203
East,M214,2020-04,5.25,0.1349
West,M214,2020-04,6.64,0.1945
North,M215,2020-04,6.47,0.1226
South,M215,2020-04,5.88,0.0726
East,M215,2020-04,7.09,0.1399
West,M215,2020-04,7.6,0.1714
North,M216,2020-04,2.32,0.2357
South,M216,2020-04,2.9,0.1809
East,M216,2020-04,2.18,0.1246
West,M216,2020-04,2.78,0.2003
North,M221,2020-04,5.63,0.0572
South,M221,2020-04,5.43,0.1894
East,M221,2020-04,7.06,0.1656
West,M221,2020-04,5.57,0.0724
North,M222,2020-04,5.09,0.1671
South,M222,2020-04,5.29,0.1856
East,M222,2020-04,5.34,0.2029
West,M222,2020-04,5.87,0.1142
North,M102,2020-05,6.94,0.2096
South,M102,2020-05,7.6,0.0964
East,M102,2020-05,6.82,0.1347
West,M102,2020-05,6.5,0.1851
North,M104,2020-05,6.74,0.1007
South,M104,2020-05,6.2,0.1617
East,M104,2020-05,6.0,0.1678
West,M104,2020-05,5.77,0.1404
North,M107,2020-05,7.62,0.0755
South,M107,2020-05,7.64,0.179
East,M107,2020-05,7.5,0.2365
West,M107,2020-05,8.07,0.1054
North,M108,2020-05,6.77,0.1247
South,M108,2020-05,6.85,0.1133
East,M108,2020-05,7.26,0.149
West,M108,2020-05,6.29,0.0658
North,M109,2020-05,7.15,0.0751
South,M109,2020-05,7.15,0.1139
East,M109,2020-05,7.25,0.1891
West,M109,2020-05,6.69,0.1203
North,M114,2020-05,8.28,0.2437
South,M114,2020-05,6.88,0.1531
East,M114,2020-05,8.03,0.1683
West,M114,2020-05,8.28,0.1205
North,M115,2020-05,7.69,0.1013
South,M115,2020-05,7.25,0.1572
East,M115,2020-05,8.63,0.2453
West,M115,2020-05,8.47,0.1149
North,M117,2020-05,7.29,0.0956
South,M117,2020-05,8.34,0.1045
East,M117,2020-05,8.09,0.1934
West,M117,2020-05,6.52,0.1474
North,M120,2020-05,7.93,0.1744
South,M120,2020-05,7.13,0.0801
East,M120,2020-05,,0.2202
West,M120,2020-05,8.04,0.2255
North,M123,2020-05,7.06,0.2376
South,M123,2020-05,7.11,0.0811
East,M123,2020-05,7.52,0.0991
West,M123,2020-05,6.73,0.092
North,M126,2020-05,7.55,0.1768
South,M126,2020-05,5.31,0.1499
East,M126,2020-05,8.65,0.1239
West,M126,2020-05,5.21,0.2455
North,M129,2020-05,8.14,0.2258
South,M129,2020-05,5.72,0.2164
East,M129,2020-05,7.98,0.1332
West,M129,2020-05,5.72,0.2423
North,M130,2020-05,7.47,0.1001
South,M130,2020-05,5.02,0.0839
East,M130,2020-05,7.14,0.0508
West,M130,2020-05,5.91,0.139
North,M134,2020-05,7.76,0.127
South,M134,2020-05,6.54,0.2103
East,M134,2020-05,8.28,0.1018
West,M134,2020-05,6.08,0.0601
North,M136,2020-05,7.28,0.2353
South,M136,2020-05,6.34,0.0603
East,M136,2020-05,8.33,0.0717
West,M136,2020-05,5.67,0.102
North,M138,2020-05,10.0,0.0855
South,M138,2020-05,10.0,0.1766
East,M138,2020-05,10.0,0.1266
West,M138,2020-05,8.49,0.1372
North,M139,2020-05,7.99,0.1964
South,M139,2020-05,6.71,0.0883
East,M139,2020-05,8.01,0.1219
West,M139,2020-05,6.5,0.1181
North,M140,2020-05,9.97,0.0635
South,M140,2020-05,7.8,0.2259
East,M140,2020-05,9.19,0.1725
West,M140,2020-05,7.32,0.1598
North,M141,2020-05,8.32,0.0855
South,M141,2020-05,6.9,0.084
East,M141,2020-05,8.81,0.1786
West,M141,2020-05,5.5,0.1641
North,M142,2020-05,8.53,0.0726
South,M142,2020-05,,0.0668
East,M142,2020-05,8.34,0.1887
West,M142,2020-05,5.72,0.0879
North,M148,2020-05,6.97,0.1324
South,M148,2020-05,5.25,0.2158
East,M148,2020-05,8.36,0.14
West,M148,2020-05,6.72,0.1739
North,M149,2020-05,8.55,0.1114
South,M149,2020-05,6.81,0.2421
East,M149,2020-05,8.32,0.1095
West,M149,2020-05,5.72,0.1427
North,M151,2020-05,4.98,0.0995
South,M151,2020-05,5.72,0.1154
East,M151,2020-05,4.32,0.1333
West,M151,2020-05,5.02,0.1653
North,M153,2020-05,5.6,0.0883
South,M153,2020-05,5.97,0.1809
East,M153,2020-05,5.39,0.0623
West,M153,2020-05,4.23,0.0705
North,M155,2020-05,3.95,0.2035
South,M155,2020-05,6.78,0.0866
East,M155,2020-05,3.65,0.0525
West,M155,2020-05,3.4,0.2253
North,M157,2020-05,4.87,0.2385
South,M157,2020-05,5.8,0.0985
East,M157,2020-05,,0.0779
West,M157,2020-05,3.52,0.2015
North,M158,2020-05,3.83,0.1348
South,M158,2020-05,6.87,0.1448
East,M158,2020-05,3.39,0.1738
West,M158,2020-05,4.79,0.1769
North,M162,2020-05,4.77,0.1571
South,M162,2020-05,6.73,0.1353
East,M162,2020-05,4.24,0.0604
West,M162,2020-05,4.53,0.223
North,M164,2020-05,4.23,0.0579
South,M164,2020-05,6.48,0.1084
East,M164,2020-05,4.64,0.2165
West,M164,2020-05,4.66,0.1241
North,M166,2020-05,3.63,0.2129
South,M166,2020-05,7.01,0.1486
East,M166,2020-05,5.32,0.1424
West,M166,2020-05,5.43,0.0866
North,M170,2020-05,4.08,0.1374
South,M170,2020-05,6.99,0.1685
East,M170,2020-05,3.8,0.2496
West,M170,2020-05,4.26,0.2007
North,M171,2020-05,4.34,0.1138
South,M171,2020-05,5.05,0.0707
East,M171,2020-05,4.02,0.1523
West,M171,2020-05,3.3,0.0883
North,M173,2020-05,4.37,0.2168
South,M173,2020-05,5.94,0.0543
East,M173,2020-05,4.8,0.0579
West,M173,2020-05,3.39,0.1205
North,M175,2020-05,7.51,0.0962
South,M175,2020-05,9.72,0.1658
East,M175,2020-05,5.82,0.1353
West,M175,2020-05,6.83,0.0662
North,M176,2020-05,5.71,0.1914
South,M176,2020-05,8.35,0.213
East,M176,2020-05,7.3,0.0507
West,M176,2020-05,,0.1617
North,M177,2020-05,6.01,0.1633
South,M177,2020-05,6.78,0.2085
East,M177,2020-05,4.97,0.1412
West,M177,2020-05,6.48,0.1329
North,M178,2020-05,5.91,0.2369
South,M178,2020-05,7.34,0.1217
East,M178,2020-05,5.59,0.1605
West,M178,2020-05,7.19,0.0843
North,M179,2020-05,6.81,0.1173
South,M179,2020-05,6.9,0.0878
East,M179,2020-05,5.08,0.0635
West,M179,2020-05,7.1,0.0916
North,M180,2020-05,6.62,0.1995
South,M180,2020-05,8.65,0.1693
East,M180,2020-05,6.24,0.1845
West,M180,2020-05,8.75,0.1358
North,M183,2020-05,6.38,0.1711
South,M183,2020-05,9.1,0.0561
East,M183,2020-05,5.7,0.2266
West,M183,2020-05,9.03,0.1022
North,M184,2020-05,6.22,0.2187
South,M184,2020-05,8.55,0.2421
East,M184,2020-05,5.46,0.2267
West,M184,2020-05,8.62,0.1767
North,M185,2020-05,6.87,0.066
South,M185,2020-05,7.6,0.1553
East,M185,2020-05,7.02,0.2
West,M185,2020-05,8.18,0.1849
North,M188,2020-05,6.0,0.114
South,M188,2020-05,6.18,0.0641
East,M188,2020-05,4.84,0.2396
West,M188,2020-05,6.74,0.1496
North,M190,2020-05,5.83,0.1112
South,M190,2020-05,7.18,0.2481
East,M190,2020-05,4.41,0.157
West,M190,2020-05,6.3,0.0608
North,M193,2020-05,6.21,0.2063
South,M193,2020-05,8.1,0.2161
East,M193,2020-05,5.4,0.1565
West,M193,2020-05,7.95,0.191
North,M196,2020-05,5.46,0.1931
South,M196,2020-05,7.68,0.0758
East,M196,2020-05,5.86,0.1913
West,M196,2020-05,6.37,0.0591
North,M198,2020-05,6.73,0.0625
South,M198,2020-05,8.64,0.1391
East,M198,2020-05,7.28,0.2019
West,M198,2020-05,7.94,0.1456
North,M200,2020-05,,0.1829
South,M200,2020-05,9.22,0.1788
East,M200,2020-05,6.97,0.1948
West,M200,2020-05,7.91,0.0587
North,M201,2020-05,5.71,0.211
South,M201,2020-05,5.58,0.0631
East,M201,2020-05,6.25,0.0744
West,M201,2020-05,5.66,0.199
North,M202,2020-05,5.69,0.1942
South,M202,2020-05,6.07,0.1869
East,M202,2020-05,4.8,0.242
West,M202,2020-05,5.39,0.1885
North,M204,2020-05,5.77,0.1256
South,M204,2020-05,7.07,0.2101
East,M204,2020-05,6.71,0.2382
West,M204,2020-05,6.62,0.2312
North,M205,2020-05,5.92,0.1452
South,M205,2020-05,5.15,0.0627
East,M205,2020-05,5.28,0.0653
West,M205,2020-05,5.85,0.0668
North,M208,2020-05,6.72,0.1413
South,M208,2020-05,6.05,0.1055
East,M208,2020-05,5.74,0.1222
West,M208,2020-05,5.96,0.1979
North,M214,2020-05,5.89,0.2158
South,M214,2020-05,6.36,0.2157
East,M214,2020-05,5.51,0.1611
West,M214,2020-05,6.44,0.2449
North,M215,2020-05,6.87,0.1956
South,M215,2020-05,5.64,0.2091
East,M215,2020-05,6.25,0.1138
West,M215,2020-05,6.22,0.1637
North,M216,2020-05,6.15,0.1151
South,M216,2020-05,5.94,0.0566
East,M216,2020-05,6.42,0.1702
West,M216,2020-05,6.15,0.1396
North,M221,2020-05,6.93,0.0562
South,M221,2020-05,6.4,0.2195
East,M221,2020-05,,0.2454
West,M221,2020-05,7.06,0.0649
North,M222,2020-05,5.86,0.1813
South,M222,2020-05,5.52,0.1193
East,M222,2020-05,6.51,0.1173
West,M222,2020-05,5.59,0.1065
North,M102,2020-06,7.58,0.2018
South,M102,2020-06,7.89,0.1855
East,M102,2020-06,6.97,0.1507
West,M102,2020-06,7.11,0.1676
North,M104,2020-06,7.08,0.2295
South,M104,2020-06,5.6,0.0712
East,M104,2020-06,7.18,0.1411
West,M104,2020-06,5.61,0.2351
North,M107,2020-06,6.26,0.1121
South,M107,2020-06,7.74,0.075
East,M107,2020-06,6.57,0.1876
West,M107,2020-06,6.96,0.1886
North,M108,2020-06,7.04,0.2385
South,M108,2020-06,5.3,0.1121
East,M108,2020-06,6.11,0.1544
West,M108,2020-06,5.77,0.242
North,M109,2020-06,6.79,0.2147
South,M109,2020-06,8.46,0.1018
East,M109,2020-06,7.64,0.073
West,M109,2020-06,6.57,0.1426
North,M110,2020-06,8.75,0.0814
South,M110,2020-06,8.12,0.1071
East,M110,2020-06,7.78,0.0558
West,M110,2020-06,7.69,0.1252
North,M114,2020-06,7.69,0.2484
South,M114,2020-06,8.59,0.1013
East,M114,2020-06,8.46,0.201
West,M114,2020-06,8.12,0.2096
North,M115,2020-06,7.18,0.2106
South,M115,2020-06,7.61,0.1981
East,M115,2020-06,8.59,0.1022
West,M115,2020-06,8.4,0.1434
North,M117,2020-06,6.94,0.0711
South,M117,2020-06,8.25,0.0686
East,M117,2020-06,7.23,0.099
West,M117,2020-06,6.87,0.2345
North,M120,2020-06,7.8,0.0694
South,M120,2020-06,7.99,0.1234
East,M120,2020-06,6.58,0.0614
West,M120,2020-06,6.91,0.2018
North,M123,2020-06,2.41,0.0809
South,M123,2020-06,3.64,0.1438
East,M123,2020-06,1.92,0.2435
West,M123,2020-06,3.24,0.0776
North,M126,2020-06,7.31,0.081
South,M126,2020-06,5.5,0.1016
East,M126,2020-06,8.4,0.2172
West,M126,2020-06,7.06,0.0556
North,M129,2020-06,7.5,0.1974
South,M129,2020-06,6.82,0.2068
East,M129,2020-06,8.2,0.0651
West,M129,2020-06,6.87,0.1793
North,M130,2020-06,3.09,0.1808
South,M130,2020-06,3.39,0.1231
East,M130,2020-06,2.64,0.0772
West,M130,2020-06,3.04,0.2165
North,M134,2020-06,6.54,0.1836
South,M134,2020-06,5.87,0.1122
East,M134,2020-06,7.79,0.1904
West,M134,2020-06,5.7,0.1159
North,M136,2020-06,7.8,0.2494
South,M136,2020-06,6.08,0.1303
East,M136,2020-06,7.64,0.1237
West,M136,2020-06,6.52,0.1724
North,M138,2020-06,9.31,0.2435
South,M138,2020-06,6.04,0.089
East,M138,2020-06,8.78,0.2151
West,M138,2020-06,6.69,0.2398
North,M139,2020-06,8.1,0.2252
South,M139,2020-06,5.21,0.1172
East,M139,2020-06,8.48,0.0591
West,M139,2020-06,5.86,0.0676
North,M140,2020-06,9.23,0.2143
South,M140,2020-06,7.43,0.2077
East,M140,2020-06,9.5,0.1216
West,M140,2020-06,6.37,0.1485
North,M141,2020-06,8.11,0.2319
South,M141,2020-06,6.39,0.1675
East,M141,2020-06,7.21,0.2113
West,M141,2020-06,,0.1637
North,M142,2020-06,8.15,0.128
South,M142,2020-06,5.78,0.1983
East,M142,2020-06,7.31,0.2105
West,M142,2020-06,5.69,0.207
North,M148,2020-06,8.51,0.2306
South,M148,2020-06,6.79,0.126
East,M148,2020-06,8.04,0.0544
West,M148,2020-06,6.75,0.0814
North,M149,2020-06,7.74,0.1208
South,M149,2020-06,5.56,0.0685
East,M149,2020-06,7.89,0.2483
West,M149,2020-06,6.88,0.0783
North,M151,2020-06,4.37,0.0562
South,M151,2020-06,6.08,0.0772
East,M151,2020-06,4.44,0.0708
West,M151,2020-06,4.06,0.1871
North,M153,2020-06,5.32,0.1243
South,M153,2020-06,7.21,0.1861
East,M153,2020-06,5.15,0.0993
West,M153,2020-06,5.04,0.1562
North,M155,2020-06,5.15,0.142
South,M155,2020-06,6.31,0.2349
East,M155,2020-06,4.11,0.1499
West,M155,2020-06,5.07,0.1952
North,M157,2020-06,5.32,0.1709
South,M157,2020-06,8.68,0.1746
East,M157,2020-06,6.33,0.2252
West,M157,2020-06,4.99,0.1951
North,M158,2020-06,4.46,0.1862
South,M158,2020-06,7.22,0.1379
East,M158,2020-06,3.69,0.22
West,M158,2020-06,5.34,0.0547
North,M162,2020-06,3.82,0.1288
South,M162,2020-06,6.7,0.1275
East,M162,2020-06,4.31,0.1041
West,M162,2020-06,3.45,0.2457
North,M164,2020-06,3.45,0.1173
South,M164,2020-06,5.38,0.1605
East,M164,2020-06,3.36,0.0746
West,M164,2020-06,,0.0772
North,M166,2020-06,5.24,0.1937
South,M166,2020-06,5.84,0.18
East,M166,2020-06,4.86,0.1213
West,M166,2020-06,5.08,0.2455
North,M170,2020-06,4.88,0.2363
South,M170,2020-06,5.63,0.1046
East,M170,2020-06,3.4,0.1898
West,M170,2020-06,3.42,0.214
North,M171,2020-06,5.11,0.1963
South,M171,2020-06,5.24,0.2427
East,M171,2020-06,4.34,0.1657
West,M171,2020-06,3.28,0.0739
North,M173,2020-06,3.35,0.1479
South,M173,2020-06,6.78,0.0887
East,M173,2020-06,4.58,0.2493
West,M173,2020-06,4.37,0.1639
North,M175,2020-06,4.97,0.2353
South,M175,2020-06,6.06,0.0637
East,M175,2020-06,5.2,0.0723
West,M175,2020-06,3.45,0.1621
North,M176,2020-06,6.33,0.1406
South,M176,2020-06,6.82,0.2476
East,M176,2020-06,5.31,0.2183
West,M176,2020-06,7.69,0.2309
North,M177,2020-06,4.37,0.1453
South,M177,2020-06,5.84,0.2383
East,M177,2020-06,5.65,0.0603
West,M177,2020-06,7.41,0.1881
North,M178,2020-06,5.68,0.1713
South,M178,2020-06,7.34,0.1551
East,M178,2020-06,5.17,0.0501
West,M178,2020-06,5.8,0.0555
North,M179,2020-06,6.52,0.2243
South,M179,2020-06,8.65,0.1669
East,M179,2020-06,6.72,0.086
West,M179,2020-06,7.95,0.1147
North,M180,2020-06,6.06,0.0969
South,M180,2020-06,6.94,0.1741
East,M180,2020-06,6.79,0.1943
West,M180,2020-06,8.68,0.1222
North,M183,2020-06,7.23,0.0835
South,M183,2020-06,7.34,0.1552
East,M183,2020-06,5.76,0.0506
West,M183,2020-06,8.52,0.143
North,M184,2020-06,5.14,0.1968
South,M184,2020-06,6.89,0.0548
East,M184,2020-06,6.01,0.1346
West,M184,2020-06,7.95,0.2063
North,M185,2020-06,6.49,0.1176
South,M185,2020-06,9.53,0.165
East,M185,2020-06,6.03,0.1093
West,M185,2020-06,9.2,0.2303
North,M188,2020-06,5.24,0.1854
South,M188,2020-06,6.08,0.1358
East,M188,2020-06,5.14,0.075
West,M188,2020-06,7.36,0.1117
North,M190,2020-06,6.43,0.1607
South,M190,2020-06,7.4,0.0592
East,M190,2020-06,6.4,0.1303
West,M190,2020-06,6.08,0.1022
North,M193,2020-06,5.81,0.224
South,M193,2020-06,8.75,0.0713
East,M193,2020-06,7.0,0.193
West,M193,2020-06,8.81,0.2437
North,M196,2020-06,6.05,0.1619
South,M196,2020-06,8.47,0.1521
East,M196,2020-06,6.84,0.2297
West,M196,2020-06,8.61,0.1393
North,M198,2020-06,6.5,0.0672
South,M198,2020-06,7.62,0.1374
East,M198,2020-06,6.55,0.1079
West,M198,2020-06,7.01,0.0972
North,M200,2020-06,6.79,0.2286
South,M200,2020-06,7.73,0.0645
East,M200,2020-06,5.96,0.2258
West,M200,2020-06,7.51,0.1213
North,M201,2020-06,5.96,0.0794
South,M201,2020-06,6.41,0.2473
East,M201,2020-06,5.5,0.1381
West,M201,2020-06,5.21,0.1678
North,M202,2020-06,5.38,0.1518
South,M202,2020-06,5.5,0.166
East,M202,2020-06,6.57,0.2306
West,M202,2020-06,4.88,0.2442
North,M204,2020-06,7.19,0.1836
South,M204,2020-06,7.53,0.2406
East,M204,2020-06,7.56,0.0736
West,M204,2020-06,6.36,0.248
North,M205,2020-06,6.35,0.0998
South,M205,2020-06,4.43,0.1416
East,M205,2020-06,5.39,0.2075
West,M205,2020-06,4.61,0.1911
North,M208,2020-06,5.28,0.1261
South,M208,2020-06,4.93,0.1948
East,M208,2020-06,4.92,0.2334
West,M208,2020-06,6.54,0.1807
North,M214,2020-06,5.12,0.0562
South,M214,2020-06,6.83,0.2142
East,M214,2020-06,6.97,0.1311
West,M214,2020-06,6.33,0.1531
North,M215,2020-06,6.44,0.1034
South,M215,2020-06,7.35,0.2218
East,M215,2020-06,7.3,0.2133
West,M215,2020-06,5.63,0.0587
North,M216,2020-06,4.48,0.2377
South,M216,2020-06,4.59,0.0979
East,M216,2020-06,6.14,0.0602
West,M216,2020-06,4.95,0.1959
North,M221,2020-06,6.97,0.2283
South,M221,2020-06,6.21,0.1375
East,M221,2020-06,6.97,0.2195
West,M221,2020-06,6.41,0.1905
North,M222,2020-06,5.59,0.2313
South,M222,2020-06,6.5,0.21
East,M222,2020-06,6.38,0.101
West,M222,2020-06,5.47,0.1358
North,M102,2020-07,6.98,0.1578
South,M102,2020-07,6.93,0.0841
East,M102,2020-07,6.94,0.1756
West,M102,2020-07,6.43,0.1709
North,M104,2020-07,6.28,0.0914
South,M104,2020-07,5.79,0.0664
East,M104,2020-07,5.6,0.0938
West,M104,2020-07,7.02,0.1548
North,M107,2020-07,7.84,0.0745
South,M107,2020-07,7.29,0.1422
East,M107,2020-07,7.81,0.244
West,M107,2020-07,,0.1937
North,M108,2020-07,7.02,0.2061
South,M108,2020-07,5.96,0.1466
East,M108,2020-07,5.85,0.1032
West,M108,2020-07,6.59,0.1891
North,M109,2020-07,7.01,0.1335
South,M109,2020-07,7.41,0.0669
East,M109,2020-07,6.43,0.1977
West,M109,2020-07,6.97,0.1483
North,M110,2020-07,8.35,0.14
South,M110,2020-07,8.4,0.2133
East,M110,2020-07,8.21,0.2223
West,M110,2020-07,7.73,0.1624
North,M114,2020-07,6.98,0.1975
South,M114,2020-07,7.41,0.1672
East,M114,2020-07,7.35,0.2353
West,M114,2020-07,6.87,0.1075
North,M115,2020-07,7.91,0.1558
South,M115,2020-07,7.85,0.2492
East,M115,2020-07,7.6,0.1052
West,M115,2020-07,6.99,0.1874
North,M117,2020-07,7.31,0.1328
South,M117,2020-07,7.41,0.1572
East,M117,2020-07,7.77,0.1552
West,M117,2020-07,7.77,0.0623
North,M120,2020-07,7.79,0.133
South,M120,2020-07,8.11,0.0575
East,M120,2020-07,6.51,0.1014
West,M120,2020-07,6.3,0.1893
North,M123,2020-07,7.64,0.0978
South,M123,2020-07,7.28,0.0717
East,M123,2020-07,5.87,0.1026
West,M123,2020-07,5.69,0.1504
North,M126,2020-07,7.43,0.114
South,M126,2020-07,5.25,0.0807
East,M126,2020-07,7.57,0.1053
West,M126,2020-07,5.81,0.1006
North,M129,2020-07,7.83,0.0922
South,M129,2020-07,5.24,0.1644
East,M129,2020-07,8.01,0.1413
West,M129,2020-07,6.94,0.1156
North,M130,2020-07,8.06,0.2328
South,M130,2020-07,5.34,0.1814
East,M130,2020-07,6.53,0.1924
West,M130,2020-07,5.63,0.1989
North,M134,2020-07,6.84,0.1428
South,M134,2020-07,5.42,0.2389
East,M134,2020-07,6.74,0.0745
West,M134,2020-07,5.59,0.0722
North,M136,2020-07,8.91,0.0758
South,M136,2020-07,7.08,0.1113
East,M136,2020-07,8.2,0.0836
West,M136,2020-07,5.75,0.1868
North,M138,2020-07,8.35,0.155
South,M138,2020-07,6.09,0.2432
East,M138,2020-07,8.19,0.1629
West,M138,2020-07,7.04,0.0597
North,M139,2020-07,,0.181
South,M139,2020-07,6.69,0.2126
East,M139,2020-07,7.79,0.2073
West,M139,2020-07,6.07,0.1982
North,M140,2020-07,9.21,0.0876
South,M140,2020-07,7.44,0.0702
East,M140,2020-07,7.74,0.2103
West,M140,2020-07,6.8,0.1768
North,M141,2020-07,9.25,0.1265
South,M141,2020-07,7.15,0.1946
East,M141,2020-07,8.29,0.0571
West,M141,2020-07,6.28,0.0934
North,M142,2020-07,7.83,0.2471
South,M142,2020-07,5.28,0.1076
East,M142,2020-07,7.71,0.1146
West,M142,2020-07,5.92,0.1053
North,M148,2020-07,10.0,0.1128
South,M148,2020-07,9.2,0.1554
East,M148,2020-07,10.0,0.2288
West,M148,2020-07,7.44,0.1558
North,M149,2020-07,7.31,0.0599
South,M149,2020-07,5.66,0.241
East,M149,2020-07,8.13,0.0994
West,M149,2020-07,5.47,0.1669
North,M151,2020-07,5.03,0.2082
South,M151,2020-07,5.07,0.0508
East,M151,2020-07,5.01,0.0548
West,M151,2020-07,4.39,0.0692
North,M153,2020-07,4.91,0.1157
South,M153,2020-07,7.33,0.0758
East,M153,2020-07,5.54,0.1786
West,M153,2020-07,4.78,0.1015
North,M155,2020-07,3.67,0.1388
South,M155,2020-07,5.56,0.1141
East,M155,2020-07,3.98,0.1436
West,M155,2020-07,3.06,0.1313
North,M157,2020-07,3.14,0.0994
South,M157,2020-07,5.14,0.199
East,M157,2020-07,3.19,0.1425
West,M157,2020-07,3.03,0.0638
North,M158,2020-07,3.56,0.0915
South,M158,2020-07,5.94,0.1773
East,M158,2020-07,4.58,0.1445
West,M158,2020-07,5.15,0.1726
North,M162,2020-07,5.09,0.2283
South,M162,2020-07,6.89,0.093
East,M162,2020-07,5.09,0.2163
West,M162,2020-07,4.53,0.0587
North,M164,2020-07,4.1,0.1701
South,M164,2020-07,5.38,0.1699
East,M164,2020-07,4.33,0.113
West,M164,2020-07,4.53,0.1076
North,M166,2020-07,3.81,0.0679
South,M166,2020-07,7.32,0.0855
East,M166,2020-07,5.11,0.2213
West,M166,2020-07,4.89,0.0678
North,M170,2020-07,3.25,0.1003
South,M170,2020-07,5.94,0.1285
East,M170,2020-07,3.82,0.0821
West,M170,2020-07,4.8,0.1337
North,M171,2020-07,3.38,0.188
South,M171,2020-07,7.05,0.1763
East,M171,2020-07,4.13,0.234
West,M171,2020-07,5.11,0.15
North,M173,2020-07,3.48,0.0594
South,M173,2020-07,5.82,0.234
East,M173,2020-07,4.68,0.1465
West,M173,2020-07,2.95,0.0877
North,M175,2020-07,5.08,0.0529
South,M175,2020-07,6.82,0.1831
East,M175,2020-07,4.0,0.1184
West,M175,2020-07,5.04,0.2415
North,M176,2020-07,7.29,0.1067
South,M176,2020-07,7.78,0.1459
East,M176,2020-07,6.54,0.1425
West,M176,2020-07,7.09,0.2107
North,M177,2020-07,5.29,0.1923
South,M177,2020-07,6.91,0.2078
East,M177,2020-07,5.54,0.2228
West,M177,2020-07,5.84,0.063
North,M178,2020-07,4.66,0.0901
South,M178,2020-07,5.57,0.0908
East,M178,2020-07,6.01,0.2135
West,M178,2020-07,6.36,0.1958
North,M179,2020-07,7.19,0.1849
South,M179,2020-07,7.48,0.1222
East,M179,2020-07,6.37,0.1324
West,M179,2020-07,6.84,0.2343
North,M180,2020-07,7.02,0.0938
South,M180,2020-07,8.22,0.1639
East,M180,2020-07,5.98,0.1013
West,M180,2020-07,,0.082
North,M183,2020-07,7.37,0.0685
South,M183,2020-07,7.56,0.2336
East,M183,2020-07,6.69,0.0896
West,M183,2020-07,8.31,0.1293
North,M184,2020-07,5.26,0.0788
South,M184,2020-07,7.57,0.087
East,M184,2020-07,6.86,0.0655
West,M184,2020-07,8.29,0.1681
North,M185,2020-07,5.81,0.2058
South,M185,2020-07,7.88,0.1123
East,M185,2020-07,7.48,0.0806
West,M185,2020-07,8.37,0.0674
North,M188,2020-07,6.38,0.2371
South,M188,2020-07,6.89,0.1614
East,M188,2020-07,4.45,0.1854
West,M188,2020-07,7.09,0.0896
North,M190,2020-07,4.61,0.1577
South,M190,2020-07,6.3,0.1088
East,M190,2020-07,5.5,0.1747
West,M190,2020-07,5.98,0.1512
North,M193,2020-07,6.11,0.2461
South,M193,2020-07,7.86,0.1624
East,M193,2020-07,6.35,0.051
West,M193,2020-07,9.04,0.0921
North,M196,2020-07,5.69,0.1865
South,M196,2020-07,7.05,0.1559
East,M196,2020-07,5.54,0.2074
West,M196,2020-07,7.19,0.2086
North,M197,2020-07,6.67,0.2201
South,M197,2020-07,8.07,0.0786
East,M197,2020-07,6.82,0.1476
West,M197,2020-07,8.91,0.2156
North,M198,2020-07,6.35,0.1935
South,M198,2020-07,8.57,0.061
East,M198,2020-07,6.89,0.0885
West,M198,2020-07,8.5,0.1776
North,M200,2020-07,7.39,0.1332
South,M200,2020-07,7.51,0.2375
East,M200,2020-07,6.23,0.1273
West,M200,2020-07,8.39,0.224
North,M201,2020-07,5.56,0.1598
South,M201,2020-07,6.29,0.1891
East,M201,2020-07,6.68,0.1732
West,M201,2020-07,5.11,0.1708
North,M202,2020-07,6.18,0.2008
South,M202,2020-07,5.57,0.18
East,M202,2020-07,6.03,0.154
West,M202,2020-07,5.06,0.1334
North,M204,2020-07,5.71,0.1046
South,M204,2020-07,7.23,0.0956
East,M204,2020-07,6.85,0.1589
West,M204,2020-07,6.62,0.1659
North,M205,2020-07,4.74,0.1671
South,M205,2020-07,5.97,0.208
East,M205,2020-07,4.77,0.1705
West,M205,2020-07,5.93,0.172
North,M206,2020-07,7.33,0.1847
South,M206,2020-07,6.03,0.0556
East,M206,2020-07,6.49,0.2029
West,M206,2020-07,,0.0807
North,M208,2020-07,6.03,0.0932
South,M208,2020-07,6.73,0.2152
East,M208,2020-07,6.15,0.1858
West,M208,2020-07,,0.1607
North,M214,2020-07,5.32,0.0867
South,M214,2020-07,5.41,0.1353
East,M214,2020-07,5.54,0.0866
West,M214,2020-07,5.86,0.2196
North,M215,2020-07,5.61,0.1413
South,M215,2020-07,6.39,0.1651
East,M215,2020-07,,0.0511
West,M215,2020-07,5.33,0.2495
North,M216,2020-07,5.94,0.1252
South,M216,2020-07,5.13,0.0925
East,M216,2020-07,5.96,0.22
West,M216,2020-07,5.5,0.0937
North,M221,2020-07,7.03,0.1462
South,M221,2020-07,6.05,0.1069
East,M221,2020-07,6.29,0.0731
West,M221,2020-07,6.23,0.2296
North,M222,2020-07,6.04,0.0767
South,M222,2020-07,4.94,0.2312
East,M222,2020-07,6.34,0.1746
West,M222,2020-07,5.97,0.1539
North,M102,2020-08,7.69,0.1954
South,M102,2020-08,6.53,0.1783
East,M102,2020-08,6.32,0.0727
West,M102,2020-08,7.3,0.1249
North,M104,2020-08,6.34,0.0856
South,M104,2020-08,6.53,0.0778
East,M104,2020-08,6.61,0.1923
West,M104,2020-08,5.9,0.1811
North,M107,2020-08,6.39,0.094
South,M107,2020-08,6.5,0.1193
East,M107,2020-08,6.88,0.2311
West,M107,2020-08,6.73,0.1488
North,M108,2020-08,5.33,0.0667
South,M108,2020-08,6.16,0.2106
East,M108,2020-08,7.25,0.2159
West,M108,2020-08,6.35,0.2406
North,M109,2020-08,6.39,0.1166
South,M109,2020-08,7.39,0.2008
East,M109,2020-08,7.24,0.0531
West,M109,2020-08,6.71,0.1098
North,M110,2020-08,7.99,0.2386
South,M110,2020-08,7.44,0.1066
East,M110,2020-08,8.37,0.0895
West,M110,2020-08,8.24,0.0649
North,M114,2020-08,8.06,0.1145
South,M114,2020-08,7.37,0.1504
East,M114,2020-08,7.05,0.2358
West,M114,2020-08,7.62,0.1493
North,M115,2020-08,7.43,0.1484
South,M115,2020-08,8.4,0.1952
East,M115,2020-08,8.92,0.1285
West,M115,2020-08,8.25,0.1179
North,M117,2020-08,7.44,0.1936
South,M117,2020-08,6.43,0.0827
East,M117,2020-08,6.75,0.2464
West,M117,2020-08,6.9,0.1597
North,M120,2020-08,7.62,0.1879
South,M120,2020-08,8.31,0.1222
East,M120,2020-08,6.67,0.2153
West,M120,2020-08,7.0,0.0891
North,M123,2020-08,6.42,0.2272
South,M123,2020-08,6.84,0.0858
East,M123,2020-08,5.73,0.0632
West,M123,2020-08,6.59,0.1046
North,M126,2020-08,8.86,0.1938
South,M126,2020-08,6.04,0.1043
East,M126,2020-08,7.66,0.138
West,M126,2020-08,5.99,0.1311
North,M129,2020-08,7.21,0.0827
South,M129,2020-08,6.93,0.2159
East,M129,2020-08,7.72,0.055
West,M129,2020-08,6.29,0.066
North,M130,2020-08,6.69,0.1542
South,M130,2020-08,5.69,0.07
East,M130,2020-08,7.7,0.2142
West,M130,2020-08,5.21,0.2091
North,M134,2020-08,6.81,0.2304
South,M134,2020-08,5.56,0.1036
East,M134,2020-08,6.8,0.1468
West,M134,2020-08,5.53,0.14
North,M136,2020-08,7.62,0.2299
South,M136,2020-08,6.9,0.2097
East,M136,2020-08,7.26,0.0911
West,M136,2020-08,5.17,0.12
North,M138,2020-08,8.19,0.2248
South,M138,2020-08,6.59,0.1145
East,M138,2020-08,8.1,0.1735
West,M138,2020-08,6.42,0.1879
North,M139,2020-08,7.19,0.1611
South,M139,2020-08,6.05,0.1504
East,M139,2020-08,6.48,0.0843
West,M139,2020-08,5.7,0.093
North,M140,2020-08,8.78,0.2283
South,M140,2020-08,6.66,0.2302
East,M140,2020-08,7.39,0.0985
West,M140,2020-08,6.42,0.0891
North,M141,2020-08,8.48,0.2032
South,M141,2020-08,5.93,0.0771
East,M141,2020-08,8.17,0.0965
West,M141,2020-08,6.8,0.1854
North,M142,2020-08,6.77,0.0655
South,M142,2020-08,6.24,0.1408
East,M142,2020-08,6.84,0.1447
West,M142,2020-08,5.44,0.0951
North,M148,2020-08,6.84,0.0506
South,M148,2020-08,5.45,0.2204
East,M148,2020-08,7.2,0.104
West,M148,2020-08,4.79,0.2255
North,M149,2020-08,10.0,0.0892
South,M149,2020-08,9.49,0.0854
East,M149,2020-08,10.0,0.0843
West,M149,2020-08,9.46,0.0864
North,M151,2020-08,3.44,0.0564
South,M151,2020-08,5.36,0.2098
East,M151,2020-08,3.24,0.1805
West,M151,2020-08,3.62,0.1081
North,M153,2020-08,4.06,0.1434
South,M153,2020-08,6.44,0.1086
East,M153,2020-08,4.9,0.1078
West,M153,2020-08,5.3,0.1608
North,M155,2020-08,4.56,0.1751
South,M155,2020-08,5.58,0.0719
East,M155,2020-08,3.86,0.0722
West,M155,2020-08,5.08,0.2005
North,M157,2020-08,4.09,0.1003
South,M157,2020-08,5.29,0.1692
East,M157,2020-08,3.81,0.1006
West,M157,2020-08,4.26,0.1804
North,M158,2020-08,4.48,0.1492
South,M158,2020-08,6.67,0.0737
East,M158,2020-08,,0.1429
West,M158,2020-08,4.86,0.2463
North,M159,2020-08,5.31,0.094
South,M159,2020-08,6.82,0.0855
East,M159,2020-08,5.39,0.1179
West,M159,2020-08,4.94,0.0843
North,M162,2020-08,4.05,0.0652
South,M162,2020-08,6.83,0.1002
East,M162,2020-08,5.36,0.0977
West,M162,2020-08,4.36,0.2152
North,M164,2020-08,3.84,0.0911
South,M164,2020-08,5.0,0.0642
East,M164,2020-08,3.61,0.1352
West,M164,2020-08,4.55,0.0728
North,M166,2020-08,3.26,0.169
South,M166,2020-08,5.93,0.2326
East,M166,2020-08,4.42,0.0794
West,M166,2020-08,4.92,0.2326
North,M170,2020-08,4.33,0.0574
South,M170,2020-08,5.67,0.2199
East,M170,2020-08,3.66,0.1663
West,M170,2020-08,3.34,0.1137
North,M171,2020-08,3.14,0.0663
South,M171,2020-08,4.69,0.2023
East,M171,2020-08,3.24,0.083
West,M171,2020-08,4.72,0.1331
North,M173,2020-08,5.03,0.2424
South,M173,2020-08,6.14,0.0845
East,M173,2020-08,4.15,0.1029
West,M173,2020-08,4.45,0.0782
North,M175,2020-08,3.32,0.129
South,M175,2020-08,5.92,0.1773
East,M175,2020-08,5.18,0.1023
West,M175,2020-08,3.31,0.0635
North,M176,2020-08,5.3,0.0773
South,M176,2020-08,7.44,0.0946
East,M176,2020-08,6.1,0.2188
West,M176,2020-08,8.49,0.246
North,M177,2020-08,5.11,0.1909
South,M177,2020-08,6.88,0.1917
East,M177,2020-08,5.15,0.1147
West,M177,2020-08,6.13,0.2291
North,M178,2020-08,6.27,0.1718
South,M178,2020-08,6.19,0.118
East,M178,2020-08,5.48,0.182
West,M178,2020-08,7.05,0.2164
North,M179,2020-08,5.61,0.1438
South,M179,2020-08,7.73,0.1238
East,M179,2020-08,5.27,0.1845
West,M179,2020-08,,0.1061
North,M180,2020-08,6.64,0.245
South,M180,2020-08,7.11,0.1984
East,M180,2020-08,6.69,0.2035
West,M180,2020-08,7.7,0.2428
North,M183,2020-08,6.11,0.1735
South,M183,2020-08,7.25,0.1436
East,M183,2020-08,7.09,0.1472
West,M183,2020-08,8.52,0.0674
North,M184,2020-08,5.26,0.1279
South,M184,2020-08,7.93,0.2177
East,M184,2020-08,5.65,0.0547
West,M184,2020-08,8.17,0.119
North,M185,2020-08,6.1,0.2465
South,M185,2020-08,8.35,0.1311
East,M185,2020-08,5.99,0.1053
West,M185,2020-08,7.63,0.2028
North,M188,2020-08,6.26,0.2146
South,M188,2020-08,7.16,0.1864
East,M188,2020-08,5.1,0.1417
West,M188,2020-08,6.16,0.1004
North,M190,2020-08,5.89,0.1205
South,M190,2020-08,7.42,0.0652
East,M190,2020-08,4.6,0.2136
West,M190,2020-08,6.68,0.1416
North,M193,2020-08,6.79,0.0665
South,M193,2020-08,8.23,0.084
East,M193,2020-08,5.92,0.2003
West,M193,2020-08,9.07,0.1625
North,M196,2020-08,6.23,0.1156
South,M196,2020-08,6.45,0.1295
East,M196,2020-08,5.21,0.24
West,M196,2020-08,7.26,0.062
North,M197,2020-08,5.94,0.1038
South,M197,2020-08,7.99,0.1024
East,M197,2020-08,5.67,0.0664
West,M197,2020-08,7.37,0.1628
North,M198,2020-08,5.78,0.0943
South,M198,2020-08,8.07,0.1914
East,M198,2020-08,5.55,0.2241
West,M198,2020-08,7.43,0.0822
North,M200,2020-08,6.05,0.0762
South,M200,2020-08,7.97,0.1042
East,M200,2020-08,6.51,0.1296
West,M200,2020-08,7.6,0.1315
North,M201,2020-08,5.02,0.1551
South,M201,2020-08,5.26,0.0859
East,M201,2020-08,5.65,0.1706
West,M201,2020-08,6.55,0.1883
North,M202,2020-08,4.58,0.2409
South,M202,2020-08,4.63,0.2269
East,M202,2020-08,5.27,0.0905
West,M202,2020-08,6.15,0.0963
North,M204,2020-08,6.44,0.1063
South,M204,2020-08,6.49,0.1339
East,M204,2020-08,7.04,0.183
West,M204,2020-08,6.78,0.2336
North,M205,2020-08,4.23,0.1607
South,M205,2020-08,4.15,0.2317
East,M205,2020-08,4.12,0.1331
West,M205,2020-08,5.51,0.1326
North,M206,2020-08,7.55,0.141
South,M206,2020-08,7.37,0.2408
East,M206,2020-08,6.42,0.1098
West,M206,2020-08,6.9,0.1
North,M208,2020-08,6.44,0.1162
South,M208,2020-08,6.23,0.1216
East,M208,2020-08,5.99,0.2303
West,M208,2020-08,4.79,0.1648
North,M214,2020-08,5.74,0.0599
South,M214,2020-08,6.23,0.0884
East,M214,2020-08,5.49,0.2258
West,M214,2020-08,5.4,0.2467
North,M215,2020-08,5.98,0.113
South,M215,2020-08,6.85,0.0546
East,M215,2020-08,6.11,0.0777
West,M215,2020-08,6.95,0.138
North,M216,2020-08,5.83,0.2498
South,M216,2020-08,5.89,0.213
East,M216,2020-08,5.35,0.2365
West,M216,2020-08,6.2,0.1071
North,M221,2020-08,7.38,0.101
South,M221,2020-08,5.68,0.2171
East,M221,2020-08,6.56,0.0849
West,M221,2020-08,5.97,0.1154
North,M222,2020-08,5.74,0.0835
South,M222,2020-08,4.85,0.2095
East,M222,2020-08,6.7,0.0912
West,M222,2020-08,5.71,0.1248
North,M102,2020-09,6.24,0.2473
South,M102,2020-09,6.99,0.1683
East,M102,2020-09,7.66,0.2407
West,M102,2020-09,6.48,0.2403
North,M104,2020-09,6.07,0.175
South,M104,2020-09,5.44,0.1668
East,M104,2020-09,5.93,0.1814
West,M104,2020-09,5.89,0.1003
North,M107,2020-09,7.0,0.1668
South,M107,2020-09,6.42,0.1241
East,M107,2020-09,6.96,0.2252
West,M107,2020-09,8.06,0.1491
North,M108,2020-09,6.11,0.2281
South,M108,2020-09,6.95,0.144
East,M108,2020-09,6.35,0.2029
West,M108,2020-09,5.62,0.1252
North,M109,2020-09,8.27,0.1732
South,M109,2020-09,7.9,0.0787
East,M109,2020-09,7.68,0.0589
West,M109,2020-09,6.65,0.0556
North,M110,2020-09,8.29,0.0653
South,M110,2020-09,7.67,0.2157
East,M110,2020-09,7.69,0.2201
West,M110,2020-09,6.78,0.1327
North,M114,2020-09,6.76,0.1993
South,M114,2020-09,7.49,0.187
East,M114,2020-09,6.5,0.12
West,M114,2020-09,6.97,0.1191
North,M115,2020-09,7.81,0.1923
South,M115,2020-09,7.85,0.0751
East,M115,2020-09,7.64,0.1875
West,M115,2020-09,7.52,0.2419
North,M117,2020-09,7.48,0.2269
South,M117,2020-09,7.16,0.1195
East,M117,2020-09,7.6,0.115
West,M117,2020-09,7.79,0.0662
North,M120,2020-09,7.34,0.1665
South,M120,2020-09,7.1,0.0979
East,M120,2020-09,8.36,0.1002
West,M120,2020-09,7.77,0.2265
North,M123,2020-09,5.89,0.0733
South,M123,2020-09,7.07,0.1674
East,M123,2020-09,6.09,0.0763
West,M123,2020-09,7.07,0.1522
North,M126,2020-09,7.37,0.0635
South,M126,2020-09,5.12,0.1782
East,M126,2020-09,7.49,0.2191
West,M126,2020-09,6.65,0.202
North,M129,2020-09,8.95,0.1607
South,M129,2020-09,6.36,0.2155
East,M129,2020-09,8.45,0.1979
West,M129,2020-09,5.48,0.0949
North,M130,2020-09,6.63,0.0602
South,M130,2020-09,5.75,0.225
East,M130,2020-09,7.91,0.1195
West,M130,2020-09,5.46,0.1001
North,M132,2020-09,8.19,0.0768
South,M132,2020-09,6.27,0.1937
East,M132,2020-09,7.74,0.0908
West,M132,2020-09,5.92,0.1641
North,M134,2020-09,6.64,0.1433
South,M134,2020-09,5.47,0.1548
East,M134,2020-09,6.97,0.1277
West,M134,2020-09,4.95,0.0885
North,M136,2020-09,7.54,0.1441
South,M136,2020-09,6.21,0.141
East,M136,2020-09,7.49,0.0832
West,M136,2020-09,6.15,0.063
North,M138,2020-09,9.12,0.2176
South,M138,2020-09,6.98,0.1989
East,M138,2020-09,8.46,0.2005
West,M138,2020-09,6.17,0.1919
North,M139,2020-09,6.76,0.1262
South,M139,2020-09,6.0,0.1867
East,M139,2020-09,6.61,0.1326
West,M139,2020-09,4.73,0.2006
North,M140,2020-09,7.67,0.2451
South,M140,2020-09,5.66,0.2214
East,M140,2020-09,8.99,0.1159
West,M140,2020-09,6.98,0.0777
North,M141,2020-09,7.45,0.2337
South,M141,2020-09,7.33,0.192
East,M141,2020-09,7.5,0.1505
West,M141,2020-09,5.55,0.1706
North,M142,2020-09,7.98,0.1283
South,M142,2020-09,5.43,0.1802
East,M142,2020-09,8.24,0.085
West,M142,2020-09,4.81,0.1328
North,M148,2020-09,8.25,0.106
South,M148,2020-09,4.83,0.1868
East,M148,2020-09,7.78,0.1836
West,M148,2020-09,6.01,0.0562
North,M149,2020-09,7.69,0.119
South,M149,2020-09,6.71,0.0715
East,M149,2020-09,7.64,0.1979
West,M149,2020-09,5.59,0.2406
North,M151,2020-09,3.44,0.0696
South,M151,2020-09,5.75,0.2112
East,M151,2020-09,4.35,0.1238
West,M151,2020-09,3.78,0.1412
North,M153,2020-09,3.86,0.2046
South,M153,2020-09,6.51,0.2209
East,M153,2020-09,4.31,0.0644
West,M153,2020-09,4.44,0.1699
North,M155,2020-09,4.09,0.2299
South,M155,2020-09,6.73,0.0648
East,M155,2020-09,3.32,0.1383
West,M155,2020-09,3.91,0.0992
North,M157,2020-09,4.35,0.1204
South,M157,2020-09,5.48,0.1516
East,M157,2020-09,4.89,0.1906
West,M157,2020-09,4.51,0.2179
North,M158,2020-09,4.8,0.1917
South,M158,2020-09,6.63,0.2279
East,M158,2020-09,5.4,0.1624
West,M158,2020-09,4.01,0.0879
North,M159,2020-09,5.4,0.1981
South,M159,2020-09,6.45,0.2118
East,M159,2020-09,4.52,0.1944
West,M159,2020-09,4.18,0.2188
North,M162,2020-09,3.82,0.2054
South,M162,2020-09,6.9,0.1914
East,M162,2020-09,4.3,0.1235
West,M162,2020-09,3.83,0.1387
North,M164,2020-09,3.08,0.1629
South,M164,2020-09,5.67,0.2028
East,M164,2020-09,4.62,0.2013
West,M164,2020-09,3.47,0.0734
North,M166,2020-09,4.75,0.1774
South,M166,2020-09,5.14,0.1624
East,M166,2020-09,3.85,0.0569
West,M166,2020-09,4.25,0.249
North,M170,2020-09,,0.078
South,M170,2020-09,6.47,0.2353
East,M170,2020-09,4.33,0.1598
West,M170,2020-09,4.8,0.2017
North,M171,2020-09,4.14,0.2205
South,M171,2020-09,5.64,0.0828
East,M171,2020-09,3.02,0.0947
West,M171,2020-09,4.54,0.2474
North,M173,2020-09,3.6,0.0502
South,M173,2020-09,5.87,0.1893
East,M173,2020-09,3.55,0.1152
West,M173,2020-09,4.46,0.2193
North,M175,2020-09,4.66,0.0568
South,M175,2020-09,6.03,0.0902
East,M175,2020-09,3.97,0.1952
West,M175,2020-09,3.5,0.2489
North,M176,2020-09,5.92,0.16
South,M176,2020-09,8.04,0.0982
East,M176,2020-09,6.7,0.1535
West,M176,2020-09,7.98,0.0616
North,M177,2020-09,4.62,0.0689
South,M177,2020-09,7.56,0.1345
East,M177,2020-09,6.06,0.1044
West,M177,2020-09,6.62,0.0597
North,M178,2020-09,4.46,0.0603
South,M178,2020-09,5.77,0.1088
East,M178,2020-09,4.64,0.2075
West,M178,2020-09,7.28,0.0551
North,M179,2020-09,6.94,0.2432
South,M179,2020-09,8.48,0.1538
East,M179,2020-09,6.98,0.1382
West,M179,2020-09,8.15,0.1118
North,M180,2020-09,5.87,0.1304
South,M180,2020-09,7.49,0.1772
East,M180,2020-09,4.94,0.0709
West,M180,2020-09,6.56,0.2393
North,M183,2020-09,6.0,0.0938
South,M183,2020-09,7.02,0.12
East,M183,2020-09,5.49,0.1775
West,M183,2020-09,8.11,0.1217
North,M184,2020-09,5.24,0.2306
South,M184,2020-09,7.94,0.1207
East,M184,2020-09,5.7,0.1656
West,M184,2020-09,6.96,0.0626
North,M185,2020-09,5.82,0.1743
South,M185,2020-09,8.55,0.1957
East,M185,2020-09,5.91,0.0994
West,M185,2020-09,8.16,0.1337
North,M188,2020-09,5.16,0.0573
South,M188,2020-09,6.79,0.2183
East,M188,2020-09,5.27,0.2293
West,M188,2020-09,7.2,0.2062
North,M190,2020-09,5.78,0.0925
South,M190,2020-09,6.62,0.16
East,M190,2020-09,5.18,0.1838
West,M190,2020-09,6.7,0.07
North,M193,2020-09,5.68,0.1881
South,M193,2020-09,8.0,0.1747
East,M193,2020-09,6.66,0.0517
West,M193,2020-09,7.63,0.152
North,M196,2020-09,6.73,0.1197
South,M196,2020-09,7.09,0.1151
East,M196,2020-09,5.42,0.0711
West,M196,2020-09,8.1,0.0613
North,M197,2020-09,6.48,0.2184
South,M197,2020-09,8.24,0.2475
East,M197,2020-09,7.17,0.1617
West,M197,2020-09,8.47,0.2249
North,M198,2020-09,5.45,0.244
South,M198,2020-09,8.89,0.1376
East,M198,2020-09,5.39,0.2005
West,M198,2020-09,7.28,0.0526
North,M200,2020-09,6.62,0.1478
South,M200,2020-09,8.44,0.1787
East,M200,2020-09,6.32,0.1825
West,M200,2020-09,7.83,0.2001
North,M201,2020-09,7.81,0.131
South,M201,2020-09,8.03,0.2396
East,M201,2020-09,8.27,0.199
West,M201,2020-09,7.51,0.2031
North,M202,2020-09,5.05,0.2445
South,M202,2020-09,4.94,0.2147
East,M202,2020-09,5.4,0.1146
West,M202,2020-09,5.78,0.2396
North,M204,2020-09,6.6,0.0725
South,M204,2020-09,6.5,0.2024
East,M204,2020-09,5.66,0.1972
West,M204,2020-09,6.41,0.0964
North,M205,2020-09,5.75,0.142
South,M205,2020-09,4.59,0.2486
East,M205,2020-09,5.32,0.1327
West,M205,2020-09,5.75,0.0518
North,M206,2020-09,6.96,0.197
South,M206,2020-09,7.73,0.0947
East,M206,2020-09,6.61,0.0855
West,M206,2020-09,6.71,0.1357
North,M208,2020-09,5.12,0.1993
South,M208,2020-09,6.42,0.1876
East,M208,2020-09,6.33,0.1656
West,M208,2020-09,5.11,0.2271
North,M214,2020-09,5.16,0.1404
South,M214,2020-09,5.57,0.2261
East,M214,2020-09,5.56,0.1561
West,M214,2020-09,6.79,0.0885
North,M215,2020-09,6.31,0.0905
South,M215,2020-09,5.55,0.1854
East,M215,2020-09,6.97,0.0677
West,M215,2020-09,5.44,0.1843
North,M216,2020-09,5.98,0.1876
South,M216,2020-09,6.25,0.2371
East,M216,2020-09,6.35,0.1336
West,M216,2020-09,6.05,0.2495
North,M220,2020-09,9.77,0.1869
South,M220,2020-09,9.19,0.1439
East,M220,2020-09,10.0,0.189
West,M220,2020-09,9.33,0.2482
North,M221,2020-09,5.84,0.1721
South,M221,2020-09,5.82,0.1061
East,M221,2020-09,7.0,0.0851
West,M221,2020-09,7.39,0.1521
North,M222,2020-09,6.14,0.2029
South,M222,2020-09,6.46,0.0981
East,M222,2020-09,5.91,0.069
West,M222,2020-09,5.75,0.1236
North,M102,2020-10,6.26,0.0828
South,M102,2020-10,7.21,0.2345
East,M102,2020-10,6.61,0.0507
West,M102,2020-10,7.91,0.0949
North,M104,2020-10,5.51,0.151
South,M104,2020-10,5.97,0.1835
East,M104,2020-10,,0.2468
West,M104,2020-10,6.26,0.2402
North,M107,2020-10,6.97,0.2157
South,M107,2020-10,7.25,0.1808
East,M107,2020-10,6.43,0.1978
West,M107,2020-10,6.98,0.0845
North,M108,2020-10,6.37,0.1127
South,M108,2020-10,5.87,0.1096
East,M108,2020-10,6.06,0.1548
West,M108,2020-10,7.03,0.0922
North,M109,2020-10,7.47,0.1589
South,M109,2020-10,6.67,0.1802
East,M109,2020-10,6.89,0.225
West,M109,2020-10,6.74,0.1293
North,M110,2020-10,7.28,0.1087
South,M110,2020-10,6.88,0.1988
East,M110,2020-10,8.73,0.2039
West,M110,2020-10,7.26,0.2281
North,M114,2020-10,9.12,0.2151
South,M114,2020-10,9.07,0.1499
East,M114,2020-10,9.64,0.1366
West,M114,2020-10,10.0,0.1804
North,M115,2020-10,6.98,0.0569
South,M115,2020-10,8.42,0.2401
East,M115,2020-10,6.73,0.2037
West,M115,2020-10,7.4,0.2442
North,M117,2020-10,7.13,0.1136
South,M117,2020-10,6.22,0.1567
East,M117,2020-10,6.74,0.2353
West,M117,2020-10,7.98,0.229
North,M120,2020-10,6.78,0.0708
South,M120,2020-10,6.08,0.1354
East,M120,2020-10,6.15,0.2048
West,M120,2020-10,7.57,0.2081
North,M123,2020-10,5.8,0.0512
South,M123,2020-10,6.27,0.0708
East,M123,2020-10,5.95,0.0899
West,M123,2020-10,7.09,0.2318
North,M126,2020-10,7.99,0.0768
South,M126,2020-10,5.43,0.0548
East,M126,2020-10,7.33,0.1589
West,M126,2020-10,5.45,0.236
North,M129,2020-10,8.71,0.0652
South,M129,2020-10,5.86,0.2322
East,M129,2020-10,7.56,0.2048
West,M129,2020-10,6.31,0.1985
North,M130,2020-10,7.62,0.0653
South,M130,2020-10,4.46,0.1874
East,M130,2020-10,7.44,0.125
West,M130,2020-10,4.66,0.0551
North,M132,2020-10,8.65,0.0561
South,M132,2020-10,6.74,0.1005
East,M132,2020-10,8.64,0.1814
West,M132,2020-10,7.44,0.0661
North,M134,2020-10,6.6,0.1214
South,M134,2020-10,5.62,0.1626
East,M134,2020-10,7.29,0.0832
West,M134,2020-10,5.65,0.0813
North,M136,2020-10,8.66,0.2416
South,M136,2020-10,6.97,0.2072
East,M136,2020-10,7.38,0.2219
West,M136,2020-10,6.53,0.2189
North,M138,2020-10,8.78,0.074
South,M138,2020-10,6.81,0.136
East,M138,2020-10,7.7,0.1155
West,M138,2020-10,5.29,0.2474
North,M139,2020-10,6.67,0.17
South,M139,2020-10,5.15,0.0977
East,M139,2020-10,6.89,0.2001
West,M139,2020-10,5.42,0.0837
North,M140,2020-10,8.07,0.0804
South,M140,2020-10,7.54,0.1512
East,M140,2020-10,8.13,0.2325
West,M140,2020-10,7.49,0.218
North,M141,2020-10,7.76,0.1014
South,M141,2020-10,6.19,0.0809
East,M141,2020-10,8.26,0.1975
West,M141,2020-10,5.04,0.0553
North,M142,2020-10,7.04,0.0692
South,M142,2020-10,5.66,0.2159
East,M142,2020-10,7.4,0.1139
West,M142,2020-10,4.59,0.2008
North,M148,2020-10,6.99,0.221
South,M148,2020-10,6.05,0.0555
East,M148,2020-10,7.08,0.2323
West,M148,2020-10,5.66,0.0619
North,M149,2020-10,7.18,0.1014
South,M149,2020-10,6.36,0.0714
East,M149,2020-10,7.22,0.2379
West,M149,2020-10,,0.0901
North,M151,2020-10,3.17,0.1859
South,M151,2020-10,5.32,0.2396
East,M151,2020-10,3.45,0.1474
West,M151,2020-10,3.08,0.1056
North,M153,2020-10,4.05,0.051
South,M153,2020-10,5.5,0.1959
East,M153,2020-10,4.83,0.209
West,M153,2020-10,3.82,0.1617
North,M155,2020-10,4.27,0.1534
South,M155,2020-10,5.49,0.1211
East,M155,2020-10,4.9,0.1857
West,M155,2020-10,4.36,0.1112
North,M157,2020-10,4.22,0.0734
South,M157,2020-10,4.92,0.2048
East,M157,2020-10,3.72,0.1247
West,M157,2020-10,4.44,0.1621
North,M158,2020-10,5.14,0.0934
South,M158,2020-10,6.64,0.1301
East,M158,2020-10,4.29,0.0799
West,M158,2020-10,4.92,0.0997
North,M159,2020-10,4.41,0.1035
South,M159,2020-10,7.36,0.153
East,M159,2020-10,5.43,0.0918
West,M159,2020-10,5.17,0.0981
North,M162,2020-10,3.81,0.2265
South,M162,2020-10,5.7,0.1575
East,M162,2020-10,3.77,0.2112
West,M162,2020-10,4.75,0.1081
North,M164,2020-10,4.43,0.1008
South,M164,2020-10,5.98,0.194
East,M164,2020-10,3.61,0.1955
West,M164,2020-10,3.1,0.1399
North,M166,2020-10,4.27,0.1677
South,M166,2020-10,6.53,0.1334
East,M166,2020-10,4.41,0.1229
West,M166,2020-10,4.93,0.1173
North,M170,2020-10,3.81,0.1719
South,M170,2020-10,4.77,0.1827
East,M170,2020-10,4.39,0.1186
West,M170,2020-10,3.26,0.1583
North,M171,2020-10,4.57,0.2345
South,M171,2020-10,5.65,0.1087
East,M171,2020-10,3.09,0.2433
West,M171,2020-10,3.5,0.1056
North,M173,2020-10,3.6,0.1927
South,M173,2020-10,5.37,0.1869
East,M173,2020-10,4.49,0.1824
West,M173,2020-10,4.77,0.1349
North,M175,2020-10,5.16,0.1274
South,M175,2020-10,6.27,0.132
East,M175,2020-10,3.93,0.0564
West,M175,2020-10,4.39,0.2493
North,M176,2020-10,6.83,0.2366
South,M176,2020-10,6.71,0.1155
East,M176,2020-10,5.95,0.2164
West,M176,2020-10,7.6,0.204
North,M177,2020-10,5.76,0.1481
South,M177,2020-10,6.48,0.1568
East,M177,2020-10,4.82,0.1017
West,M177,2020-10,7.27,0.1749
North,M178,2020-10,5.03,0.1084
South,M178,2020-10,6.97,0.2499
East,M178,2020-10,5.78,0.0887
West,M178,2020-10,6.96,0.209
North,M179,2020-10,5.59,0.0906
South,M179,2020-10,7.76,0.1307
East,M179,2020-10,6.15,0.0747
West,M179,2020-10,8.21,0.1011
North,M180,2020-10,6.37,0.1042
South,M180,2020-10,,0.1993
East,M180,2020-10,5.49,0.1239
West,M180,2020-10,6.53,0.2223
North,M183,2020-10,5.72,0.1125
South,M183,2020-10,8.65,0.2484
East,M183,2020-10,6.45,0.1548
West,M183,2020-10,7.42,0.1507
North,M184,2020-10,6.65,0.1111
South,M184,2020-10,7.22,0.1035
East,M184,2020-10,6.84,0.1651
West,M184,2020-10,7.8,0.2228
North,M185,2020-10,5.5,0.2339
South,M185,2020-10,7.8,0.1322
East,M185,2020-10,6.54,0.2484
West,M185,2020-10,7.73,0.1517
North,M188,2020-10,6.15,0.1904
South,M188,2020-10,7.73,0.0987
East,M188,2020-10,5.81,0.2321
West,M188,2020-10,7.53,0.2448
North,M190,2020-10,5.74,0.1795
South,M190,2020-10,6.74,0.1886
East,M190,2020-10,5.24,0.1148
West,M190,2020-10,,0.177
North,M191,2020-10,9.45,0.1901
South,M191,2020-10,10.0,0.0816
East,M191,2020-10,9.25,0.0593
West,M191,2020-10,10.0,0.1318
North,M193,2020-10,6.23,0.1204
South,M193,2020-10,8.01,0.1376
East,M193,2020-10,7.42,0.1651
West,M193,2020-10,8.46,0.0705
North,M196,2020-10,5.89,0.1152
South,M196,2020-10,7.35,0.1091
East,M196,2020-10,7.03,0.1639
West,M196,2020-10,7.75,0.1088
North,M197,2020-10,6.48,0.1474
South,M197,2020-10,8.5,0.0771
East,M197,2020-10,7.18,0.1377
West,M197,2020-10,7.35,0.0993
North,M198,2020-10,5.59,0.2483
South,M198,2020-10,8.21,0.1118
East,M198,2020-10,6.29,0.0752
West,M198,2020-10,7.9,0.1268
North,M200,2020-10,6.28,0.0815
South,M200,2020-10,8.24,0.1372
East,M200,2020-10,5.39,0.0715
West,M200,2020-10,8.35,0.0566
North,M128,2022-07,9.59,-0.0371
South,M128,2022-07,6.41,0.1242
East,M128,2022-07,8.91,-0.023
West,M128,2022-07,7.48,0.1131
North,M129,2022-07,7.25,0.0371
South,M129,2022-07,6.19,-0.0491
East,M129,2022-07,6.29,0.0055
West,M129,2022-07,5.51,0.0883
North,M131,2022-07,7.89,-0.0057
South,M131,2022-07,5.65,0.1433
East,M131,2022-07,8.56,0.0433
West,M131,2022-07,6.54,0.1279
North,M132,2022-07,6.97,-0.0436
South,M132,2022-07,5.43,-0.0269
East,M132,2022-07,7.25,0.1215
West,M132,2022-07,6.28,0.062
North,M136,2022-07,6.18,0.0245
South,M136,2022-07,4.88,-0.044
East,M136,2022-07,5.61,0.0831
West,M136,2022-07,,0.1428
North,M138,2022-07,6.3,-0.0428
South,M138,2022-07,5.17,0.1096
East,M138,2022-07,6.56,-0.0118
West,M138,2022-07,6.23,0.1175
North,M140,2022-07,8.32,0.0368
South,M140,2022-07,5.03,0.0623
East,M140,2022-07,7.58,-0.0007
West,M140,2022-07,5.55,0.0796
North,M141,2022-07,6.24,0.0232
South,M141,2022-07,5.02,0.0675
East,M141,2022-07,7.08,0.0226
West,M141,2022-07,5.78,0.1255
North,M143,2022-07,7.72,-0.0366
South,M143,2022-07,7.28,-0.0104
East,M143,2022-07,8.75,0.1236
West,M143,2022-07,6.38,-0.0368
North,M144,2022-07,9.56,-0.0181
South,M144,2022-07,5.99,0.1027
East,M144,2022-07,8.36,-0.0346
West,M144,2022-07,5.89,0.1332
North,M146,2022-07,8.79,0.1125
South,M146,2022-07,5.6,0.0023
East,M146,2022-07,9.01,0.0983
West,M146,2022-07,6.37,-0.0495
North,M149,2022-07,5.9,-0.0164
South,M149,2022-07,5.33,0.0617
East,M149,2022-07,5.9,0.0611
West,M149,2022-07,5.65,-0.0007
North,M153,2022-07,4.17,0.0608
South,M153,2022-07,5.79,0.0955
East,M153,2022-07,4.1,-0.0228
West,M153,2022-07,3.43,0.1008
North,M154,2022-07,,-0.0472
South,M154,2022-07,6.71,0.0584
East,M154,2022-07,4.33,0.0159
West,M154,2022-07,4.45,-0.0416
North,M156,2022-07,1.2,-0.0067
South,M156,2022-07,3.26,0.1488
East,M156,2022-07,2.06,0.089
West,M156,2022-07,2.74,0.1462
North,M158,2022-07,4.06,0.0783
South,M158,2022-07,5.72,0.1121
East,M158,2022-07,3.83,-0.0131
West,M158,2022-07,2.85,-0.0363
North,M159,2022-07,3.61,0.0107
South,M159,2022-07,4.53,0.0773
East,M159,2022-07,3.11,0.0081
West,M159,2022-07,3.64,0.0344
North,M160,2022-07,4.04,-0.0202
South,M160,2022-07,6.93,0.0632
East,M160,2022-07,5.25,-0.0183
West,M160,2022-07,4.44,0.0744
North,M163,2022-07,5.05,0.0027
South,M163,2022-07,7.18,0.0698
East,M163,2022-07,5.09,0.1224
West,M163,2022-07,3.7,-0.0342
North,M172,2022-07,5.6,0.0239
South,M172,2022-07,8.06,0.0931
East,M172,2022-07,5.65,0.0281
West,M172,2022-07,4.89,0.0525
North,M175,2022-07,4.04,0.146
South,M175,2022-07,7.28,0.0106
East,M175,2022-07,5.7,0.1008
West,M175,2022-07,4.43,0.0041
North,M176,2022-07,1.44,0.1251
South,M176,2022-07,3.36,0.0146
East,M176,2022-07,2.95,-0.0246
West,M176,2022-07,2.4,-0.0205
North,M180,2022-07,4.64,0.1464
South,M180,2022-07,7.21,-0.0312
East,M180,2022-07,4.47,-0.0065
West,M180,2022-07,7.11,0.118
North,M182,2022-07,6.55,0.0141
South,M182,2022-07,7.29,-0.0473
East,M182,2022-07,5.64,0.0653
West,M182,2022-07,7.12,0.0536
North,M183,2022-07,4.91,0.1351
South,M183,2022-07,7.15,0.0448
East,M183,2022-07,5.23,0.1356
West,M183,2022-07,5.71,0.0367
North,M185,2022-07,5.4,-0.0108
South,M185,2022-07,6.78,0.033
East,M185,2022-07,4.92,0.0877
West,M185,2022-07,6.32,-0.0028
North,M186,2022-07,6.82,-0.0039
South,M186,2022-07,7.27,0.0726
East,M186,2022-07,6.43,0.0189
West,M186,2022-07,7.44,0.117
North,M189,2022-07,6.76,-0.0435
South,M189,2022-07,8.46,0.1144
East,M189,2022-07,6.81,-0.0465
West,M189,2022-07,8.37,0.0856
North,M191,2022-07,4.79,0.0092
South,M191,2022-07,7.9,0.0998
East,M191,2022-07,6.06,0.0035
West,M191,2022-07,6.62,-0.0073
North,M192,2022-07,5.14,0.0785
South,M192,2022-07,7.82,-0.0439
East,M192,2022-07,5.38,0.0972
West,M192,2022-07,6.68,0.1176
North,M193,2022-07,5.91,0.1213
South,M193,2022-07,7.04,0.0344
East,M193,2022-07,5.39,0.0441
West,M193,2022-07,7.06,-0.0397
North,M195,2022-07,7.41,0.1245
South,M195,2022-07,7.78,0.0519
East,M195,2022-07,6.05,0.0616
West,M195,2022-07,7.98,0.0785
North,M197,2022-07,5.27,0.1072
South,M197,2022-07,7.22,-0.0123
East,M197,2022-07,6.24,-0.0215
West,M197,2022-07,6.37,0.1382
North,M198,2022-07,4.23,0.022
South,M198,2022-07,6.74,0.104
East,M198,2022-07,4.88,0.0392
West,M198,2022-07,5.89,-0.0287
North,M199,2022-07,6.63,0.0189
South,M199,2022-07,6.71,0.0064
East,M199,2022-07,5.64,-0.0045
West,M199,2022-07,7.28,0.0665
North,M200,2022-07,5.19,0.0478
South,M200,2022-07,7.41,-0.0147
East,M200,2022-07,5.96,0.1092
West,M200,2022-07,6.32,0.0876
North,M203,2022-07,7.3,0.0621
South,M203,2022-07,6.65,0.0688
East,M203,2022-07,6.81,0.1261
West,M203,2022-07,7.06,0.1159
North,M204,2022-07,5.89,0.0181
South,M204,2022-07,4.79,-0.02
East,M204,2022-07,6.48,0.0315
West,M204,2022-07,6.23,0.0908
North,M206,2022-07,5.27,0.0323
South,M206,2022-07,6.3,0.0551
East,M206,2022-07,5.91,0.1023
West,M206,2022-07,5.36,0.0935
North,M207,2022-07,6.61,-0.005
South,M207,2022-07,6.27,0.0081
East,M207,2022-07,6.4,0.0672
West,M207,2022-07,6.53,0.0925
North,M210,2022-07,8.0,-0.0041
South,M210,2022-07,8.59,-0.0397
East,M210,2022-07,8.56,0.0489
West,M210,2022-07,8.47,0.0849
North,M211,2022-07,5.6,0.0258
South,M211,2022-07,6.25,0.142
East,M211,2022-07,6.48,0.0858
West,M211,2022-07,5.73,0.0608
North,M212,2022-07,6.84,0.1089
South,M212,2022-07,5.62,0.079
East,M212,2022-07,5.62,0.0985
West,M212,2022-07,5.93,0.0836
North,M213,2022-07,6.63,0.0139
South,M213,2022-07,6.08,0.018
East,M213,2022-07,5.94,0.101
West,M213,2022-07,5.52,0.0391
North,M215,2022-07,5.16,0.1482
South,M215,2022-07,3.92,-0.0497
East,M215,2022-07,4.42,0.053
West,M215,2022-07,4.86,-0.0187
North,M218,2022-07,5.35,0.13
South,M218,2022-07,5.58,0.0885
East,M218,2022-07,6.91,0.0908
West,M218,2022-07,5.25,0.0533
North,M219,2022-07,7.12,0.0191
South,M219,2022-07,6.33,-0.0189
East,M219,2022-07,6.08,-0.0066
West,M219,2022-07,7.24,0.1386
North,M220,2022-07,5.31,0.0427
South,M220,2022-07,6.01,0.0495
East,M220,2022-07,5.08,0.1074
West,M220,2022-07,4.91,0.1038
North,M221,2022-07,4.99,-0.0404
South,M221,2022-07,,0.0918
East,M221,2022-07,5.11,0.0014
West,M221,2022-07,4.87,0.0759
North,M223,2022-07,6.9,0.052
South,M223,2022-07,7.44,0.1381
East,M223,2022-07,7.51,0.0463
West,M223,2022-07,6.05,0.1275
North,M225,2022-07,6.94,0.0495
South,M225,2022-07,6.32,0.1087
East,M225,2022-07,6.77,0.0419
West,M225,2022-07,6.48,0.1036
North,M103,2022-08,7.55,0.0813
South,M103,2022-08,7.3,-0.0399
East,M103,2022-08,7.12,0.0274
West,M103,2022-08,8.79,0.0243
North,M105,2022-08,8.79,0.0564
South,M105,2022-08,9.96,0.0479
East,M105,2022-08,,0.1439
West,M105,2022-08,10.0,0.0822
North,M107,2022-08,5.46,0.0805
South,M107,2022-08,5.7,0.0272
East,M107,2022-08,7.0,0.0857
West,M107,2022-08,6.99,0.0258
North,M110,2022-08,5.82,0.1077
South,M110,2022-08,5.71,0.1364
East,M110,2022-08,5.52,-0.0148
West,M110,2022-08,7.23,0.0289
North,M112,2022-08,6.36,0.1235
South,M112,2022-08,5.84,0.0759
East,M112,2022-08,7.44,0.1484
West,M112,2022-08,6.2,0.0804
North,M114,2022-08,5.45,0.1351
South,M114,2022-08,6.64,0.0858
East,M114,2022-08,5.83,0.0521
West,M114,2022-08,6.79,0.112
North,M115,2022-08,6.74,0.0101
South,M115,2022-08,6.87,-0.0091
East,M115,2022-08,6.36,0.1284
West,M115,2022-08,5.44,0.0959
North,M116,2022-08,7.61,0.0762
South,M116,2022-08,7.32,-0.018
East,M116,2022-08,7.95,0.1031
West,M116,2022-08,7.3,0.0588
North,M120,2022-08,5.95,-0.0378
South,M120,2022-08,5.79,0.067
East,M120,2022-08,6.61,0.1471
West,M120,2022-08,6.46,0.0268
North,M127,2022-08,9.33,0.0151
South,M127,2022-08,7.18,0.1144
East,M127,2022-08,8.76,-0.0245
West,M127,2022-08,6.27,0.1151
North,M128,2022-08,8.33,0.0519
South,M128,2022-08,6.24,0.0341
East,M128,2022-08,8.22,0.1016
West,M128,2022-08,7.54,0.0219
North,M129,2022-08,6.38,0.0984
South,M129,2022-08,5.92,-0.0154
East,M129,2022-08,6.67,0.0945
West,M129,2022-08,4.64,-0.033
North,M131,2022-08,7.73,0.0229
South,M131,2022-08,6.16,-0.006
East,M131,2022-08,7.59,0.0882
West,M131,2022-08,5.69,-0.0448
North,M132,2022-08,8.13,-0.0489
South,M132,2022-08,5.84,0.0594
East,M132,2022-08,7.89,0.1357
West,M132,2022-08,6.1,-0.0213
North,M136,2022-08,7.52,0.0496
South,M136,2022-08,4.99,0.0201
East,M136,2022-08,7.62,0.0101
West,M136,2022-08,6.13,0.0828
North,M138,2022-08,7.69,0.0325
South,M138,2022-08,5.73,0.041
East,M138,2022-08,6.29,-0.0295
West,M138,2022-08,4.39,0.1497
North,M140,2022-08,7.67,-0.0401
South,M140,2022-08,5.3,0.046
East,M140,2022-08,6.58,0.1371
West,M140,2022-08,4.91,0.0855
North,M141,2022-08,6.55,0.014
South,M141,2022-08,,0.1309
East,M141,2022-08,6.58,0.0341
West,M141,2022-08,5.16,0.002
North,M143,2022-08,8.54,-0.0076
South,M143,2022-08,6.63,0.0596
East,M143,2022-08,8.39,0.0268
West,M143,2022-08,6.84,0.0161
North,M144,2022-08,9.74,0.1134
South,M144,2022-08,6.71,0.0317
East,M144,2022-08,8.32,0.0654
West,M144,2022-08,7.54,0.1231
North,M146,2022-08,8.64,-0.0159
South,M146,2022-08,5.58,0.019
East,M146,2022-08,7.62,-0.0087
West,M146,2022-08,7.12,0.0077
North,M147,2022-08,8.7,-0.0171
South,M147,2022-08,,0.1317
East,M147,2022-08,8.09,0.1003
West,M147,2022-08,6.04,0.1318
North,M149,2022-08,6.71,-0.0348
South,M149,2022-08,4.78,0.0402
East,M149,2022-08,7.54,-0.0468
West,M149,2022-08,5.13,0.0134
North,M153,2022-08,2.7,0.0378
South,M153,2022-08,4.63,-0.0036
East,M153,2022-08,3.34,0.0382
West,M153,2022-08,3.53,0.0401
North,M154,2022-08,3.88,0.0866
South,M154,2022-08,5.9,0.0224
East,M154,2022-08,3.51,0.0763
West,M154,2022-08,4.35,0.0028
North,M156,2022-08,5.08,0.0281
South,M156,2022-08,7.36,0.0629
East,M156,2022-08,3.86,0.0455
West,M156,2022-08,4.46,0.078
North,M158,2022-08,2.8,0.0048
South,M158,2022-08,5.19,0.1305
East,M158,2022-08,2.79,0.0742
West,M158,2022-08,4.5,0.1165
North,M159,2022-08,3.85,0.0685
South,M159,2022-08,6.0,-0.0058
East,M159,2022-08,4.37,-0.0419
West,M159,2022-08,4.46,0.0147
North,M160,2022-08,3.33,0.0979
South,M160,2022-08,6.12,0.0601
East,M160,2022-08,3.87,0.0635
West,M160,2022-08,4.45,0.1351
North,M163,2022-08,3.93,0.0815
South,M163,2022-08,7.04,-0.0231
East,M163,2022-08,4.57,0.1267
West,M163,2022-08,3.46,0.0313
North,M169,2022-08,4.32,0.1083
South,M169,2022-08,7.78,0.139
East,M169,2022-08,4.48,0.0671
West,M169,2022-08,4.93,0.1495
North,M172,2022-08,4.15,0.0908
South,M172,2022-08,7.2,0.0551
East,M172,2022-08,4.96,0.015
West,M172,2022-08,4.78,0.0604
North,M175,2022-08,4.45,0.1468
South,M175,2022-08,5.57,-0.0005
East,M175,2022-08,4.06,-0.0061
West,M175,2022-08,4.17,-0.0005
North,M176,2022-08,5.05,-0.0446
South,M176,2022-08,6.47,0.0497
East,M176,2022-08,5.8,0.1452
West,M176,2022-08,7.05,0.0872
North,M180,2022-08,4.44,0.0824
South,M180,2022-08,5.96,0.0299
East,M180,2022-08,5.75,0.0959
West,M180,2022-08,7.01,0.0873
North,M182,2022-08,4.6,-0.0037
South,M182,2022-08,6.32,0.031
East,M182,2022-08,4.86,0.0191
West,M182,2022-08,6.73,0.0742
North,M183,2022-08,5.81,0.0351
South,M183,2022-08,6.08,0.0139
East,M183,2022-08,5.64,0.1414
West,M183,2022-08,7.73,0.0056
North,M185,2022-08,5.42,0.0933
South,M185,2022-08,6.61,0.0606
East,M185,2022-08,5.49,0.0843
West,M185,2022-08,6.04,0.0924
North,M186,2022-08,6.73,0.1113
South,M186,2022-08,7.48,0.0177
East,M186,2022-08,6.45,0.0543
West,M186,2022-08,8.49,-0.0434
North,M189,2022-08,6.2,-0.0452
South,M189,2022-08,7.03,-0.0409
East,M189,2022-08,6.5,-0.037
West,M189,2022-08,7.12,0.0276
North,M191,2022-08,4.9,-0.0444
South,M191,2022-08,7.63,0.1389
East,M191,2022-08,6.29,0.0638
West,M191,2022-08,7.39,-0.0277
North,M192,2022-08,6.83,-0.0159
South,M192,2022-08,6.51,0.0459
East,M192,2022-08,4.88,0.0877
West,M192,2022-08,7.48,0.0558
North,M193,2022-08,5.47,0.0619
South,M193,2022-08,7.12,0.1456
East,M193,2022-08,5.26,0.0532
West,M193,2022-08,6.0,-0.0102
North,M195,2022-08,6.71,0.0328
South,M195,2022-08,9.51,0.0243
East,M195,2022-08,7.78,0.0398
West,M195,2022-08,8.13,0.1082
North,M197,2022-08,4.84,0.0137
South,M197,2022-08,7.07,0.1277
East,M197,2022-08,5.23,0.0208
West,M197,2022-08,5.6,0.0156
North,M198,2022-08,5.88,0.0802
South,M198,2022-08,7.01,-0.0448
East,M198,2022-08,5.31,0.0151
West,M198,2022-08,6.43,0.0469
North,M199,2022-08,5.35,0.0445
South,M199,2022-08,6.5,-0.0194
East,M199,2022-08,6.64,0.0073
West,M199,2022-08,6.94,0.097
North,M200,2022-08,6.48,-0.0011
South,M200,2022-08,6.82,0.0842
East,M200,2022-08,5.46,-0.0271
West,M200,2022-08,6.69,0.0265
North,M203,2022-08,6.36,0.0069
South,M203,2022-08,6.9,0.0809
East,M203,2022-08,5.58,0.1159
West,M203,2022-08,6.16,0.1398
North,M204,2022-08,5.33,0.0752
South,M204,2022-08,4.27,0.0641
East,M204,2022-08,5.59,0.0269
West,M204,2022-08,5.44,-0.0016
North,M206,2022-08,5.24,0.0892
South,M206,2022-08,6.16,0.1391
East,M206,2022-08,6.21,0.0811
West,M206,2022-08,4.79,0.0086
North,M207,2022-08,2.1,0.0226
South,M207,2022-08,3.36,-0.0305
East,M207,2022-08,1.89,-0.0029
West,M207,2022-08,1.95,0.0094
North,M210,2022-08,6.28,0.0044
South,M210,2022-08,6.26,0.0761
East,M210,2022-08,6.41,-0.0004
West,M210,2022-08,6.21,0.0959
North,M211,2022-08,5.02,0.1314
South,M211,2022-08,5.92,0.0903
East,M211,2022-08,6.24,0.1236
West,M211,2022-08,5.58,0.0492
North,M212,2022-08,5.74,0.0103
South,M212,2022-08,6.78,0.0977
East,M212,2022-08,5.51,0.139
West,M212,2022-08,5.83,-0.0472
North,M213,2022-08,6.36,0.1275
South,M213,2022-08,7.12,0.1322
East,M213,2022-08,5.38,-0.004
West,M213,2022-08,6.43,0.0705
North,M215,2022-08,5.5,0.023
South,M215,2022-08,4.34,0.0022
East,M215,2022-08,4.96,0.0239
West,M215,2022-08,4.6,0.0198
North,M218,2022-08,5.96,0.0305
South,M218,2022-08,6.12,0.1041
East,M218,2022-08,5.44,0.1273
West,M218,2022-08,5.83,0.0991
North,M219,2022-08,6.65,0.006
South,M219,2022-08,5.55,0.0628
East,M219,2022-08,6.49,-0.0261
West,M219,2022-08,7.28,-0.0321
North,M220,2022-08,5.5,0.1366
South,M220,2022-08,4.9,0.0265
East,M220,2022-08,6.71,0.1169
West,M220,2022-08,6.37,0.1293
North,M221,2022-08,4.69,0.0025
South,M221,2022-08,4.23,0.0022
East,M221,2022-08,5.96,0.05
West,M221,2022-08,5.29,0.1083
North,M223,2022-08,7.11,0.1472
South,M223,2022-08,6.14,0.1179
East,M223,2022-08,7.23,-0.0062
West,M223,2022-08,7.09,-0.0411
North,M225,2022-08,6.54,0.0357
South,M225,2022-08,5.39,0.0595
East,M225,2022-08,5.73,0.0284
West,M225,2022-08,6.0,0.1298
North,M103,2022-09,8.25,-0.0495
South,M103,2022-09,8.22,0.0852
East,M103,2022-09,7.24,0.1026
West,M103,2022-09,7.16,0.0371
North,M105,2022-09,6.81,0.0065
South,M105,2022-09,7.22,-0.0327
East,M105,2022-09,6.96,0.036
West,M105,2022-09,6.87,0.0567
North,M110,2022-09,7.44,0.022
South,M110,2022-09,,0.0834
East,M110,2022-09,6.11,0.1435
West,M110,2022-09,6.29,0.0462
North,M112,2022-09,5.87,0.0582
South,M112,2022-09,7.14,0.0048
East,M112,2022-09,7.61,0.0894
West,M112,2022-09,6.74,-0.0197
North,M114,2022-09,5.38,0.0885
South,M114,2022-09,5.37,0.0477
East,M114,2022-09,6.88,-0.0004
West,M114,2022-09,5.82,-0.0005
North,M115,2022-09,5.65,0.0398
South,M115,2022-09,7.17,0.0083
East,M115,2022-09,7.1,0.0513
West,M115,2022-09,6.36,0.0769
North,M116,2022-09,6.71,0.1439
South,M116,2022-09,7.4,0.0088
East,M116,2022-09,7.49,0.0079
West,M116,2022-09,7.34,-0.0354
North,M127,2022-09,8.49,0.127
South,M127,2022-09,5.97,0.0955
East,M127,2022-09,9.43,0.0021
West,M127,2022-09,7.29,-0.0491
North,M128,2022-09,10.0,0.0798
South,M128,2022-09,10.0,-0.0082
East,M128,2022-09,10.0,0.0294
West,M128,2022-09,10.0,-0.0087
North,M129,2022-09,5.75,-0.047
South,M129,2022-09,4.51,-0.0085
East,M129,2022-09,6.89,-0.0101
West,M129,2022-09,5.33,0.0829
North,M131,2022-09,8.8,-0.0469
South,M131,2022-09,5.97,0.1136
East,M131,2022-09,7.34,0.0575
West,M131,2022-09,6.91,-0.0056
North,M132,2022-09,7.31,0.1329
South,M132,2022-09,5.87,-0.0112
East,M132,2022-09,6.48,0.1271
West,M132,2022-09,6.37,0.0588
North,M136,2022-09,5.69,0.002
South,M136,2022-09,4.17,0.1107
East,M136,2022-09,5.54,0.0353
West,M136,2022-09,5.0,-0.0029
North,M138,2022-09,6.71,0.0294
South,M138,2022-09,6.25,0.1478
East,M138,2022-09,6.3,0.1226
West,M138,2022-09,5.34,-0.0236
North,M140,2022-09,8.1,-0.029
South,M140,2022-09,6.13,-0.0207
East,M140,2022-09,8.15,0.0782
West,M140,2022-09,6.45,0.0175
North,M141,2022-09,7.15,-0.0379
South,M141,2022-09,4.37,0.1233
East,M141,2022-09,6.92,0.0493
West,M141,2022-09,5.1,0.0918
North,M143,2022-09,9.24,0.0629
South,M143,2022-09,6.74,-0.0132
East,M143,2022-09,9.39,0.0337
West,M143,2022-09,6.27,-0.0071
North,M144,2022-09,8.93,0.0614
South,M144,2022-09,7.41,-0.0273
East,M144,2022-09,7.91,0.0442
West,M144,2022-09,6.18,0.1447
North,M146,2022-09,2.82,-0.0105
South,M146,2022-09,1.84,0.0706
East,M146,2022-09,4.56,-0.0396
West,M146,2022-09,3.5,0.0282
North,M147,2022-09,8.46,-0.0485
South,M147,2022-09,6.02,0.0069
East,M147,2022-09,8.24,0.1286
West,M147,2022-09,6.57,0.0569
North,M149,2022-09,6.76,-0.0038
South,M149,2022-09,5.08,0.128
East,M149,2022-09,7.58,0.1069
West,M149,2022-09,4.57,0.0407
North,M153,2022-09,3.96,0.0156
South,M153,2022-09,4.29,0.0842
East,M153,2022-09,3.95,0.1401
West,M153,2022-09,4.38,0.1267
North,M154,2022-09,3.93,0.0512
South,M154,2022-09,6.1,0.07
East,M154,2022-09,4.25,0.0451
West,M154,2022-09,4.6,-0.0153
North,M156,2022-09,5.27,-0.0067
South,M156,2022-09,6.06,0.0546
East,M156,2022-09,4.26,0.1456
West,M156,2022-09,4.6,0.006
North,M158,2022-09,4.22,0.0579
South,M158,2022-09,4.62,0.0983
East,M158,2022-09,3.88,0.0734
West,M158,2022-09,2.49,0.0388
North,M159,2022-09,3.46,-0.0344
South,M159,2022-09,5.5,0.0675
East,M159,2022-09,4.17,-0.0081
West,M159,2022-09,3.39,0.0847
North,M160,2022-09,4.46,-0.0269
South,M160,2022-09,5.4,-0.0319
East,M160,2022-09,4.53,0.1343
West,M160,2022-09,3.72,0.1198
North,M163,2022-09,3.85,0.1119
South,M163,2022-09,5.54,-0.0086
East,M163,2022-09,4.96,-0.0239
West,M163,2022-09,3.75,-0.0047
North,M169,2022-09,4.2,-0.0395
South,M169,2022-09,7.3,-0.0289
East,M169,2022-09,4.09,0.0398
West,M169,2022-09,5.17,0.0133
North,M172,2022-09,5.57,0.0169
South,M172,2022-09,6.08,0.0645
East,M172,2022-09,3.79,0.1292
West,M172,2022-09,3.75,0.1014
North,M174,2022-09,4.35,0.1096
South,M174,2022-09,6.25,0.1105
East,M174,2022-09,5.68,0.0238
West,M174,2022-09,4.63,0.0223
North,M175,2022-09,3.05,0.139
South,M175,2022-09,4.41,0.1357
East,M175,2022-09,3.58,0.0458
West,M175,2022-09,2.72,0.0153
North,M176,2022-09,4.91,0.0662
South,M176,2022-09,7.27,0.0392
East,M176,2022-09,4.95,0.0102
West,M176,2022-09,5.42,0.0497
North,M182,2022-09,4.79,0.0492
South,M182,2022-09,7.12,0.1194
East,M182,2022-09,5.39,0.1037
West,M182,2022-09,6.08,0.0132
North,M183,2022-09,4.9,0.0749
South,M183,2022-09,7.04,0.069
East,M183,2022-09,5.4,0.0957
West,M183,2022-09,6.94,0.1442
North,M185,2022-09,4.87,-0.0313
South,M185,2022-09,6.06,-0.0268
East,M185,2022-09,4.82,0.0124
West,M185,2022-09,6.27,0.0333
North,M186,2022-09,5.27,0.137
South,M186,2022-09,7.19,0.044
East,M186,2022-09,6.52,-0.0315
West,M186,2022-09,,0.032
North,M189,2022-09,6.51,0.1388
South,M189,2022-09,8.2,0.0451
East,M189,2022-09,6.94,-0.0485
West,M189,2022-09,7.13,-0.0318
North,M191,2022-09,5.57,-0.0321
South,M191,2022-09,6.03,0.0801
East,M191,2022-09,4.65,-0.0249
West,M191,2022-09,6.4,-0.0319
North,M192,2022-09,6.82,0.08
South,M192,2022-09,7.3,-0.0011
East,M192,2022-09,5.55,0.0215
West,M192,2022-09,8.07,-0.0439
North,M193,2022-09,5.34,0.1204
South,M193,2022-09,7.37,0.0082
East,M193,2022-09,4.46,-0.0385
West,M193,2022-09,7.29,0.114
North,M195,2022-09,5.89,-0.0254
South,M195,2022-09,8.98,0.1025
East,M195,2022-09,5.94,0.0915
West,M195,2022-09,8.93,0.0007
North,M197,2022-09,6.29,0.0083
South,M197,2022-09,6.41,0.005
East,M197,2022-09,5.8,-0.0042
West,M197,2022-09,7.3,0.1289
North,M198,2022-09,5.84,-0.0353
South,M198,2022-09,5.51,0.0023
East,M198,2022-09,4.19,0.1399
West,M198,2022-09,6.54,0.0756
North,M199,2022-09,5.62,0.0058
South,M199,2022-09,7.8,-0.0206
East,M199,2022-09,6.63,0.0349
West,M199,2022-09,7.07,-0.0033
North,M200,2022-09,6.01,0.0041
South,M200,2022-09,,-0.0433
East,M200,2022-09,4.76,-0.0293
West,M200,2022-09,6.78,0.1461
North,M203,2022-09,7.35,-0.0052
South,M203,2022-09,6.84,0.0986
East,M203,2022-09,7.07,0.1014
West,M203,2022-09,5.51,0.0697
North,M204,2022-09,5.61,0.0571
South,M204,2022-09,5.4,0.0142
East,M204,2022-09,5.74,0.0615
West,M204,2022-09,5.78,-0.0473
North,M206,2022-09,4.44,0.0768
South,M206,2022-09,6.16,0.0477
East,M206,2022-09,5.9,0.0035
West,M206,2022-09,4.67,0.116
North,M207,2022-09,6.97,0.0364
South,M207,2022-09,6.46,0.083
East,M207,2022-09,6.26,0.1172
West,M207,2022-09,5.98,0.0832
North,M210,2022-09,6.61,0.1225
South,M210,2022-09,5.03,0.109
East,M210,2022-09,5.36,0.1324
West,M210,2022-09,5.16,0.0296
North,M211,2022-09,5.61,0.0789
South,M211,2022-09,5.94,0.0629
East,M211,2022-09,5.12,0.1376
West,M211,2022-09,4.53,0.1343
North,M212,2022-09,5.73,0.0034
South,M212,2022-09,6.89,0.0511
East,M212,2022-09,6.22,0.1258
West,M212,2022-09,6.64,0.0076
North,M213,2022-09,8.97,-0.0319
South,M213,2022-09,8.81,0.1125
East,M213,2022-09,9.56,0.0773
West,M213,2022-09,9.98,0.0979
North,M215,2022-09,5.22,0.0723
South,M215,2022-09,5.22,0.0971
East,M215,2022-09,5.51,0.1098
West,M215,2022-09,4.38,0.142
North,M218,2022-09,6.61,0.0665
South,M218,2022-09,6.17,-0.0203
East,M218,2022-09,6.62,-0.0017
West,M218,2022-09,5.13,0.0472
North,M219,2022-09,,0.088
South,M219,2022-09,7.18,0.0188
East,M219,2022-09,7.02,0.0349
West,M219,2022-09,6.89,0.1416
North,M220,2022-09,5.23,0.1082
South,M220,2022-09,5.7,-0.0123
East,M220,2022-09,5.11,-0.0035
West,M220,2022-09,5.69,0.1316
North,M221,2022-09,4.4,0.0945
South,M221,2022-09,4.22,-0.0431
East,M221,2022-09,5.39,0.0022
West,M221,2022-09,4.94,-0.0369
North,M223,2022-09,6.7,0.0185
South,M223,2022-09,7.23,0.1493
East,M223,2022-09,5.55,0.1087
West,M223,2022-09,5.73,0.0782
North,M225,2022-09,6.96,0.0649
South,M225,2022-09,5.86,0.0868
East,M225,2022-09,6.13,0.1436
West,M225,2022-09,6.36,0.0843
North,M103,2022-10,7.15,0.067
South,M103,2022-10,7.69,0.0943
East,M103,2022-10,6.98,0.107
West,M103,2022-10,6.93,-0.033
North,M105,2022-10,7.24,0.1276
South,M105,2022-10,6.75,-0.0399
East,M105,2022-10,6.66,0.0246
West,M105,2022-10,8.13,0.1237
North,M110,2022-10,6.33,0.1409
South,M110,2022-10,7.19,0.0923
East,M110,2022-10,7.27,-0.0221
West,M110,2022-10,6.98,0.1212
North,M112,2022-10,7.67,0.1071
South,M112,2022-10,6.9,0.0908
East,M112,2022-10,7.46,0.1036
West,M112,2022-10,7.38,-0.0086
North,M114,2022-10,6.46,0.046
South,M114,2022-10,6.77,0.0624
East,M114,2022-10,5.68,0.0459
West,M114,2022-10,5.14,0.1475
North,M115,2022-10,5.75,0.0608
South,M115,2022-10,5.18,0.0532
East,M115,2022-10,6.14,-0.0082
West,M115,2022-10,5.04,-0.0036
North,M116,2022-10,8.09,0.0103
South,M116,2022-10,7.67,0.1073
East,M116,2022-10,7.85,-0.0105
West,M116,2022-10,7.51,0.0375
North,M127,2022-10,9.12,-0.0253
South,M127,2022-10,6.1,-0.0378
East,M127,2022-10,8.14,-0.0162
West,M127,2022-10,7.33,-0.0438
North,M128,2022-10,9.2,-0.0469
South,M128,2022-10,6.17,0.0212
East,M128,2022-10,8.79,-0.024
West,M128,2022-10,5.94,0.0947
North,M131,2022-10,8.4,-0.0445
South,M131,2022-10,6.31,0.0804
East,M131,2022-10,7.53,-0.0384
West,M131,2022-10,7.06,0.057
North,M132,2022-10,7.37,0.0607
South,M132,2022-10,5.01,0.0473
East,M132,2022-10,7.09,0.1484
West,M132,2022-10,5.53,0.0142
North,M137,2022-10,9.72,-0.0067
South,M137,2022-10,6.01,0.0263
East,M137,2022-10,8.85,-0.0378
West,M137,2022-10,7.72,-0.0074
North,M138,2022-10,7.37,0.0646
South,M138,2022-10,6.02,0.0894
East,M138,2022-10,7.56,0.0681
West,M138,2022-10,4.72,0.069
North,M140,2022-10,6.88,0.1182
South,M140,2022-10,4.82,0.0475
East,M140,2022-10,7.15,-0.0483
West,M140,2022-10,6.2,0.0762
North,M141,2022-10,6.09,0.1122
South,M141,2022-10,5.29,0.1292
East,M141,2022-10,6.24,0.0535
West,M141,2022-10,4.22,-0.0307
North,M143,2022-10,7.48,0.1448
South,M143,2022-10,5.84,0.0618
East,M143,2022-10,8.98,0.022
West,M143,2022-10,6.82,0.1036
North,M144,2022-10,9.28,0.0651
South,M144,2022-10,6.67,0.1282
East,M144,2022-10,8.16,0.0382
West,M144,2022-10,6.73,0.1129
North,M146,2022-10,9.02,0.0996
South,M146,2022-10,5.26,0.0597
East,M146,2022-10,8.37,0.1194
West,M146,2022-10,5.81,0.0142
North,M147,2022-10,9.39,0.0637
South,M147,2022-10,7.08,0.12
East,M147,2022-10,8.63,0.1368
West,M147,2022-10,6.1,0.0153
North,M149,2022-10,6.62,0.0988
South,M149,2022-10,5.21,0.1149
East,M149,2022-10,6.1,-0.0129
West,M149,2022-10,5.71,0.1353
North,M153,2022-10,3.71,0.1447
South,M153,2022-10,5.82,0.0832
East,M153,2022-10,3.28,0.0061
West,M153,2022-10,3.56,-0.0266
North,M154,2022-10,4.17,0.0132
South,M154,2022-10,6.83,-0.0429
East,M154,2022-10,5.35,0.1269
West,M154,2022-10,5.11,0.1246
North,M156,2022-10,3.92,-0.0396
South,M156,2022-10,6.38,-0.0356
East,M156,2022-10,3.73,0.1407
West,M156,2022-10,3.94,-0.0489
North,M159,2022-10,2.79,0.0088
South,M159,2022-10,4.39,0.001
East,M159,2022-10,3.41,0.027
West,M159,2022-10,4.27,0.1436
North,M160,2022-10,4.98,0.0223
South,M160,2022-10,5.36,0.0603
East,M160,2022-10,4.57,0.0293
West,M160,2022-10,3.63,-0.0379
North,M163,2022-10,4.79,0.0893
South,M163,2022-10,5.8,-0.0322
East,M163,2022-10,3.88,0.1285
West,M163,2022-10,4.45,-0.0146
North,M169,2022-10,5.15,0.085
South,M169,2022-10,6.75,-0.0455
East,M169,2022-10,4.32,-0.0457
West,M169,2022-10,5.57,-0.0359
North,M172,2022-10,4.34,0.0366
South,M172,2022-10,5.85,0.0468
East,M172,2022-10,4.88,0.0275
West,M172,2022-10,3.72,0.1129
North,M174,2022-10,4.92,0.1285
South,M174,2022-10,7.32,-0.0005
East,M174,2022-10,4.84,-0.0384
West,M174,2022-10,4.39,-0.0301
North,M175,2022-10,3.8,0.0056
South,M175,2022-10,5.67,0.1022
East,M175,2022-10,4.07,0.1018
West,M175,2022-10,3.29,0.1383
North,M176,2022-10,5.31,0.1289
South,M176,2022-10,5.67,0.1098
East,M176,2022-10,4.71,-0.0246
West,M176,2022-10,7.42,0.0058
North,M182,2022-10,5.55,0.1134
South,M182,2022-10,6.27,0.0996
East,M182,2022-10,5.22,0.0935
West,M182,2022-10,6.49,0.1443
North,M183,2022-10,5.79,0.0111
South,M183,2022-10,6.99,0.0119
East,M183,2022-10,4.65,0.0589
West,M183,2022-10,7.01,0.1441
North,M185,2022-10,5.43,0.0078
South,M185,2022-10,7.07,0.0489
East,M185,2022-10,4.3,0.1004
West,M185,2022-10,6.54,0.0847
North,M186,2022-10,6.04,0.1207
South,M186,2022-10,7.54,0.0562
East,M186,2022-10,5.72,-0.0204
West,M186,2022-10,6.82,0.0576
North,M189,2022-10,5.4,0.0576
South,M189,2022-10,7.59,0.1113
East,M189,2022-10,6.02,0.0301
West,M189,2022-10,6.81,0.0677
North,M191,2022-10,5.56,-0.0173
South,M191,2022-10,7.37,0.0654
East,M191,2022-10,5.65,0.0397
West,M191,2022-10,7.42,0.1357
North,M192,2022-10,6.92,0.0341
South,M192,2022-10,10.0,-0.0266
East,M192,2022-10,8.14,0.0372
West,M192,2022-10,10.0,0.0967
North,M193,2022-10,7.7,0.0331
South,M193,2022-10,8.34,0.0055
East,M193,2022-10,7.29,0.1333
West,M193,2022-10,10.0,0.0211
North,M195,2022-10,6.61,0.1389
South,M195,2022-10,7.49,0.1492
East,M195,2022-10,7.2,0.022
West,M195,2022-10,9.31,0.0064
North,M197,2022-10,5.82,0.0884
South,M197,2022-10,7.68,0.1124
East,M197,2022-10,4.8,0.076
West,M197,2022-10,6.9,0.0034
North,M198,2022-10,5.67,0.0173
South,M198,2022-10,6.15,0.0447
East,M198,2022-10,6.06,0.0846
West,M198,2022-10,5.89,0.088
North,M199,2022-10,,0.1309
South,M199,2022-10,6.98,0.1297
East,M199,2022-10,6.76,0.0872
West,M199,2022-10,6.63,0.044
North,M200,2022-10,5.48,0.1049
South,M200,2022-10,6.73,0.0845
East,M200,2022-10,6.18,0.1394
West,M200,2022-10,6.89,0.1183
North,M203,2022-10,7.41,0.079
South,M203,2022-10,6.54,-0.003
East,M203,2022-10,7.53,0.0581
West,M203,2022-10,7.26,0.0429
North,M204,2022-10,5.8,0.0582
South,M204,2022-10,5.72,0.1425
East,M204,2022-10,6.04,0.0884
West,M204,2022-10,4.53,0.0706
North,M206,2022-10,5.0,0.021
South,M206,2022-10,5.16,0.0434
East,M206,2022-10,5.25,0.0482
West,M206,2022-10,5.04,0.149
North,M207,2022-10,6.44,0.139
South,M207,2022-10,6.12,0.1209
East,M207,2022-10,6.64,0.0186
West,M207,2022-10,5.62,0.0276
North,M210,2022-10,5.12,0.0453
South,M210,2022-10,5.1,-0.0216
East,M210,2022-10,5.08,-0.0458
West,M210,2022-10,5.1,0.12
North,M211,2022-10,7.51,-0.0463
South,M211,2022-10,7.31,0.0099
East,M211,2022-10,7.25,0.0648
West,M211,2022-10,8.33,0.0057
North,M212,2022-10,6.12,-0.0319
South,M212,2022-10,6.32,0.0205
East,M212,2022-10,6.78,0.079
West,M212,2022-10,5.91,0.0341
North,M213,2022-10,6.01,0.1482
South,M213,2022-10,6.57,0.1487
East,M213,2022-10,7.3,0.133
West,M213,2022-10,6.67,-0.0336
North,M215,2022-10,4.08,0.1153
South,M215,2022-10,4.91,0.1463
East,M215,2022-10,5.77,0.027
West,M215,2022-10,4.65,0.0659
North,M217,2022-10,6.29,0.1354
South,M217,2022-10,7.63,-0.0084
East,M217,2022-10,6.94,0.0852
West,M217,2022-10,7.75,-0.0182
North,M218,2022-10,5.96,0.0448
South,M218,2022-10,5.92,0.06
East,M218,2022-10,6.52,-0.0013
West,M218,2022-10,6.59,0.1248
North,M219,2022-10,6.25,0.1086
South,M219,2022-10,7.29,0.1128
East,M219,2022-10,6.1,0.1398
West,M219,2022-10,5.96,0.0349
North,M220,2022-10,5.92,0.1224
South,M220,2022-10,5.99,0.1048
East,M220,2022-10,5.7,-0.0213
West,M220,2022-10,6.59,0.1025
North,M221,2022-10,5.22,0.0968
South,M221,2022-10,6.01,0.1164
East,M221,2022-10,5.97,-0.0157
West,M221,2022-10,5.3,-0.0169
North,M223,2022-10,6.37,0.1077
South,M223,2022-10,6.17,-0.0396
East,M223,2022-10,5.43,0.1244
West,M223,2022-10,6.97,0.1232
North,M225,2022-10,6.87,-0.0135
South,M225,2022-10,6.45,0.0133
East,M225,2022-10,5.39,-0.04
West,M225,2022-10,4.99,-0.0345
North,M103,2022-11,8.28,-0.0295
South,M103,2022-11,6.63,0.1109
East,M103,2022-11,6.99,0.0413
West,M103,2022-11,8.47,0.0229
North,M105,2022-11,7.66,0.0741
South,M105,2022-11,7.05,-0.044
East,M105,2022-11,7.77,0.1305
West,M105,2022-11,7.93,-0.0272
North,M110,2022-11,6.1,0.0291
South,M110,2022-11,7.14,-0.0317
East,M110,2022-11,5.89,-0.0407
West,M110,2022-11,6.85,0.0828
North,M112,2022-11,6.88,-0.0315
South,M112,2022-11,7.86,0.1403
East,M112,2022-11,7.56,-0.0486
West,M112,2022-11,7.85,0.09
North,M114,2022-11,7.0,-0.0074
South,M114,2022-11,5.43,0.0462
East,M114,2022-11,6.27,0.1183
West,M114,2022-11,6.75,0.1262
North,M115,2022-11,8.27,-0.0187
South,M115,2022-11,9.34,0.0733
East,M115,2022-11,8.0,0.1399
West,M115,2022-11,9.04,0.1466
North,M116,2022-11,6.88,0.0263
South,M116,2022-11,6.59,0.0353
East,M116,2022-11,6.86,0.0801
West,M116,2022-11,7.76,0.0042
North,M127,2022-11,7.81,0.1169
South,M127,2022-11,6.91,0.116
East,M127,2022-11,8.55,0.1072
West,M127,2022-11,7.17,-0.0334
North,M128,2022-11,8.42,-0.036
South,M128,2022-11,5.98,0.0722
East,M128,2022-11,9.61,0.1125
West,M128,2022-11,6.57,-0.0198
North,M131,2022-11,7.61,0.1098
South,M131,2022-11,6.4,0.1354
East,M131,2022-11,8.31,0.0714
West,M131,2022-11,5.83,0.0013
North,M132,2022-11,6.95,0.0252
South,M132,2022-11,4.98,0.1175
East,M132,2022-11,6.29,0.123
West,M132,2022-11,5.86,0.1253
North,M137,2022-11,9.35,0.033
South,M137,2022-11,6.16,0.0484
East,M137,2022-11,9.73,0.0977
West,M137,2022-11,6.26,-0.0281
North,M138,2022-11,5.68,0.1155
South,M138,2022-11,4.15,0.1429
East,M138,2022-11,5.49,0.0498
West,M138,2022-11,5.53,0.1321
North,M140,2022-11,5.86,0.0484
South,M140,2022-11,5.31,0.0152
East,M140,2022-11,5.87,0.0079
West,M140,2022-11,6.02,0.0058
North,M143,2022-11,7.29,0.0021
South,M143,2022-11,5.46,0.1082
East,M143,2022-11,7.05,0.09
West,M143,2022-11,6.86,0.1138
North,M144,2022-11,8.25,0.0816
South,M144,2022-11,7.72,0.0321
East,M144,2022-11,8.3,0.1488
West,M144,2022-11,5.85,-0.0374
North,M146,2022-11,8.2,-0.0267
South,M146,2022-11,5.26,-0.0489
East,M146,2022-11,8.7,-0.0343
West,M146,2022-11,6.26,0.057
North,M147,2022-11,9.17,0.022
South,M147,2022-11,6.38,-0.0049
East,M147,2022-11,8.87,0.0283
West,M147,2022-11,6.91,0.0126
North,M153,2022-11,2.9,-0.0333
South,M153,2022-11,4.38,0.0365
East,M153,2022-11,2.82,0.0414
West,M153,2022-11,4.17,0.0985
North,M154,2022-11,,0.0398
South,M154,2022-11,6.23,0.0514
East,M154,2022-11,5.28,0.0374
West,M154,2022-11,4.39,0.0466
North,M156,2022-11,2.52,0.0476
South,M156,2022-11,3.17,-0.0181
East,M156,2022-11,2.58,-0.0035
West,M156,2022-11,2.1,-0.0089
North,M159,2022-11,4.59,-0.0198
South,M159,2022-11,5.07,-0.0147
East,M159,2022-11,3.42,-0.0056
West,M159,2022-11,3.53,0.1323
North,M160,2022-11,4.09,0.1291
South,M160,2022-11,6.93,0.0874
East,M160,2022-11,3.62,0.1117
West,M160,2022-11,5.15,0.0756
North,M163,2022-11,4.64,0.1195
South,M163,2022-11,6.92,-0.0319
East,M163,2022-11,4.44,0.1011
West,M163,2022-11,4.69,-0.0068
North,M169,2022-11,3.81,0.0619
South,M169,2022-11,5.77,0.1148
East,M169,2022-11,3.69,0.0307
West,M169,2022-11,4.92,0.097
North,M172,2022-11,4.44,-0.0375
South,M172,2022-11,7.54,0.0738
East,M172,2022-11,5.42,0.0136
West,M172,2022-11,4.43,0.1007
North,M174,2022-11,4.54,0.1465
South,M174,2022-11,6.57,0.0194
East,M174,2022-11,5.38,0.0992
West,M174,2022-11,4.44,-0.0234
North,M175,2022-11,3.16,0.0251
South,M175,2022-11,4.97,0.1119
East,M175,2022-11,3.68,0.1246
West,M175,2022-11,3.16,0.1488
North,M176,2022-11,5.71,0.0036
South,M176,2022-11,6.32,0.1363
East,M176,2022-11,5.52,0.1312
West,M176,2022-11,6.82,-0.0306
North,M182,2022-11,6.38,0.0772
South,M182,2022-11,6.69,-0.0388
East,M182,2022-11,,0.0279
West,M182,2022-11,7.2,0.1485
North,M183,2022-11,5.93,0.0923
South,M183,2022-11,6.86,0.1409
East,M183,2022-11,5.51,-0.0376
West,M183,2022-11,6.65,0.08
North,M185,2022-11,4.84,0.0718
South,M185,2022-11,6.97,0.1275
East,M185,2022-11,4.78,0.1198
West,M185,2022-11,5.75,0.1094
North,M186,2022-11,5.63,0.0721
South,M186,2022-11,6.68,0.013
East,M186,2022-11,6.17,0.0026
West,M186,2022-11,6.6,0.056
North,M189,2022-11,5.3,0.0351
South,M189,2022-11,7.56,-0.0491
East,M189,2022-11,7.15,0.1342
West,M189,2022-11,8.41,-0.0263
North,M191,2022-11,5.71,0.0156
South,M191,2022-11,6.82,-0.008
East,M191,2022-11,5.55,0.0584
West,M191,2022-11,6.19,0.0266
North,M192,2022-11,5.85,0.1068
South,M192,2022-11,7.18,-0.0053
East,M192,2022-11,4.86,0.1424
West,M192,2022-11,7.01,0.024
North,M193,2022-11,4.19,-0.0186
South,M193,2022-11,6.29,0.0375
East,M193,2022-11,5.1,0.1461
West,M193,2022-11,6.04,-0.0256
North,M195,2022-11,7.63,0.0883
South,M195,2022-11,9.09,-0.0324
East,M195,2022-11,5.72,0.1143
West,M195,2022-11,7.54,0.0926
North,M197,2022-11,5.9,0.0764
South,M197,2022-11,5.65,0.1455
East,M197,2022-11,4.39,0.0707
West,M197,2022-11,7.24,0.1043
North,M198,2022-11,4.91,-0.0209
South,M198,2022-11,6.75,0.1287
East,M198,2022-11,5.13,0.0522
West,M198,2022-11,6.88,0.0635
North,M199,2022-11,4.91,0.1202
South,M199,2022-11,7.21,-0.0398
East,M199,2022-11,5.43,-0.0409
West,M199,2022-11,6.17,0.1126
North,M200,2022-11,4.71,0.0719
South,M200,2022-11,6.43,0.079
East,M200,2022-11,5.54,0.0635
West,M200,2022-11,7.62,0.0074
North,M203,2022-11,6.08,0.1436
South,M203,2022-11,6.4,-0.0332
East,M203,2022-11,6.31,0.013
West,M203,2022-11,7.64,0.006
North,M204,2022-11,6.18,-0.0265
South,M204,2022-11,4.34,0.0139
East,M204,2022-11,4.49,0.0902
West,M204,2022-11,5.86,-0.0284
North,M206,2022-11,5.43,0.0458
South,M206,2022-11,5.36,0.1451
East,M206,2022-11,6.06,-0.0484
West,M206,2022-11,4.85,-0.0019
North,M207,2022-11,5.77,0.0763
South,M207,2022-11,5.8,0.0273
East,M207,2022-11,6.86,0.0721
West,M207,2022-11,6.75,-0.0468
North,M209,2022-11,5.88,-0.001
South,M209,2022-11,7.54,0.1358
East,M209,2022-11,6.72,-0.042
West,M209,2022-11,6.87,-0.0414
North,M210,2022-11,5.04,0.0967
South,M210,2022-11,5.93,-0.0095
East,M210,2022-11,5.73,0.1442
West,M210,2022-11,5.69,0.1186
North,M211,2022-11,6.14,-0.0206
South,M211,2022-11,4.97,0.0628
East,M211,2022-11,4.65,0.1486
West,M211,2022-11,5.67,0.05
North,M212,2022-11,6.56,-0.0301
South,M212,2022-11,6.69,-0.0291
East,M212,2022-11,6.43,0.1253
West,M212,2022-11,6.62,0.1179
North,M213,2022-11,6.12,0.147
South,M213,2022-11,5.66,-0.0364
East,M213,2022-11,6.16,0.0274
West,M213,2022-11,5.34,0.1297
North,M217,2022-11,7.2,0.1316
South,M217,2022-11,5.62,0.0473
East,M217,2022-11,5.58,-0.0173
West,M217,2022-11,5.83,0.0255
North,M218,2022-11,6.05,0.0592
South,M218,2022-11,5.19,-0.0232
East,M218,2022-11,6.3,0.0722
West,M218,2022-11,6.61,0.0386
North,M219,2022-11,5.67,-0.0375
South,M219,2022-11,5.66,-0.0491
East,M219,2022-11,6.33,0.127
West,M219,2022-11,5.75,0.1472
North,M220,2022-11,5.73,0.114
South,M220,2022-11,6.52,0.0568
East,M220,2022-11,5.02,0.1092
West,M220,2022-11,5.71,0.0416
North,M221,2022-11,5.33,-0.038
South,M221,2022-11,4.06,0.1492
East,M221,2022-11,5.23,0.0345
West,M221,2022-11,5.31,0.014
North,M223,2022-11,6.66,0.0453
South,M223,2022-11,6.75,-0.0451
East,M223,2022-11,6.38,0.1184
West,M223,2022-11,5.81,0.1345
North,M225,2022-11,8.67,0.1344
South,M225,2022-11,7.87,0.0337
East,M225,2022-11,9.14,0.0493
West,M225,2022-11,7.96,0.0167
North,M103,2022-12,8.27,0.1401
South,M103,2022-12,6.55,0.0379
East,M103,2022-12,7.79,-0.0166
West,M103,2022-12,8.3,0.0837
North,M105,2022-12,7.31,0.0461
South,M105,2022-12,7.74,0.0004
East,M105,2022-12,6.93,0.1452
West,M105,2022-12,6.86,0.1114
North,M110,2022-12,6.06,0.0455
South,M110,2022-12,6.23,0.0118
East,M110,2022-12,5.39,0.0542
West,M110,2022-12,6.79,0.1294
North,M112,2022-12,7.2,0.0398
South,M112,2022-12,6.48,-0.0266
East,M112,2022-12,6.9,0.0824
West,M112,2022-12,7.35,-0.025
North,M114,2022-12,6.73,0.0101
South,M114,2022-12,5.45,0.0344
East,M114,2022-12,5.83,0.0645
West,M114,2022-12,5.03,-0.0229
North,M115,2022-12,6.69,0.0043
South,M115,2022-12,6.11,0.0129
East,M115,2022-12,6.8,0.0534
West,M115,2022-12,6.12,-0.0033
North,M116,2022-12,6.6,-0.0063
South,M116,2022-12,6.26,-0.0094
East,M116,2022-12,6.86,0.0549
West,M116,2022-12,6.06,0.1262
North,M124,2022-12,7.82,0.0343
South,M124,2022-12,8.1,0.1466
East,M124,2022-12,7.09,0.0246
West,M124,2022-12,7.51,0.0619
North,M127,2022-12,7.71,0.1352
South,M127,2022-12,6.63,0.0659
East,M127,2022-12,7.9,0.0754
West,M127,2022-12,5.23,-0.0395
North,M128,2022-12,7.55,0.0325
South,M128,2022-12,6.03,0.1156
East,M128,2022-12,8.57,0.0069
West,M128,2022-12,7.03,0.1214
North,M131,2022-12,6.6,0.0359
South,M131,2022-12,5.55,0.1246
East,M131,2022-12,7.21,0.1371
West,M131,2022-12,5.34,0.0449
North,M132,2022-12,7.38,0.03
South,M132,2022-12,5.96,0.0954
East,M132,2022-12,8.07,-0.0187
West,M132,2022-12,6.29,0.013
North,M137,2022-12,9.56,0.083
South,M137,2022-12,6.96,0.1286
East,M137,2022-12,9.29,-0.0387
West,M137,2022-12,7.41,-0.0282
North,M138,2022-12,7.64,0.1048
South,M138,2022-12,4.92,-0.0408
East,M138,2022-12,6.55,0.0858
West,M138,2022-12,4.93,0.1229
North,M140,2022-12,7.67,0.0838
South,M140,2022-12,4.92,0.0215
East,M140,2022-12,7.94,-0.0148
West,M140,2022-12,6.37,0.1316
North,M143,2022-12,7.76,0.0651
South,M143,2022-12,5.95,0.0177
East,M143,2022-12,9.08,0.1329
West,M143,2022-12,5.46,-0.0115
North,M144,2022-12,8.45,0.12
South,M144,2022-12,5.66,-0.047
East,M144,2022-12,8.46,0.1254
West,M144,2022-12,5.88,0.1306
North,M146,2022-12,7.71,0.0187
South,M146,2022-12,6.05,0.0487
East,M146,2022-12,7.24,-0.0125
West,M146,2022-12,5.37,0.0189
North,M147,2022-12,8.01,0.1429
South,M147,2022-12,6.91,-0.0171
East,M147,2022-12,7.82,-0.0302
West,M147,2022-12,7.28,-0.0038
North,M153,2022-12,4.38,0.1432
South,M153,2022-12,4.43,0.0416
East,M153,2022-12,3.12,0.0075
West,M153,2022-12,3.01,-0.0209
North,M154,2022-12,4.84,0.0413
South,M154,2022-12,6.29,0.0498
East,M154,2022-12,4.73,0.0915
West,M154,2022-12,4.03,0.0445
North,M156,2022-12,4.45,0.0773
South,M156,2022-12,6.37,0.0741
East,M156,2022-12,3.84,0.0977
West,M156,2022-12,4.56,0.0092
North,M159,2022-12,,0.0401
South,M159,2022-12,6.35,-0.0351
East,M159,2022-12,2.9,0.0618
West,M159,2022-12,3.41,0.0516
North,M160,2022-12,4.29,0.0259
South,M160,2022-12,5.52,0.0506
East,M160,2022-12,3.98,0.1421
West,M160,2022-12,4.08,0.1435
North,M163,2022-12,4.84,0.0531
South,M163,2022-12,5.09,0.0227
East,M163,2022-12,4.23,0.0223
West,M163,2022-12,4.8,0.0022
North,M167,2022-12,4.52,0.1284
South,M167,2022-12,6.93,-0.0205
East,M167,2022-12,5.53,0.1338
West,M167,2022-12,4.54,0.0435
North,M169,2022-12,3.48,0.0329
South,M169,2022-12,6.73,0.0967
East,M169,2022-12,4.61,0.0085
West,M169,2022-12,4.08,0.0999
North,M172,2022-12,4.94,0.0152
South,M172,2022-12,5.76,0.1494
East,M172,2022-12,5.09,0.0546
West,M172,2022-12,3.78,-0.0357
North,M174,2022-12,4.58,-0.0311
South,M174,2022-12,7.27,0.0012
East,M174,2022-12,5.33,0.051
West,M174,2022-12,4.22,0.1443
North,M182,2022-12,4.74,0.1211
South,M182,2022-12,6.94,0.1394
East,M182,2022-12,6.08,0.1365
West,M182,2022-12,6.82,0.0388
North,M183,2022-12,4.48,0.0814
South,M183,2022-12,6.92,-0.024
East,M183,2022-12,4.79,0.1416
West,M183,2022-12,6.39,0.0011
North,M185,2022-12,5.12,0.0743
South,M185,2022-12,7.0,-0.0017
East,M185,2022-12,5.35,0.0489
West,M185,2022-12,6.08,0.0804
North,M186,2022-12,5.83,0.1172
South,M186,2022-12,6.38,-0.0282
East,M186,2022-12,5.63,0.0035
West,M186,2022-12,7.72,0.0591
North,M189,2022-12,5.52,0.0225
South,M189,2022-12,8.54,-0.0193
East,M189,2022-12,5.4,0.0985
West,M189,2022-12,6.63,0.1336
North,M191,2022-12,4.6,0.0655
South,M191,2022-12,6.07,0.0393
East,M191,2022-12,5.99,0.1488
West,M191,2022-12,7.65,0.0163
North,M192,2022-12,5.24,-0.0359
South,M192,2022-12,7.54,0.1048
East,M192,2022-12,4.94,0.0782
West,M192,2022-12,7.88,0.0266
North,M193,2022-12,4.0,0.0999
South,M193,2022-12,6.8,0.0761
East,M193,2022-12,4.15,0.1104
West,M193,2022-12,6.66,0.0557
North,M195,2022-12,8.77,0.0626
South,M195,2022-12,10.0,0.0841
East,M195,2022-12,9.67,-0.0387
West,M195,2022-12,10.0,-0.025
North,M197,2022-12,5.1,0.0804
South,M197,2022-12,7.56,-0.0113
East,M197,2022-12,,0.1301
West,M197,2022-12,7.59,0.0266
North,M198,2022-12,4.91,0.0613
South,M198,2022-12,6.16,0.0867
East,M198,2022-12,5.13,0.0496
West,M198,2022-12,6.25,0.1049
North,M199,2022-12,5.11,0.0853
South,M199,2022-12,7.15,-0.0347
East,M199,2022-12,6.52,0.002
West,M199,2022-12,7.78,-0.0232
North,M200,2022-12,5.42,0.0392
South,M200,2022-12,5.77,0.1222
East,M200,2022-12,4.71,0.0035
West,M200,2022-12,6.95,0.0913
North,M203,2022-12,6.04,0.1438
South,M203,2022-12,6.43,0.1026
East,M203,2022-12,6.05,0.0838
West,M203,2022-12,,0.0649
North,M204,2022-12,5.74,0.1034
South,M204,2022-12,4.77,0.1188
East,M204,2022-12,4.78,0.0832
West,M204,2022-12,4.71,0.0794
North,M206,2022-12,4.26,0.1291
South,M206,2022-12,4.45,0.1316
East,M206,2022-12,5.72,-0.0321
West,M206,2022-12,5.2,0.1494
North,M207,2022-12,6.13,0.0048
South,M207,2022-12,6.84,0.0359
East,M207,2022-12,7.0,0.1112
West,M207,2022-12,6.63,0.1092
North,M209,2022-12,7.8,-0.0391
South,M209,2022-12,6.4,-0.0497
East,M209,2022-12,6.02,0.0284
West,M209,2022-12,6.61,0.0889
North,M210,2022-12,5.64,0.0785
South,M210,2022-12,6.26,0.0226
East,M210,2022-12,5.64,-0.0221
West,M210,2022-12,6.01,0.0102
North,M211,2022-12,6.19,0.0366
South,M211,2022-12,5.31,0.1005
East,M211,2022-12,6.11,-0.0391
West,M211,2022-12,6.23,0.0352
North,M212,2022-12,6.74,0.0906
South,M212,2022-12,6.6,0.1176
East,M212,2022-12,7.01,0.0169
West,M212,2022-12,7.03,-0.0061
North,M213,2022-12,7.05,-0.0092
South,M213,2022-12,7.13,0.0586
East,M213,2022-12,5.38,0.0556
West,M213,2022-12,6.65,-0.0202
North,M217,2022-12,6.18,0.1106
South,M217,2022-12,6.53,-0.0388
East,M217,2022-12,6.0,0.0364
West,M217,2022-12,6.02,-0.0059
North,M218,2022-12,6.83,0.0163
South,M218,2022-12,5.26,0.042
East,M218,2022-12,6.82,0.0862
West,M218,2022-12,6.03,-0.0095
North,M219,2022-12,6.34,0.0325
South,M219,2022-12,5.21,0.0274
East,M219,2022-12,5.25,0.0732
West,M219,2022-12,6.8,-0.0201
North,M220,2022-12,6.36,-0.0463
South,M220,2022-12,5.98,0.0534
East,M220,2022-12,6.06,0.0626
West,M220,2022-12,5.65,0.0012
North,M223,2022-12,5.65,0.0307
South,M223,2022-12,6.28,0.0873
East,M223,2022-12,7.21,0.0007
West,M223,2022-12,6.22,-0.0031
North,M225,2022-12,6.87,0.064
South,M225,2022-12,6.0,0.0015
East,M225,2022-12,6.75,0.021
West,M225,2022-12,5.35,0.1204
North,M103,2023-01,7.86,0.0405
South,M103,2023-01,6.56,-0.0369
East,M103,2023-01,6.91,0.0964
West,M103,2023-01,8.19,0.0571
North,M105,2023-01,8.0,0.0088
South,M105,2023-01,7.86,0.0718
East,M105,2023-01,7.85,0.1126
West,M105,2023-01,7.47,0.034
North,M110,2023-01,5.63,0.084
South,M110,2023-01,5.31,-0.0067
East,M110,2023-01,5.18,0.0317
West,M110,2023-01,5.44,-0.0328
North,M112,2023-01,8.95,0.1159
South,M112,2023-01,8.63,0.0954
East,M112,2023-01,9.92,0.066
West,M112,2023-01,8.55,0.038
North,M115,2023-01,4.94,0.0111
South,M115,2023-01,6.04,0.0194
East,M115,2023-01,6.46,-0.0304
West,M115,2023-01,6.37,0.1316
North,M116,2023-01,6.88,-0.0314
South,M116,2023-01,7.62,-0.0355
East,M116,2023-01,7.84,0.1079
West,M116,2023-01,6.96,0.0747
North,M124,2023-01,8.9,0.0856
South,M124,2023-01,8.5,0.0545
East,M124,2023-01,9.0,0.0117
West,M124,2023-01,7.38,0.0353
North,M127,2023-01,8.7,0.0454
South,M127,2023-01,6.28,0.0719
East,M127,2023-01,,0.1277
West,M127,2023-01,6.28,-0.044
North,M128,2023-01,9.02,0.0189
South,M128,2023-01,5.88,-0.0477
East,M128,2023-01,8.79,0.0923
West,M128,2023-01,6.75,0.0903
North,M131,2023-01,7.25,-0.0433
South,M131,2023-01,5.19,-0.0371
East,M131,2023-01,8.47,-0.0315
West,M131,2023-01,5.77,0.037
North,M132,2023-01,7.21,0.0722
South,M132,2023-01,5.39,0.0028
East,M132,2023-01,7.58,0.068
West,M132,2023-01,5.81,0.1364
North,M137,2023-01,7.69,0.0698
South,M137,2023-01,,0.1222
East,M137,2023-01,8.95,0.0025
West,M137,2023-01,6.65,-0.021
North,M138,2023-01,7.29,0.102
South,M138,2023-01,4.07,0.0112
East,M138,2023-01,6.8,-0.0155
West,M138,2023-01,5.19,0.0983
North,M140,2023-01,6.52,0.0012
South,M140,2023-01,5.96,0.0545
East,M140,2023-01,6.0,0.0796
West,M140,2023-01,5.06,0.0053
North,M143,2023-01,7.24,0.124
South,M143,2023-01,5.39,0.1026
East,M143,2023-01,7.76,0.1453
West,M143,2023-01,5.5,0.0441
North,M144,2023-01,7.48,0.072
South,M144,2023-01,5.99,0.1294
East,M144,2023-01,9.09,0.1461
West,M144,2023-01,5.94,0.0002
North,M146,2023-01,6.86,0.0638
South,M146,2023-01,6.42,0.0652
East,M146,2023-01,7.44,-0.0168
West,M146,2023-01,4.84,-0.0055
North,M147,2023-01,7.51,0.0018
South,M147,2023-01,6.9,0.0941
East,M147,2023-01,7.56,0.1064
West,M147,2023-01,5.86,-0.0417
North,M150,2023-01,9.67,0.0539
South,M150,2023-01,6.26,0.0543
East,M150,2023-01,9.45,0.1235
West,M150,2023-01,7.38,0.0356
North,M154,2023-01,4.46,0.0222
South,M154,2023-01,5.75,-0.0065
East,M154,2023-01,2.99,0.0204
West,M154,2023-01,3.22,0.0336
North,M156,2023-01,4.7,0.0829
South,M156,2023-01,7.02,0.0247
East,M156,2023-01,3.23,-0.0104
West,M156,2023-01,3.46,0.0995
North,M159,2023-01,4.59,0.0101
South,M159,2023-01,4.43,0.0071
East,M159,2023-01,4.5,0.0175
West,M159,2023-01,3.37,0.0519
North,M160,2023-01,4.68,0.0475
South,M160,2023-01,5.76,0.068
East,M160,2023-01,,-0.0438
West,M160,2023-01,4.95,0.0166
North,M163,2023-01,4.05,0.0667
South,M163,2023-01,6.34,-0.0148
East,M163,2023-01,3.34,-0.0054
West,M163,2023-01,4.36,0.1102
North,M167,2023-01,4.39,0.0228
South,M167,2023-01,6.25,0.1084
East,M167,2023-01,4.51,0.0164
West,M167,2023-01,4.05,0.0267
North,M169,2023-01,5.62,0.0583
South,M169,2023-01,7.62,0.0061
East,M169,2023-01,4.55,0.0038
West,M169,2023-01,5.7,0.0874
North,M172,2023-01,4.22,-0.0386
South,M172,2023-01,5.6,0.1385
East,M172,2023-01,3.54,0.0641
West,M172,2023-01,5.04,0.0698
North,M174,2023-01,4.34,0.0269
South,M174,2023-01,7.45,0.0941
East,M174,2023-01,4.89,-0.0209
West,M174,2023-01,4.82,0.0255
North,M182,2023-01,5.19,0.0514
South,M182,2023-01,7.37,-0.0288
East,M182,2023-01,4.69,-0.0119
West,M182,2023-01,6.0,0.0166
North,M183,2023-01,5.88,0.1326
South,M183,2023-01,5.84,0.0663
East,M183,2023-01,5.2,-0.0071
West,M183,2023-01,5.55,0.0729
North,M185,2023-01,7.37,0.0855
South,M185,2023-01,9.66,0.1019
East,M185,2023-01,7.06,-0.0438
West,M185,2023-01,7.91,-0.0493
North,M186,2023-01,4.77,-0.0151
South,M186,2023-01,7.89,-0.0449
East,M186,2023-01,6.13,-0.0441
West,M186,2023-01,7.27,0.0825
North,M189,2023-01,5.74,0.0044
South,M189,2023-01,8.32,0.1059
East,M189,2023-01,6.85,0.1218
West,M189,2023-01,8.14,0.0492
North,M191,2023-01,5.48,0.1063
South,M191,2023-01,6.5,0.093
East,M191,2023-01,4.79,-0.039
West,M191,2023-01,6.66,0.0094
North,M192,2023-01,5.08,0.1467
South,M192,2023-01,7.14,0.1417
East,M192,2023-01,5.35,0.0023
West,M192,2023-01,6.23,0.1018
North,M193,2023-01,4.26,0.1196
South,M193,2023-01,6.44,0.0697
East,M193,2023-01,5.63,-0.0043
West,M193,2023-01,5.74,0.0214
North,M195,2023-01,7.0,-0.0485
South,M195,2023-01,7.38,-0.0286
East,M195,2023-01,5.76,0.0396
West,M195,2023-01,8.77,0.0907
North,M197,2023-01,5.79,0.0129
South,M197,2023-01,6.41,-0.0341
East,M197,2023-01,4.69,-0.0452
West,M197,2023-01,5.75,-0.0267
North,M199,2023-01,5.57,-0.0165
South,M199,2023-01,7.14,0.0633
East,M199,2023-01,4.9,-0.0306
West,M199,2023-01,6.44,0.1151
North,M200,2023-01,4.9,-0.0138
South,M200,2023-01,5.87,0.1235
East,M200,2023-01,4.32,0.0805
West,M200,2023-01,5.37,0.141
North,M203,2023-01,5.68,0.0805
South,M203,2023-01,6.45,0.1165
East,M203,2023-01,5.95,0.1332
West,M203,2023-01,5.88,-0.0335
North,M204,2023-01,5.35,-0.0428
South,M204,2023-01,4.87,0.0482
East,M204,2023-01,4.01,0.0229
West,M204,2023-01,5.33,0.0603
North,M206,2023-01,5.14,-0.0091
South,M206,2023-01,5.65,-0.0043
East,M206,2023-01,6.2,-0.0276
West,M206,2023-01,5.08,-0.0236
North,M207,2023-01,7.04,0.1186
South,M207,2023-01,6.24,-0.0261
East,M207,2023-01,5.58,0.0226
West,M207,2023-01,5.24,0.0176
North,M209,2023-01,5.95,-0.0441
South,M209,2023-01,6.33,0.123
East,M209,2023-01,7.41,0.1154
West,M209,2023-01,5.84,0.0456
North,M210,2023-01,4.96,0.0176
South,M210,2023-01,6.04,0.0175
East,M210,2023-01,5.25,0.1091
West,M210,2023-01,5.22,0.1412
North,M211,2023-01,5.25,-0.0057
South,M211,2023-01,4.73,0.0509
East,M211,2023-01,5.93,0.0605
West,M211,2023-01,4.73,0.0254
North,M212,2023-01,5.98,0.012
South,M212,2023-01,6.29,0.0036
East,M212,2023-01,5.98,0.1063
West,M212,2023-01,5.71,0.0766
North,M213,2023-01,7.19,0.0222
South,M213,2023-01,6.65,0.1401
East,M213,2023-01,5.99,0.0786
West,M213,2023-01,5.33,0.1026
North,M217,2023-01,7.23,-0.0073
South,M217,2023-01,5.41,0.0196
East,M217,2023-01,6.6,0.0708
West,M217,2023-01,6.21,0.0688
North,M218,2023-01,6.49,-0.0435
South,M218,2023-01,6.73,0.1466
East,M218,2023-01,5.94,0.113
West,M218,2023-01,5.71,0.1105
North,M219,2023-01,5.76,0.0283
South,M219,2023-01,5.51,0.0775
East,M219,2023-01,6.23,0.1483
West,M219,2023-01,6.66,0.0192
North,M220,2023-01,5.23,0.0773
South,M220,2023-01,5.82,0.1069
East,M220,2023-01,4.48,-0.0493
West,M220,2023-01,5.84,0.1458
North,M223,2023-01,5.42,-0.0045
South,M223,2023-01,6.82,0.0069
East,M223,2023-01,6.01,0.0005
West,M223,2023-01,6.83,0.0921
North,M225,2023-01,6.41,0.1314
South,M225,2023-01,6.79,0.0174
East,M225,2023-01,5.05,0.0661
West,M225,2023-01,5.63,0.1422
North,M101,2023-02,7.12,0.1295
South,M101,2023-02,8.98,0.02
East,M101,2023-02,7.96,0.0349
West,M101,2023-02,8.85,0.0398
North,M103,2023-02,6.7,0.0326
South,M103,2023-02,6.6,0.072
East,M103,2023-02,7.55,0.0022
West,M103,2023-02,6.53,0.0028
North,M105,2023-02,7.24,-0.0418
South,M105,2023-02,8.05,0.0379
East,M105,2023-02,6.6,0.0356
West,M105,2023-02,6.71,0.0171
North,M110,2023-02,7.0,0.0817
South,M110,2023-02,5.56,0.04
East,M110,2023-02,5.56,-0.0444
West,M110,2023-02,6.34,-0.0361
North,M112,2023-02,6.59,-0.0308
South,M112,2023-02,6.35,0.0728
East,M112,2023-02,6.56,0.0609
West,M112,2023-02,6.96,0.0727
North,M115,2023-02,5.29,0.0986
South,M115,2023-02,6.1,-0.0447
East,M115,2023-02,6.7,0.1404
West,M115,2023-02,5.19,0.0803
North,M116,2023-02,7.83,-0.0282
South,M116,2023-02,7.5,0.1385
East,M116,2023-02,6.45,0.0318
West,M116,2023-02,7.76,0.0019
North,M124,2023-02,8.12,-0.0161
South,M124,2023-02,8.8,0.1343
East,M124,2023-02,7.12,0.0798
West,M124,2023-02,9.0,-0.0004
North,M127,2023-02,8.94,0.0661
South,M127,2023-02,5.44,-0.0469
East,M127,2023-02,8.13,0.0529
West,M127,2023-02,5.37,0.0189
North,M128,2023-02,8.02,0.0002
South,M128,2023-02,6.48,0.0145
East,M128,2023-02,,-0.0129
West,M128,2023-02,7.28,0.0583
North,M131,2023-02,7.27,-0.0264
South,M131,2023-02,6.25,0.1178
East,M131,2023-02,8.03,0.1058
West,M131,2023-02,5.1,0.1119
North,M132,2023-02,7.59,0.12
South,M132,2023-02,5.1,0.0366
East,M132,2023-02,6.49,0.0841
West,M132,2023-02,4.87,0.0624
North,M137,2023-02,3.98,0.0975
South,M137,2023-02,3.29,0.0304
East,M137,2023-02,3.21,-0.037
West,M137,2023-02,3.75,-0.0465
North,M138,2023-02,5.62,-0.0297
South,M138,2023-02,4.99,0.1457
East,M138,2023-02,6.18,0.0113
West,M138,2023-02,5.95,0.1199
North,M140,2023-02,6.89,-0.0267
South,M140,2023-02,4.78,0.1097
East,M140,2023-02,6.65,0.011
West,M140,2023-02,4.39,0.0767
North,M143,2023-02,8.23,0.0491
South,M143,2023-02,6.17,0.0424
East,M143,2023-02,7.07,0.0974
West,M143,2023-02,5.41,-0.0063
North,M144,2023-02,9.07,0.0478
South,M144,2023-02,5.35,0.0769
East,M144,2023-02,7.3,-0.0419
West,M144,2023-02,6.08,0.0866
North,M146,2023-02,8.78,0.0031
South,M146,2023-02,6.4,-0.0458
East,M146,2023-02,7.73,0.1212
West,M146,2023-02,5.33,0.0514
North,M147,2023-02,8.39,-0.0328
South,M147,2023-02,6.9,0.1365
East,M147,2023-02,9.24,0.0666
West,M147,2023-02,,0.0861
North,M150,2023-02,7.94,0.0999
South,M150,2023-02,6.47,-0.007
East,M150,2023-02,8.06,-0.0064
West,M150,2023-02,5.74,-0.0114
North,M154,2023-02,3.25,0.0848
South,M154,2023-02,6.37,0.0999
East,M154,2023-02,3.38,-0.0283
West,M154,2023-02,5.09,0.135
North,M156,2023-02,3.46,0.0011
South,M156,2023-02,6.05,0.1
East,M156,2023-02,4.58,0.0061
West,M156,2023-02,5.04,0.1087
North,M159,2023-02,3.63,0.1305
South,M159,2023-02,6.48,-0.0305
East,M159,2023-02,3.59,0.0685
West,M159,2023-02,3.61,0.0774
North,M160,2023-02,3.31,0.0794
South,M160,2023-02,6.97,0.0598
East,M160,2023-02,3.37,0.0836
West,M160,2023-02,4.22,0.128
North,M163,2023-02,3.88,-0.048
South,M163,2023-02,5.96,0.0856
East,M163,2023-02,4.96,0.0517
West,M163,2023-02,4.31,0.0842
North,M167,2023-02,4.11,0.1113
South,M167,2023-02,5.97,-0.0159
East,M167,2023-02,3.68,0.0885
West,M167,2023-02,3.62,0.059
North,M169,2023-02,3.96,0.1169
South,M169,2023-02,5.71,0.0879
East,M169,2023-02,4.55,0.1322
West,M169,2023-02,5.05,-0.0097
North,M172,2023-02,,0.0179
South,M172,2023-02,,0.1296
East,M172,2023-02,4.61,0.0054
West,M172,2023-02,3.78,0.0072
North,M174,2023-02,4.42,0.0951
South,M174,2023-02,6.06,0.0314
East,M174,2023-02,5.22,-0.0032
West,M174,2023-02,5.05,0.1276
North,M182,2023-02,4.5,0.0891
South,M182,2023-02,6.59,0.0228
East,M182,2023-02,5.97,-0.0129
West,M182,2023-02,6.85,-0.0432
North,M183,2023-02,4.5,0.0473
South,M183,2023-02,6.25,-0.0011
East,M183,2023-02,4.77,0.0447
West,M183,2023-02,6.48,-0.0191
North,M185,2023-02,4.79,-0.0471
South,M185,2023-02,5.33,0.0871
East,M185,2023-02,4.87,0.0177
West,M185,2023-02,5.07,0.0335
North,M186,2023-02,5.63,0.0521
South,M186,2023-02,6.43,-0.0057
East,M186,2023-02,5.85,0.0768
West,M186,2023-02,6.39,-0.0384
North,M189,2023-02,6.06,0.142
South,M189,2023-02,6.81,0.141
East,M189,2023-02,5.14,0.0197
West,M189,2023-02,7.63,0.1048
North,M191,2023-02,5.62,-0.0014
South,M191,2023-02,7.73,0.0377
East,M191,2023-02,5.7,0.0329
West,M191,2023-02,7.51,0.0364
North,M192,2023-02,6.22,0.1062
South,M192,2023-02,6.12,0.1135
East,M192,2023-02,5.22,-0.0371
West,M192,2023-02,6.95,-0.0425
North,M195,2023-02,5.58,-0.0345
South,M195,2023-02,7.32,-0.0498
East,M195,2023-02,6.0,0.1469
West,M195,2023-02,8.74,0.0624
North,M197,2023-02,5.63,0.0597
South,M197,2023-02,6.01,-0.0128
East,M197,2023-02,5.75,0.145
West,M197,2023-02,6.24,0.1353
North,M199,2023-02,6.17,0.0404
South,M199,2023-02,7.89,0.0332
East,M199,2023-02,6.08,0.08
West,M199,2023-02,6.61,-0.002
North,M200,2023-02,5.09,-0.0402
South,M200,2023-02,5.94,-0.0351
East,M200,2023-02,4.8,0.0789
West,M200,2023-02,7.14,0.1363
North,M203,2023-02,5.66,0.0983
South,M203,2023-02,6.84,-0.0329
East,M203,2023-02,6.9,-0.0057
West,M203,2023-02,6.14,0.0492
North,M204,2023-02,4.83,0.0876
South,M204,2023-02,4.33,-0.0033
East,M204,2023-02,3.93,0.1358
West,M204,2023-02,4.81,0.038
North,M206,2023-02,4.99,0.1308
South,M206,2023-02,4.75,0.1479
East,M206,2023-02,4.44,0.0034
West,M206,2023-02,4.37,0.1194
North,M207,2023-02,6.08,-0.0259
South,M207,2023-02,6.05,0.0736
East,M207,2023-02,6.67,0.0593
West,M207,2023-02,5.23,-0.0283
North,M209,2023-02,5.63,0.0942
South,M209,2023-02,6.04,0.0084
East,M209,2023-02,6.07,0.1486
West,M209,2023-02,7.08,-0.0072
North,M210,2023-02,5.24,0.0374
South,M210,2023-02,6.51,-0.0481
East,M210,2023-02,6.19,0.1217
West,M210,2023-02,4.76,0.1206
North,M211,2023-02,5.65,0.1336
South,M211,2023-02,4.43,0.0951
East,M211,2023-02,5.43,-0.0087
West,M211,2023-02,4.59,0.0108
North,M212,2023-02,5.41,0.0234
South,M212,2023-02,5.66,-0.0414
East,M212,2023-02,6.85,0.0397
West,M212,2023-02,5.81,0.0543
North,M213,2023-02,5.63,-0.0358
South,M213,2023-02,5.22,0.0491
East,M213,2023-02,,0.0182
West,M213,2023-02,5.32,0.1481
North,M217,2023-02,6.73,0.0751
South,M217,2023-02,7.68,-0.0398
East,M217,2023-02,6.58,0.0993
West,M217,2023-02,7.63,0.0316
North,M218,2023-02,6.74,-0.0366
South,M218,2023-02,5.47,0.0381
East,M218,2023-02,5.6,-0.0171
West,M218,2023-02,5.37,0.0702
North,M219,2023-02,3.23,-0.0331
South,M219,2023-02,2.26,0.1292
East,M219,2023-02,3.46,0.145
West,M219,2023-02,2.49,0.1084
North,M220,2023-02,4.61,0.0269
South,M220,2023-02,4.46,-0.0139
East,M220,2023-02,4.12,0.1242
West,M220,2023-02,5.17,0.0121
North,M223,2023-02,6.42,0.0677
South,M223,2023-02,5.76,0.0908
East,M223,2023-02,6.72,0.0871
West,M223,2023-02,6.04,0.0535
North,M225,2023-02,4.67,0.0779
South,M225,2023-02,4.98,0.1375
East,M225,2023-02,5.65,-0.0289
West,M225,2023-02,6.2,0.1316
North,M101,2023-03,8.78,0.0725
South,M101,2023-03,8.75,0.0985
East,M101,2023-03,8.24,0.0701
West,M101,2023-03,8.4,0.1388
North,M103,2023-03,6.25,0.1082
South,M103,2023-03,6.66,0.0147
East,M103,2023-03,7.77,0.0693
West,M103,2023-03,7.95,0.0185
North,M105,2023-03,7.11,0.1012
South,M105,2023-03,7.3,-0.0385
East,M105,2023-03,7.62,0.0197
West,M105,2023-03,8.06,0.0384
North,M110,2023-03,4.97,-0.0282
South,M110,2023-03,6.4,-0.0028
East,M110,2023-03,5.79,0.0259
West,M110,2023-03,5.79,0.066
North,M112,2023-03,6.69,-0.0243
South,M112,2023-03,7.21,0.0703
East,M112,2023-03,6.26,0.0679
West,M112,2023-03,6.25,0.0403
North,M116,2023-03,7.83,-0.044
South,M116,2023-03,7.08,0.084
East,M116,2023-03,7.71,0.0749
West,M116,2023-03,7.24,-0.0093
North,M119,2023-03,8.78,0.0254
South,M119,2023-03,8.11,0.0058
East,M119,2023-03,7.17,0.0274
West,M119,2023-03,7.47,0.0353
North,M124,2023-03,9.51,0.0282
South,M124,2023-03,10.0,0.0458
East,M124,2023-03,9.35,-0.0343
West,M124,2023-03,10.0,0.0885
North,M127,2023-03,7.67,0.095
South,M127,2023-03,6.42,0.0874
East,M127,2023-03,8.6,0.0058
West,M127,2023-03,6.09,0.0225
North,M128,2023-03,7.94,0.0461
South,M128,2023-03,6.28,0.0168
East,M128,2023-03,8.32,0.0599
West,M128,2023-03,6.01,0.0135
North,M131,2023-03,6.78,0.0722
South,M131,2023-03,6.71,-0.0485
East,M131,2023-03,7.5,0.0618
West,M131,2023-03,6.61,0.0328
North,M132,2023-03,7.66,-0.027
South,M132,2023-03,6.01,0.0793
East,M132,2023-03,6.83,-0.0499
West,M132,2023-03,5.64,-0.0287
North,M137,2023-03,8.63,-0.0069
South,M137,2023-03,7.12,0.147
East,M137,2023-03,8.26,0.1175
West,M137,2023-03,7.38,0.0456
North,M138,2023-03,7.23,0.112
South,M138,2023-03,5.77,0.1465
East,M138,2023-03,7.24,0.0307
West,M138,2023-03,4.95,0.097
North,M140,2023-03,7.34,0.0308
South,M140,2023-03,4.57,0.0623
East,M140,2023-03,6.05,-0.0016
West,M140,2023-03,5.98,0.1099
North,M143,2023-03,7.13,0.073
South,M143,2023-03,5.9,0.0006
East,M143,2023-03,7.66,0.0054
West,M143,2023-03,6.03,0.0126
North,M144,2023-03,8.13,0.1411
South,M144,2023-03,5.92,0.0626
East,M144,2023-03,8.02,-0.0282
West,M144,2023-03,6.35,0.131
North,M146,2023-03,7.97,0.0901
South,M146,2023-03,6.63,0.1293
East,M146,2023-03,8.5,-0.0482
West,M146,2023-03,4.95,-0.0174
North,M147,2023-03,7.59,0.0271
South,M147,2023-03,5.63,0.0299
East,M147,2023-03,8.4,-0.0421
West,M147,2023-03,7.43,0.1253
North,M150,2023-03,7.76,0.0132
South,M150,2023-03,7.06,0.0045
East,M150,2023-03,9.29,0.0775
West,M150,2023-03,6.11,0.089
North,M154,2023-03,3.15,0.0334
South,M154,2023-03,6.29,-0.0151
East,M154,2023-03,3.76,0.141
West,M154,2023-03,4.0,0.1109
North,M156,2023-03,3.61,0.0372
South,M156,2023-03,6.71,-0.0191
East,M156,2023-03,3.35,0.1093
West,M156,2023-03,4.06,-0.0332
North,M159,2023-03,4.36,0.1389
South,M159,2023-03,6.02,0.1328
East,M159,2023-03,4.17,0.0329
West,M159,2023-03,2.75,0.0569
North,M160,2023-03,3.47,0.1256
South,M160,2023-03,6.27,-0.0139
East,M160,2023-03,4.16,-0.0076
West,M160,2023-03,4.61,0.0902
North,M163,2023-03,4.92,0.0996
South,M163,2023-03,5.24,-0.0377
East,M163,2023-03,4.65,0.0975
West,M163,2023-03,3.95,0.0371
North,M167,2023-03,4.4,0.1245
South,M167,2023-03,7.85,0.0735
East,M167,2023-03,5.21,0.0703
West,M167,2023-03,5.58,0.1155
North,M169,2023-03,5.64,0.1131
South,M169,2023-03,6.3,0.0759
East,M169,2023-03,5.6,0.1159
West,M169,2023-03,4.74,0.1112
North,M172,2023-03,4.87,0.1479
South,M172,2023-03,5.81,0.1064
East,M172,2023-03,5.58,0.0923
West,M172,2023-03,5.17,-0.001
North,M174,2023-03,5.05,0.0426
South,M174,2023-03,6.1,0.1239
East,M174,2023-03,4.15,0.1254
West,M174,2023-03,5.29,0.0021
North,M182,2023-03,6.1,0.0131
South,M182,2023-03,6.51,-0.0344
East,M182,2023-03,4.7,0.0824
West,M182,2023-03,7.26,0.0748
North,M185,2023-03,5.58,0.0684
South,M185,2023-03,5.71,0.0156
East,M185,2023-03,5.6,0.0131
West,M185,2023-03,5.81,0.1432
North,M186,2023-03,5.66,0.1284
South,M186,2023-03,7.35,0.0876
East,M186,2023-03,4.98,0.0669
West,M186,2023-03,6.16,0.1008
North,M189,2023-03,4.9,0.135
South,M189,2023-03,8.02,-0.0014
East,M189,2023-03,6.45,-0.0122
West,M189,2023-03,6.16,0.1018
North,M191,2023-03,5.61,-0.0082
South,M191,2023-03,6.05,0.126
East,M191,2023-03,4.63,0.0863
West,M191,2023-03,7.22,0.0192
North,M192,2023-03,6.33,0.1138
South,M192,2023-03,7.62,0.0496
East,M192,2023-03,5.25,0.1348
West,M192,2023-03,6.94,0.1468
North,M195,2023-03,5.83,0.0661
South,M195,2023-03,7.55,0.0657
East,M195,2023-03,6.08,0.0509
West,M195,2023-03,7.68,0.038
North,M197,2023-03,6.14,0.0559
South,M197,2023-03,7.33,0.0632
East,M197,2023-03,5.26,0.1161
West,M197,2023-03,6.1,-0.0103
North,M199,2023-03,6.02,0.0705
South,M199,2023-03,6.93,0.0787
East,M199,2023-03,6.37,0.0085
West,M199,2023-03,7.58,0.0962
North,M200,2023-03,5.6,0.0183
South,M200,2023-03,6.0,0.0858
East,M200,2023-03,4.69,0.1292
West,M200,2023-03,6.99,0.1379
North,M203,2023-03,6.7,0.0213
South,M203,2023-03,5.99,0.1089
East,M203,2023-03,6.19,-0.0236
West,M203,2023-03,6.05,0.0826
North,M204,2023-03,4.0,0.1086
South,M204,2023-03,4.91,0.0425
East,M204,2023-03,4.32,0.0766
West,M204,2023-03,5.39,0.0003
North,M206,2023-03,6.12,-0.0165
South,M206,2023-03,4.43,0.0011
East,M206,2023-03,5.92,0.0864
West,M206,2023-03,4.6,0.0468
North,M207,2023-03,6.93,0.0998
South,M207,2023-03,5.12,-0.0384
East,M207,2023-03,5.51,0.132
West,M207,2023-03,6.34,-0.0356
North,M209,2023-03,6.46,0.0005
South,M209,2023-03,5.92,0.1458
East,M209,2023-03,7.23,0.0825
West,M209,2023-03,6.22,-0.0442
North,M210,2023-03,5.9,-0.0134
South,M210,2023-03,5.2,0.1477
East,M210,2023-03,5.93,-0.0287
West,M210,2023-03,5.88,0.1002
North,M211,2023-03,,0.0973
South,M211,2023-03,4.31,-0.0058
East,M211,2023-03,4.33,0.0637
West,M211,2023-03,4.24,0.0485
North,M212,2023-03,5.24,0.1253
South,M212,2023-03,6.52,0.1399
East,M212,2023-03,6.2,0.0094
West,M212,2023-03,6.21,-0.0307
North,M213,2023-03,5.95,0.1203
South,M213,2023-03,5.57,0.0004
East,M213,2023-03,5.53,0.0262
West,M213,2023-03,6.55,0.0408
North,M217,2023-03,7.0,0.0406
South,M217,2023-03,6.77,-0.0355
East,M217,2023-03,5.95,-0.038
West,M217,2023-03,6.03,0.0508
North,M218,2023-03,5.27,0.1388
South,M218,2023-03,5.83,-0.0291
East,M218,2023-03,4.95,0.019
West,M218,2023-03,5.54,0.124
North,M219,2023-03,5.92,0.076
South,M219,2023-03,5.97,0.0685
East,M219,2023-03,6.83,-0.005
West,M219,2023-03,6.32,0.014
North,M220,2023-03,5.43,0.0059
South,M220,2023-03,5.23,-0.0334
East,M220,2023-03,6.2,0.1022
West,M220,2023-03,5.69,0.0752
North,M223,2023-03,6.48,0.0559
South,M223,2023-03,6.08,0.0129
East,M223,2023-03,5.43,-0.0491
West,M223,2023-03,5.63,0.0029
North,M225,2023-03,4.96,0.1136
South,M225,2023-03,4.89,0.1197
East,M225,2023-03,4.54,0.1406
West,M225,2023-03,5.48,0.0393
North,M101,2023-04,7.28,0.0732
South,M101,2023-04,8.48,-0.0321
East,M101,2023-04,7.72,0.0183
West,M101,2023-04,7.08,-0.0218
North,M103,2023-04,8.12,-0.0115
South,M103,2023-04,7.76,-0.0321
East,M103,2023-04,7.75,0.0277
West,M103,2023-04,6.6,-0.0442
North,M105,2023-04,7.52,0.1392
South,M105,2023-04,7.82,0.1447
East,M105,2023-04,7.61,-0.0474
West,M105,2023-04,7.76,0.0358
North,M110,2023-04,6.32,0.1044
South,M110,2023-04,5.93,0.0904
East,M110,2023-04,5.39,0.0137
West,M110,2023-04,6.59,0.0467
North,M112,2023-04,5.62,-0.0286
South,M112,2023-04,6.24,0.0629
East,M112,2023-04,7.23,0.1202
West,M112,2023-04,7.18,0.1301
North,M116,2023-04,7.48,-0.0243
South,M116,2023-04,6.2,0.0468
East,M116,2023-04,7.19,-0.0355
West,M116,2023-04,,0.029
North,M119,2023-04,7.93,0.0048
South,M119,2023-04,9.09,-0.0298
East,M119,2023-04,8.05,0.125
West,M119,2023-04,8.79,0.0639
North,M124,2023-04,7.14,0.1454
South,M124,2023-04,7.44,0.0389
East,M124,2023-04,7.52,0.0639
West,M124,2023-04,8.15,0.1122
North,M127,2023-04,7.34,0.0248
South,M127,2023-04,5.85,-0.0432
East,M127,2023-04,8.35,0.0802
West,M127,2023-04,6.39,-0.044
North,M128,2023-04,7.92,0.1264
South,M128,2023-04,6.16,-0.0376
East,M128,2023-04,8.27,-0.0347
West,M128,2023-04,6.74,0.0742
North,M131,2023-04,8.31,0.0762
South,M131,2023-04,5.15,0.0801
East,M131,2023-04,7.4,0.0174
West,M131,2023-04,5.89,-0.0317
North,M132,2023-04,10.0,0.1453
South,M132,2023-04,7.21,0.1217
East,M132,2023-04,9.24,0.1047
West,M132,2023-04,6.7,0.1014
North,M137,2023-04,8.62,0.1445
South,M137,2023-04,7.15,-0.013
East,M137,2023-04,8.72,0.0142
West,M137,2023-04,6.74,-0.0393
North,M140,2023-04,6.99,-0.0447
South,M140,2023-04,5.73,0.0203
East,M140,2023-04,5.5,0.0026
West,M140,2023-04,4.27,-0.009
North,M143,2023-04,7.54,-0.0378
South,M143,2023-04,7.18,0.0386
East,M143,2023-04,8.3,0.1342
West,M143,2023-04,5.75,0.1304
North,M144,2023-04,7.51,0.0428
South,M144,2023-04,5.43,0.0482
East,M144,2023-04,7.57,0.0314
West,M144,2023-04,6.14,0.0781
North,M146,2023-04,7.02,0.0959
South,M146,2023-04,6.0,0.0938
East,M146,2023-04,8.02,0.0171
West,M146,2023-04,5.8,0.0919
North,M147,2023-04,7.45,0.003
South,M147,2023-04,7.02,0.0376
East,M147,2023-04,9.18,0.1223
West,M147,2023-04,5.81,-0.0239
North,M150,2023-04,9.32,0.1323
South,M150,2023-04,6.54,0.0032
East,M150,2023-04,8.3,0.0385
West,M150,2023-04,7.49,0.134
North,M154,2023-04,4.12,-0.0136
South,M154,2023-04,6.61,0.119
East,M154,2023-04,3.99,0.138
West,M154,2023-04,3.42,-0.0367
North,M156,2023-04,3.8,-0.0005
South,M156,2023-04,6.26,0.0607
East,M156,2023-04,3.71,-0.0442
West,M156,2023-04,4.31,0.0751
North,M159,2023-04,3.52,0.002
South,M159,2023-04,5.19,-0.0413
East,M159,2023-04,3.64,0.0419
West,M159,2023-04,3.41,0.0833
North,M160,2023-04,3.15,-0.0407
South,M160,2023-04,5.75,0.02
East,M160,2023-04,3.49,0.1335
West,M160,2023-04,4.48,0.0225
North,M163,2023-04,3.27,0.1014
South,M163,2023-04,5.44,-0.0469
East,M163,2023-04,3.08,-0.0003
West,M163,2023-04,2.92,0.1159
North,M167,2023-04,4.32,0.0024
South,M167,2023-04,6.01,0.0812
East,M167,2023-04,3.76,0.0847
West,M167,2023-04,4.62,0.0782
North,M169,2023-04,5.02,-0.0161
South,M169,2023-04,6.9,-0.0029
East,M169,2023-04,5.27,0.0063
West,M169,2023-04,5.62,0.0848
North,M172,2023-04,3.81,-0.0229
South,M172,2023-04,6.47,-0.029
East,M172,2023-04,4.18,0.1491
West,M172,2023-04,3.93,-0.0491
North,M174,2023-04,4.78,0.0064
South,M174,2023-04,6.65,0.0005
East,M174,2023-04,,-0.0115
West,M174,2023-04,5.19,0.1013
North,M182,2023-04,5.39,0.0632
South,M182,2023-04,5.59,0.1156
East,M182,2023-04,5.41,0.0152
West,M182,2023-04,7.0,0.0889
North,M185,2023-04,4.4,0.0144
South,M185,2023-04,6.78,0.061
East,M185,2023-04,5.84,0.1358
West,M185,2023-04,5.61,0.014
North,M186,2023-04,4.71,0.1475
South,M186,2023-04,6.8,0.0587
East,M186,2023-04,5.69,0.0551
West,M186,2023-04,6.79,0.0898
North,M189,2023-04,4.92,-0.011
South,M189,2023-04,7.48,0.0295
East,M189,2023-04,5.97,-0.0179
West,M189,2023-04,7.85,-0.0191
North,M191,2023-04,6.23,-0.048
South,M191,2023-04,5.9,0.0585
East,M191,2023-04,6.21,0.0976
West,M191,2023-04,7.64,0.0915
North,M192,2023-04,5.5,0.0283
South,M192,2023-04,6.18,0.0197
East,M192,2023-04,6.52,0.0657
West,M192,2023-04,7.08,0.1177
North,M194,2023-04,7.29,0.0968
South,M194,2023-04,8.9,0.1143
East,M194,2023-04,7.12,0.1364
West,M194,2023-04,8.99,0.0164
North,M195,2023-04,7.05,0.0668
South,M195,2023-04,8.55,0.0619
East,M195,2023-04,7.05,0.0581
West,M195,2023-04,8.43,0.0148
North,M197,2023-04,5.46,-0.0218
South,M197,2023-04,7.09,-0.002
East,M197,2023-04,4.96,0.0197
West,M197,2023-04,7.24,0.0531
North,M199,2023-04,5.18,-0.0069
South,M199,2023-04,7.21,0.1275
East,M199,2023-04,4.9,0.02
West,M199,2023-04,8.1,0.0231
North,M200,2023-04,3.82,0.0674
South,M200,2023-04,5.15,0.0703
East,M200,2023-04,5.3,0.125
West,M200,2023-04,6.7,0.0095
North,M203,2023-04,6.24,0.0754
South,M203,2023-04,5.7,0.0428
East,M203,2023-04,6.95,0.0864
West,M203,2023-04,6.76,0.1202
North,M206,2023-04,5.77,-0.0358
South,M206,2023-04,5.83,0.0446
East,M206,2023-04,4.25,0.1066
West,M206,2023-04,4.53,0.0041
North,M207,2023-04,5.25,0.0653
South,M207,2023-04,5.09,0.1323
East,M207,2023-04,5.77,0.097
West,M207,2023-04,6.42,0.0486
North,M209,2023-04,6.07,-0.0388
South,M209,2023-04,6.97,0.0414
East,M209,2023-04,5.74,0.0495
West,M209,2023-04,7.43,0.0815
North,M210,2023-04,6.26,0.0871
South,M210,2023-04,5.58,0.016
East,M210,2023-04,6.26,0.1019
West,M210,2023-04,6.01,-0.0451
North,M211,2023-04,5.64,0.1136
South,M211,2023-04,,0.0179
East,M211,2023-04,5.57,0.1061
West,M211,2023-04,5.02,0.0907
North,M212,2023-04,5.86,0.0867
South,M212,2023-04,6.84,-0.0491
East,M212,2023-04,7.22,0.0644
West,M212,2023-04,5.35,0.0397
North,M213,2023-04,5.07,0.1062
South,M213,2023-04,4.89,0.1118
East,M213,2023-04,5.74,-0.0181
West,M213,2023-04,5.36,0.0078
North,M217,2023-04,6.16,0.1414
South,M217,2023-04,7.27,0.0167
East,M217,2023-04,5.65,-0.0441
West,M217,2023-04,6.62,0.0849
North,M218,2023-04,4.7,0.0335
South,M218,2023-04,5.16,0.0755
East,M218,2023-04,5.97,0.114
West,M218,2023-04,6.4,0.0856
North,M219,2023-04,5.14,0.1062
South,M219,2023-04,5.95,0.0413
East,M219,2023-04,5.25,0.0365
West,M219,2023-04,5.94,-0.0126
North,M220,2023-04,5.02,0.0188
South,M220,2023-04,4.91,0.0194
East,M220,2023-04,4.68,0.0148
West,M220,2023-04,4.78,-0.0451
North,M223,2023-04,6.96,0.0035
South,M223,2023-04,6.99,-0.0164
East,M223,2023-04,5.85,0.052
West,M223,2023-04,5.27,-0.0392
North,M225,2023-04,5.62,0.0782
South,M225,2023-04,5.62,0.0071
East,M225,2023-04,6.18,0.067
West,M225,2023-04,6.21,0.0072
North,M101,2023-05,7.71,-0.0263
South,M101,2023-05,8.19,0.0158
East,M101,2023-05,8.29,-0.0108
West,M101,2023-05,6.88,0.017
North,M103,2023-05,6.32,-0.0291
South,M103,2023-05,6.89,0.057
East,M103,2023-05,6.99,0.081
West,M103,2023-05,6.8,-0.0173
North,M105,2023-05,7.38,0.083
South,M105,2023-05,6.72,-0.0196
East,M105,2023-05,6.38,0.0421
West,M105,2023-05,8.15,-0.0326
North,M110,2023-05,5.98,0.0928
South,M110,2023-05,5.7,0.0422
East,M110,2023-05,6.82,-0.0397
West,M110,2023-05,5.47,-0.0495
North,M112,2023-05,6.67,-0.0189
South,M112,2023-05,5.68,0.0869
East,M112,2023-05,6.63,0.0006
West,M112,2023-05,6.69,0.0112
North,M116,2023-05,6.36,0.0534
South,M116,2023-05,6.56,0.0336
East,M116,2023-05,6.18,0.0901
West,M116,2023-05,6.45,0.0419
North,M119,2023-05,7.79,0.0547
South,M119,2023-05,7.28,-0.0337
East,M119,2023-05,8.41,-0.0175
West,M119,2023-05,7.31,0.1174
North,M124,2023-05,8.45,-0.0445
South,M124,2023-05,7.62,-0.0232
East,M124,2023-05,7.82,0.0894
West,M124,2023-05,7.96,0.1313
North,M127,2023-05,8.99,0.1359
South,M127,2023-05,7.01,0.0576
East,M127,2023-05,8.94,0.0646
West,M127,2023-05,5.91,-0.0312
North,M128,2023-05,7.3,-0.0046
South,M128,2023-05,6.12,0.1234
East,M128,2023-05,7.18,0.088
West,M128,2023-05,5.82,-0.0282
North,M131,2023-05,7.56,0.1478
South,M131,2023-05,5.1,-0.0096
East,M131,2023-05,7.7,-0.0388
West,M131,2023-05,5.95,0.0139
North,M132,2023-05,6.63,0.1032
South,M132,2023-05,6.09,0.043
East,M132,2023-05,7.17,0.1321
West,M132,2023-05,4.67,0.1143
North,M137,2023-05,8.0,-0.0391
South,M137,2023-05,6.03,0.0768
East,M137,2023-05,9.51,0.0987
West,M137,2023-05,5.7,0.1062
North,M140,2023-05,7.25,0.1161
South,M140,2023-05,4.58,0.0859
East,M140,2023-05,5.54,0.1433
West,M140,2023-05,5.53,-0.0084
North,M143,2023-05,8.12,-0.0352
South,M143,2023-05,5.71,0.1109
East,M143,2023-05,8.0,0.1123
West,M143,2023-05,5.56,0.0942
North,M144,2023-05,8.94,0.078
South,M144,2023-05,6.75,0.1209
East,M144,2023-05,7.38,-0.0104
West,M144,2023-05,6.06,-0.0413
North,M146,2023-05,8.35,0.0124
South,M146,2023-05,5.8,0.0767
East,M146,2023-05,8.39,0.1483
West,M146,2023-05,5.74,-0.0192
North,M147,2023-05,7.32,0.0139
South,M147,2023-05,6.59,0.1127
East,M147,2023-05,7.46,0.129
West,M147,2023-05,7.06,0.0726
North,M150,2023-05,7.72,0.0562
South,M150,2023-05,6.91,0.1191
East,M150,2023-05,8.04,0.0513
West,M150,2023-05,5.77,0.0625
North,M154,2023-05,5.07,-0.0049
South,M154,2023-05,5.86,0.0304
East,M154,2023-05,4.29,-0.0373
West,M154,2023-05,4.81,0.1266
North,M156,2023-05,4.45,0.0094
South,M156,2023-05,6.7,-0.0415
East,M156,2023-05,4.97,0.0477
West,M156,2023-05,5.14,0.1182
North,M159,2023-05,,0.0747
South,M159,2023-05,5.69,0.0759
East,M159,2023-05,2.6,-0.048
West,M159,2023-05,3.1,0.0241
North,M160,2023-05,3.51,-0.0469
South,M160,2023-05,6.07,0.0194
East,M160,2023-05,3.95,0.0724
West,M160,2023-05,5.24,0.0295
North,M163,2023-05,3.88,0.0681
South,M163,2023-05,6.26,0.0925
East,M163,2023-05,3.14,-0.0137
West,M163,2023-05,3.32,0.0299
North,M167,2023-05,4.91,0.1235
South,M167,2023-05,7.23,0.0439
East,M167,2023-05,5.22,-0.0008
West,M167,2023-05,5.05,-0.0343
North,M169,2023-05,5.07,0.119
South,M169,2023-05,7.82,-0.0401
East,M169,2023-05,5.4,-0.0282
West,M169,2023-05,5.36,0.0608
North,M172,2023-05,4.53,0.1021
South,M172,2023-05,5.58,-0.0237
East,M172,2023-05,3.74,-0.0227
West,M172,2023-05,3.69,-0.0158
North,M174,2023-05,3.99,0.0883
South,M174,2023-05,7.09,-0.0446
East,M174,2023-05,3.89,0.1376
West,M174,2023-05,3.85,-0.0178
North,M182,2023-05,5.46,0.0781
South,M182,2023-05,7.09,0.0928
East,M182,2023-05,4.6,-0.0176
West,M182,2023-05,6.07,0.0772
North,M186,2023-05,5.75,0.0677
South,M186,2023-05,8.01,0.005
East,M186,2023-05,6.25,0.0072
West,M186,2023-05,8.02,0.1433
North,M189,2023-05,6.57,0.0417
South,M189,2023-05,8.18,-0.0362
East,M189,2023-05,5.4,-0.0499
West,M189,2023-05,7.24,0.0284
North,M191,2023-05,6.23,-0.0391
South,M191,2023-05,6.77,-0.0256
East,M191,2023-05,6.38,0.1179
West,M191,2023-05,6.13,0.0992
North,M192,2023-05,6.11,-0.0126
South,M192,2023-05,5.89,0.0696
East,M192,2023-05,5.37,0.0401
West,M192,2023-05,6.51,0.0982
North,M194,2023-05,7.24,0.0505
South,M194,2023-05,7.7,0.0688
East,M194,2023-05,6.19,0.1392
West,M194,2023-05,9.28,0.0941
North,M195,2023-05,5.57,0.1356
South,M195,2023-05,7.36,0.0176
East,M195,2023-05,7.39,0.0471
West,M195,2023-05,7.06,0.0911
North,M197,2023-05,5.76,-0.0415
South,M197,2023-05,6.59,0.0056
East,M197,2023-05,4.07,0.1349
West,M197,2023-05,5.53,0.0003
North,M199,2023-05,5.0,-0.0447
South,M199,2023-05,6.9,-0.0059
East,M199,2023-05,5.67,0.0895
West,M199,2023-05,6.27,0.1318
North,M200,2023-05,5.23,-0.0122
South,M200,2023-05,6.33,-0.0274
East,M200,2023-05,5.68,0.0606
West,M200,2023-05,6.67,0.1228
North,M203,2023-05,5.77,0.0517
South,M203,2023-05,7.24,0.0748
East,M203,2023-05,6.81,0.0719
West,M203,2023-05,6.03,0.0659
North,M206,2023-05,5.31,0.0464
South,M206,2023-05,4.96,0.0899
East,M206,2023-05,4.19,0.0454
West,M206,2023-05,4.27,0.0862
North,M207,2023-05,4.93,0.0619
South,M207,2023-05,6.64,0.0371
East,M207,2023-05,6.52,0.0096
West,M207,2023-05,6.26,0.0938
North,M209,2023-05,6.88,0.074
South,M209,2023-05,5.91,0.0233
East,M209,2023-05,6.66,-0.0417
West,M209,2023-05,6.65,-0.0227
North,M210,2023-05,5.94,0.1377
South,M210,2023-05,,-0.0155
East,M210,2023-05,5.91,0.0238
West,M210,2023-05,5.87,0.0028
North,M211,2023-05,5.68,0.0992
South,M211,2023-05,4.55,0.0236
East,M211,2023-05,5.9,0.0107
West,M211,2023-05,4.57,0.0316
North,M212,2023-05,6.1,-0.0448
South,M212,2023-05,6.55,0.0031
East,M212,2023-05,5.36,0.0305
West,M212,2023-05,6.23,0.0349
North,M213,2023-05,5.24,0.1185
South,M213,2023-05,5.36,0.093
East,M213,2023-05,4.76,0.1201
West,M213,2023-05,6.17,0.0316
North,M217,2023-05,5.72,0.0097
South,M217,2023-05,5.7,0.1289
East,M217,2023-05,7.12,0.0457
West,M217,2023-05,6.27,0.0923
North,M218,2023-05,5.0,0.0717
South,M218,2023-05,5.29,0.0323
East,M218,2023-05,5.11,0.0738
West,M218,2023-05,6.4,0.0953
North,M219,2023-05,6.61,-0.0127
South,M219,2023-05,6.69,0.122
East,M219,2023-05,5.51,0.0063
West,M219,2023-05,5.81,0.0377
North,M220,2023-05,5.23,0.0064
South,M220,2023-05,4.99,0.1238
East,M220,2023-05,4.05,0.0974
West,M220,2023-05,4.89,-0.042
North,M223,2023-05,5.24,-0.023
South,M223,2023-05,7.11,0.0547
East,M223,2023-05,5.12,0.078
West,M223,2023-05,6.99,0.0978
North,M225,2023-05,5.75,0.0806
South,M225,2023-05,4.84,-0.0361
East,M225,2023-05,4.9,0.0946
West,M225,2023-05,5.66,0.0875
North,M101,2023-06,8.43,0.1335
South,M101,2023-06,7.32,0.0637
East,M101,2023-06,7.39,0.0328
West,M101,2023-06,7.08,-0.024
North,M103,2023-06,6.46,0.1195
South,M103,2023-06,7.71,-0.0442
East,M103,2023-06,7.04,-0.0066
West,M103,2023-06,7.07,0.0411
North,M105,2023-06,6.59,-0.0469
South,M105,2023-06,6.82,0.0215
East,M105,2023-06,6.19,0.0545
West,M105,2023-06,6.65,0.0306
North,M110,2023-06,6.02,0.0939
South,M110,2023-06,6.75,0.0871
East,M110,2023-06,5.01,0.058
West,M110,2023-06,5.11,-0.0256
North,M112,2023-06,5.68,-0.0152
South,M112,2023-06,6.98,0.0012
East,M112,2023-06,7.03,0.0026
West,M112,2023-06,5.6,0.1214
North,M116,2023-06,,0.001
South,M116,2023-06,7.06,0.1394
East,M116,2023-06,6.36,0.0898
West,M116,2023-06,6.66,-0.0351
North,M119,2023-06,6.97,0.0144
South,M119,2023-06,6.74,0.0112
East,M119,2023-06,8.31,0.0101
West,M119,2023-06,6.72,0.0938
North,M122,2023-06,7.19,0.0849
South,M122,2023-06,7.38,-0.004
East,M122,2023-06,7.59,0.0844
West,M122,2023-06,8.97,0.081
North,M124,2023-06,7.82,0.1166
South,M124,2023-06,7.85,0.1046
East,M124,2023-06,8.34,-0.0449
West,M124,2023-06,7.86,-0.0271
North,M127,2023-06,8.4,0.0403
South,M127,2023-06,6.36,0.0674
East,M127,2023-06,8.05,0.0786
West,M127,2023-06,5.98,0.1297
North,M128,2023-06,8.43,0.0682
South,M128,2023-06,6.93,0.1101
East,M128,2023-06,7.49,0.0915
West,M128,2023-06,6.77,0.0353
North,M131,2023-06,7.63,0.0565
South,M131,2023-06,6.06,0.1208
East,M131,2023-06,8.02,0.0597
West,M131,2023-06,6.4,-0.036
North,M132,2023-06,7.05,0.0959
South,M132,2023-06,5.41,0.1138
East,M132,2023-06,5.9,0.0485
West,M132,2023-06,5.01,0.0826
North,M137,2023-06,8.07,-0.0477
South,M137,2023-06,5.28,-0.023
East,M137,2023-06,9.08,0.1085
West,M137,2023-06,6.54,0.0889
North,M143,2023-06,8.51,0.1024
South,M143,2023-06,6.94,-0.0143
East,M143,2023-06,7.86,0.1083
West,M143,2023-06,5.72,0.0275
North,M144,2023-06,7.27,0.1153
South,M144,2023-06,6.94,0.1434
East,M144,2023-06,8.41,0.0263
West,M144,2023-06,6.79,0.1263
North,M146,2023-06,7.54,0.1402
South,M146,2023-06,5.55,-0.0325
East,M146,2023-06,8.35,-0.0497
West,M146,2023-06,5.18,0.0636
North,M147,2023-06,8.72,0.1499
South,M147,2023-06,6.24,0.1015
East,M147,2023-06,7.44,-0.0043
West,M147,2023-06,7.07,0.0666
North,M150,2023-06,4.06,0.0282
South,M150,2023-06,3.3,0.0486
East,M150,2023-06,2.78,0.0208
West,M150,2023-06,2.95,-0.0426
North,M154,2023-06,4.45,0.0717
South,M154,2023-06,5.6,0.0751
East,M154,2023-06,3.17,0.0919
West,M154,2023-06,4.32,0.0203
North,M156,2023-06,4.91,0.0362
South,M156,2023-06,5.33,0.067
East,M156,2023-06,4.46,0.1188
West,M156,2023-06,3.48,0.0285
North,M159,2023-06,3.47,0.0692
South,M159,2023-06,5.91,0.1437
East,M159,2023-06,3.61,-0.0265
West,M159,2023-06,3.99,0.1297
North,M160,2023-06,3.46,-0.0079
South,M160,2023-06,5.56,-0.0471
East,M160,2023-06,3.11,0.04
West,M160,2023-06,3.4,0.0891
North,M163,2023-06,4.77,0.0371
South,M163,2023-06,5.21,0.0886
East,M163,2023-06,4.16,-0.0123
West,M163,2023-06,3.81,-0.0102
North,M167,2023-06,5.25,0.0392
South,M167,2023-06,6.82,-0.0235
East,M167,2023-06,3.86,0.0932
West,M167,2023-06,4.0,-0.0428
North,M168,2023-06,4.28,-0.0074
South,M168,2023-06,7.07,0.0384
East,M168,2023-06,4.61,0.1403
West,M168,2023-06,5.59,0.015
North,M169,2023-06,3.47,0.0017
South,M169,2023-06,6.66,0.0069
East,M169,2023-06,4.52,-0.0498
West,M169,2023-06,3.53,0.0591
North,M172,2023-06,4.59,-0.0085
South,M172,2023-06,5.97,-0.0269
East,M172,2023-06,3.56,0.1231
West,M172,2023-06,4.07,0.0014
North,M174,2023-06,3.52,-0.0481
South,M174,2023-06,6.65,0.0428
East,M174,2023-06,4.31,0.1113
West,M174,2023-06,4.04,0.0297
North,M182,2023-06,5.36,0.0292
South,M182,2023-06,6.17,-0.0404
East,M182,2023-06,4.68,0.099
West,M182,2023-06,6.95,0.0935
North,M186,2023-06,5.5,-0.025
South,M186,2023-06,6.38,0.118
East,M186,2023-06,5.52,-0.0463
West,M186,2023-06,6.58,0.1214
North,M189,2023-06,4.62,-0.0461
South,M189,2023-06,7.63,0.0105
East,M189,2023-06,6.13,0.0162
West,M189,2023-06,6.21,0.0561
North,M191,2023-06,4.97,0.1117
South,M191,2023-06,7.47,0.075
East,M191,2023-06,6.13,0.0837
West,M191,2023-06,6.57,-0.012
North,M192,2023-06,5.86,-0.0415
South,M192,2023-06,6.52,0.0382
East,M192,2023-06,4.81,0.0107
West,M192,2023-06,6.51,-0.0051
North,M194,2023-06,6.86,-0.0036
South,M194,2023-06,8.67,0.0741
East,M194,2023-06,7.2,0.0377
West,M194,2023-06,7.58,0.0706
North,M195,2023-06,6.17,-0.0291
South,M195,2023-06,8.29,-0.0141
East,M195,2023-06,6.43,0.0071
West,M195,2023-06,8.04,0.0574
North,M197,2023-06,5.54,-0.0095
South,M197,2023-06,5.98,-0.0343
East,M197,2023-06,4.08,0.142
West,M197,2023-06,5.4,0.0484
North,M199,2023-06,3.03,0.1363
South,M199,2023-06,3.01,0.0256
East,M199,2023-06,3.34,0.0511
West,M199,2023-06,3.44,-0.018
North,M203,2023-06,5.91,0.1195
South,M203,2023-06,6.01,0.0653
East,M203,2023-06,6.4,0.0905
West,M203,2023-06,7.12,0.0101
North,M206,2023-06,4.45,0.0879
South,M206,2023-06,5.62,-0.0113
East,M206,2023-06,5.63,0.0008
West,M206,2023-06,5.82,0.0705
North,M207,2023-06,5.01,0.0015
South,M207,2023-06,6.18,-0.0413
East,M207,2023-06,6.17,0.0161
West,M207,2023-06,5.41,0.0919
North,M209,2023-06,5.78,0.0826
South,M209,2023-06,5.74,0.0433
East,M209,2023-06,6.54,0.0736
West,M209,2023-06,6.93,0.0892
North,M210,2023-06,5.17,-0.0349
South,M210,2023-06,4.27,0.0775
East,M210,2023-06,4.59,0.136
West,M210,2023-06,4.7,-0.0141
North,M211,2023-06,5.14,0.0791
South,M211,2023-06,4.59,-0.0326
East,M211,2023-06,4.5,0.062
West,M211,2023-06,4.3,0.1006
North,M212,2023-06,6.48,0.02
South,M212,2023-06,5.98,-0.0055
East,M212,2023-06,6.75,-0.01
West,M212,2023-06,5.77,0.0801
North,M213,2023-06,6.33,0.0356
South,M213,2023-06,5.62,-0.0499
East,M213,2023-06,6.28,0.1
West,M213,2023-06,5.69,0.0774
North,M217,2023-06,7.09,-0.0381
South,M217,2023-06,5.74,-0.0082
East,M217,2023-06,7.3,-0.0138
West,M217,2023-06,5.81,0.149
North,M218,2023-06,6.23,0.0369
South,M218,2023-06,5.15,0.0373
East,M218,2023-06,6.12,0.0517
West,M218,2023-06,6.24,-0.0187
North,M219,2023-06,6.34,0.0333
South,M219,2023-06,6.03,0.0555
East,M219,2023-06,6.33,0.0989
West,M219,2023-06,5.89,0.0274
North,M220,2023-06,4.67,-0.0441
South,M220,2023-06,5.13,-0.0328
East,M220,2023-06,4.9,0.0951
West,M220,2023-06,4.27,-0.019
North,M223,2023-06,5.96,-0.0095
South,M223,2023-06,6.83,0.0701
East,M223,2023-06,6.97,0.0392
West,M223,2023-06,5.63,0.0614
North,M225,2023-06,5.41,0.0021
South,M225,2023-06,4.73,0.1495
East,M225,2023-06,5.98,-0.0271
West,M225,2023-06,4.84,0.1256
North,M101,2023-07,8.42,0.1064
South,M101,2023-07,7.7,0.1126
East,M101,2023-07,8.4,-0.0138
West,M101,2023-07,7.3,0.0457
North,M103,2023-07,6.72,0.1023
South,M103,2023-07,6.63,-0.0472
East,M103,2023-07,7.5,0.1437
West,M103,2023-07,7.46,-0.0006
North,M105,2023-07,6.84,0.0158
South,M105,2023-07,6.74,0.1378
East,M105,2023-07,6.31,0.0657
West,M105,2023-07,6.82,0.1271
North,M112,2023-07,6.32,0.0509
South,M112,2023-07,6.74,0.0823
East,M112,2023-07,6.86,-0.0478
West,M112,2023-07,7.22,0.0437
North,M116,2023-07,6.98,-0.0171
South,M116,2023-07,6.33,-0.002
East,M116,2023-07,6.52,-0.0207
West,M116,2023-07,7.18,0.1203
North,M119,2023-07,7.72,-0.0033
South,M119,2023-07,8.32,0.0033
East,M119,2023-07,7.06,0.074
West,M119,2023-07,8.34,-0.002
North,M122,2023-07,7.86,0.1195
South,M122,2023-07,8.83,0.0731
East,M122,2023-07,9.22,0.1275
West,M122,2023-07,8.76,0.0349
North,M124,2023-07,7.79,0.128
South,M124,2023-07,7.98,0.0773
East,M124,2023-07,6.84,0.0301
West,M124,2023-07,8.52,0.1376
North,M127,2023-07,7.45,0.0378
South,M127,2023-07,6.17,0.0391
East,M127,2023-07,8.02,0.1386
West,M127,2023-07,5.41,-0.0255
North,M128,2023-07,8.81,0.0981
South,M128,2023-07,5.61,0.1189
East,M128,2023-07,7.51,0.049
West,M128,2023-07,5.31,0.078
North,M131,2023-07,6.92,0.0882
South,M131,2023-07,4.99,0.1234
East,M131,2023-07,7.92,0.0121
West,M131,2023-07,6.11,0.0949
North,M132,2023-07,6.56,0.0965
South,M132,2023-07,4.97,-0.0155
East,M132,2023-07,6.98,-0.014
West,M132,2023-07,4.94,0.076
North,M137,2023-07,7.56,0.0805
South,M137,2023-07,7.17,0.038
East,M137,2023-07,9.28,0.0285
West,M137,2023-07,6.28,0.0538
North,M143,2023-07,8.04,-0.0218
South,M143,2023-07,5.99,-0.0155
East,M143,2023-07,8.81,0.0695
West,M143,2023-07,5.19,0.107
North,M144,2023-07,7.05,-0.0055
South,M144,2023-07,5.79,0.0039
East,M144,2023-07,8.67,0.1244
West,M144,2023-07,6.42,0.0192
North,M146,2023-07,6.87,0.1215
South,M146,2023-07,6.46,0.1153
East,M146,2023-07,6.9,0.1064
West,M146,2023-07,6.5,-0.0448
North,M147,2023-07,8.23,0.145
South,M147,2023-07,6.61,-0.0266
East,M147,2023-07,7.51,0.1303
West,M147,2023-07,5.99,-0.0107
North,M150,2023-07,7.95,0.0198
South,M150,2023-07,7.25,0.1422
East,M150,2023-07,7.64,0.0975
West,M150,2023-07,6.72,0.0966
North,M154,2023-07,3.16,0.1396
South,M154,2023-07,6.34,0.1039
East,M154,2023-07,4.29,0.0678
West,M154,2023-07,4.31,0.1026
North,M156,2023-07,4.6,-0.0035
South,M156,2023-07,6.33,0.0221
East,M156,2023-07,4.15,0.0239
West,M156,2023-07,3.48,0.1298
North,M159,2023-07,4.13,0.0113
South,M159,2023-07,4.9,-0.0114
East,M159,2023-07,3.32,0.0521
West,M159,2023-07,3.9,-0.0039
North,M160,2023-07,3.8,0.0765
South,M160,2023-07,6.17,0.0124
East,M160,2023-07,3.41,0.1253
West,M160,2023-07,2.86,0.1409
North,M163,2023-07,4.39,0.1219
South,M163,2023-07,6.16,0.0768
East,M163,2023-07,3.64,-0.0454
West,M163,2023-07,3.17,0.0089
North,M167,2023-07,4.82,0.1013
South,M167,2023-07,5.84,0.0033
East,M167,2023-07,4.12,0.1022
West,M167,2023-07,4.85,0.0704
North,M168,2023-07,4.68,-0.038
South,M168,2023-07,6.99,0.046
East,M168,2023-07,5.46,0.1362
West,M168,2023-07,4.14,0.0684
North,M169,2023-07,4.36,0.1141
South,M169,2023-07,6.5,-0.0418
East,M169,2023-07,,0.0833
West,M169,2023-07,4.91,0.0743
North,M172,2023-07,5.23,0.0352
South,M172,2023-07,6.17,-0.0378
East,M172,2023-07,4.6,-0.0431
West,M172,2023-07,3.82,0.1434
North,M174,2023-07,3.28,0.0153
South,M174,2023-07,7.09,0.034
East,M174,2023-07,3.26,0.1038
West,M174,2023-07,3.46,0.0048
North,M182,2023-07,6.14,0.1331
South,M182,2023-07,6.62,-0.0295
East,M182,2023-07,6.07,0.1472
West,M182,2023-07,6.16,0.0763
North,M186,2023-07,5.68,0.0656
South,M186,2023-07,7.22,0.0971
East,M186,2023-07,4.58,0.1482
West,M186,2023-07,7.48,-0.0406
North,M187,2023-07,7.28,0.0086
South,M187,2023-07,8.17,0.1409
East,M187,2023-07,6.69,0.1182
West,M187,2023-07,7.92,0.0584
North,M189,2023-07,5.29,0.1302
South,M189,2023-07,8.33,0.1474
East,M189,2023-07,5.72,-0.0285
West,M189,2023-07,6.51,0.1148
North,M191,2023-07,1.73,-0.0464
South,M191,2023-07,2.65,0.0099
East,M191,2023-07,2.56,0.081
West,M191,2023-07,3.66,-0.0248
North,M192,2023-07,4.54,-0.0433
South,M192,2023-07,6.15,-0.0097
East,M192,2023-07,5.8,-0.0442
West,M192,2023-07,6.36,0.0188
North,M194,2023-07,6.32,0.0117
South,M194,2023-07,9.05,0.0984
East,M194,2023-07,6.58,0.114
West,M194,2023-07,8.15,0.0101
North,M195,2023-07,6.47,0.0324
South,M195,2023-07,7.95,0.0145
East,M195,2023-07,7.24,0.0309
West,M195,2023-07,8.31,0.0066
North,M197,2023-07,5.61,0.0777
South,M197,2023-07,6.05,0.1407
East,M197,2023-07,4.5,0.078
West,M197,2023-07,5.56,-0.0304
North,M199,2023-07,4.49,0.1052
South,M199,2023-07,6.01,0.1038
East,M199,2023-07,5.49,0.0749
West,M199,2023-07,7.22,-0.0355
North,M203,2023-07,6.11,0.0853
South,M203,2023-07,6.8,0.1251
East,M203,2023-07,5.19,-0.0122
West,M203,2023-07,5.62,-0.0435
North,M206,2023-07,5.6,0.0562
South,M206,2023-07,5.99,0.1323
East,M206,2023-07,5.09,0.0468
West,M206,2023-07,5.59,0.1138
North,M207,2023-07,5.65,-0.0453
South,M207,2023-07,5.46,-0.0335
East,M207,2023-07,4.66,0.108
West,M207,2023-07,5.38,0.0112
North,M209,2023-07,5.92,0.0414
South,M209,2023-07,6.26,-0.0345
East,M209,2023-07,5.59,0.0946
West,M209,2023-07,5.91,0.1348
North,M210,2023-07,4.49,-0.0356
South,M210,2023-07,4.66,0.0919
East,M210,2023-07,4.61,-0.0495
West,M210,2023-07,6.4,0.0216
North,M211,2023-07,5.76,0.1201
South,M211,2023-07,6.24,-0.0115
East,M211,2023-07,4.81,-0.0483
West,M211,2023-07,5.76,0.0151
North,M212,2023-07,5.59,0.0899
South,M212,2023-07,5.73,0.0222
East,M212,2023-07,5.11,0.1374
West,M212,2023-07,6.28,0.0885
North,M213,2023-07,6.04,0.0391
South,M213,2023-07,4.7,0.0724
East,M213,2023-07,5.89,-0.0209
West,M213,2023-07,5.08,0.0363
North,M217,2023-07,5.3,0.0116
South,M217,2023-07,7.02,0.1
East,M217,2023-07,5.15,0.0186
West,M217,2023-07,6.59,0.0323
North,M218,2023-07,4.92,0.1136
South,M218,2023-07,5.59,0.0097
East,M218,2023-07,4.94,0.0774
West,M218,2023-07,4.77,0.0919
North,M219,2023-07,5.47,-0.0255
South,M219,2023-07,5.94,0.0175
East,M219,2023-07,5.77,0.0801
West,M219,2023-07,6.84,0.0597
North,M220,2023-07,5.56,-0.0116
South,M220,2023-07,5.28,-0.0018
East,M220,2023-07,4.83,-0.015
West,M220,2023-07,5.28,0.0028
North,M223,2023-07,6.13,0.1463
South,M223,2023-07,5.95,0.0961
East,M223,2023-07,6.48,0.096
West,M223,2023-07,5.66,0.1307
North,M225,2023-07,6.14,0.0549
South,M225,2023-07,4.82,0.0295
East,M225,2023-07,5.34,-0.0142
West,M225,2023-07,4.73,-0.013
North,M101,2023-08,7.21,0.1407
South,M101,2023-08,8.3,-0.0341
East,M101,2023-08,8.55,0.0421
West,M101,2023-08,8.37,0.1175
North,M103,2023-08,7.71,0.0172
South,M103,2023-08,7.06,0.0936
East,M103,2023-08,7.54,0.0348
West,M103,2023-08,6.45,-0.0225
North,M105,2023-08,6.98,0.0111
South,M105,2023-08,6.54,0.1352
East,M105,2023-08,7.35,-0.0381
West,M105,2023-08,6.34,0.0734
North,M111,2023-08,8.44,-0.0155
South,M111,2023-08,7.79,0.0796
East,M111,2023-08,8.59,0.0125
West,M111,2023-08,7.83,0.1007
North,M112,2023-08,7.41,0.0082
South,M112,2023-08,7.35,-0.0226
East,M112,2023-08,6.18,-0.0379
West,M112,2023-08,5.71,-0.0061
North,M116,2023-08,5.58,-0.0368
South,M116,2023-08,6.4,-0.013
East,M116,2023-08,6.11,0.0456
West,M116,2023-08,6.91,0.1429
North,M119,2023-08,7.56,0.0734
South,M119,2023-08,8.29,0.1432
East,M119,2023-08,6.86,0.0355
West,M119,2023-08,8.3,0.0299
North,M122,2023-08,8.81,0.0667
South,M122,2023-08,8.87,0.0892
East,M122,2023-08,7.65,0.0372
West,M122,2023-08,8.5,-0.0077
North,M124,2023-08,6.37,0.0369
South,M124,2023-08,6.92,0.0403
East,M124,2023-08,7.74,-0.012
West,M124,2023-08,7.47,0.1391
North,M125,2023-08,7.93,0.0732
South,M125,2023-08,7.61,0.0816
East,M125,2023-08,8.6,-0.0244
West,M125,2023-08,7.23,0.1187
North,M127,2023-08,8.35,0.1446
South,M127,2023-08,6.38,0.1412
East,M127,2023-08,7.42,-0.0053
West,M127,2023-08,6.21,-0.008
North,M128,2023-08,8.32,-0.0035
South,M128,2023-08,5.54,0.14
East,M128,2023-08,8.07,0.1225
West,M128,2023-08,7.08,0.0856
North,M131,2023-08,7.94,0.0473
South,M131,2023-08,5.45,0.1492
East,M131,2023-08,7.73,0.1295
West,M131,2023-08,6.06,0.0488
North,M132,2023-08,7.21,0.0666
South,M132,2023-08,5.76,0.0144
East,M132,2023-08,6.15,0.0301
West,M132,2023-08,4.29,-0.008
North,M137,2023-08,9.18,0.0105
South,M137,2023-08,7.09,0.146
East,M137,2023-08,8.87,0.1201
West,M137,2023-08,6.39,0.0423
North,M143,2023-08,7.59,-0.0448
South,M143,2023-08,6.1,0.0887
East,M143,2023-08,7.74,0.145
West,M143,2023-08,6.45,0.0764
North,M144,2023-08,7.39,0.0967
South,M144,2023-08,6.68,0.0705
East,M144,2023-08,7.18,-0.0038
West,M144,2023-08,6.24,0.0279
North,M146,2023-08,8.43,0.0577
South,M146,2023-08,5.58,0.0417
East,M146,2023-08,6.75,0.0314
West,M146,2023-08,5.83,0.0934
North,M147,2023-08,8.33,0.0391
South,M147,2023-08,5.76,0.1445
East,M147,2023-08,8.52,-0.0249
West,M147,2023-08,6.97,-0.0015
North,M150,2023-08,8.41,0.0533
South,M150,2023-08,6.87,0.0135
East,M150,2023-08,8.13,-0.0258
West,M150,2023-08,5.69,0.0756
North,M152,2023-08,5.67,0.0824
South,M152,2023-08,7.33,-0.044
East,M152,2023-08,4.84,-0.0378
West,M152,2023-08,5.71,0.1165
North,M154,2023-08,4.08,0.1437
South,M154,2023-08,4.59,0.047
East,M154,2023-08,3.03,-0.0291
West,M154,2023-08,3.76,0.0676
North,M156,2023-08,3.35,0.0753
South,M156,2023-08,5.71,-0.0246
East,M156,2023-08,3.24,0.1076
West,M156,2023-08,4.97,0.1203
North,M159,2023-08,2.8,0.0769
South,M159,2023-08,4.92,0.1346
East,M159,2023-08,3.4,0.1019
West,M159,2023-08,4.09,0.0116
North,M160,2023-08,4.09,-0.0192
South,M160,2023-08,5.28,-0.0354
East,M160,2023-08,3.91,0.0312
West,M160,2023-08,3.99,-0.0187
North,M163,2023-08,2.98,0.0873
South,M163,2023-08,6.04,0.0339
East,M163,2023-08,4.1,-0.0036
West,M163,2023-08,3.2,0.0647
North,M167,2023-08,5.66,0.097
South,M167,2023-08,6.47,0.148
East,M167,2023-08,4.07,0.0249
West,M167,2023-08,3.68,-0.0417
North,M168,2023-08,5.63,0.0757
South,M168,2023-08,7.36,0.0172
East,M168,2023-08,4.92,0.0839
West,M168,2023-08,4.09,0.0661
North,M169,2023-08,3.67,0.0985
South,M169,2023-08,6.61,0.0855
East,M169,2023-08,3.21,0.0483
West,M169,2023-08,4.64,0.1395
North,M172,2023-08,4.14,-0.0127
South,M172,2023-08,6.93,0.1426
East,M172,2023-08,4.25,0.0253
West,M172,2023-08,4.49,0.0653
North,M174,2023-08,3.28,0.0207
South,M174,2023-08,5.29,0.1093
East,M174,2023-08,3.77,-0.0434
West,M174,2023-08,4.88,-0.0066
North,M182,2023-08,5.8,0.0411
South,M182,2023-08,5.87,0.0434
East,M182,2023-08,5.46,0.1241
West,M182,2023-08,7.35,0.0968
North,M186,2023-08,5.19,0.0581
South,M186,2023-08,6.31,0.1048
East,M186,2023-08,6.18,0.0442
West,M186,2023-08,7.25,-0.0073
North,M187,2023-08,6.56,-0.0385
South,M187,2023-08,7.4,-0.0434
East,M187,2023-08,6.25,0.0661
West,M187,2023-08,9.08,0.0228
North,M189,2023-08,6.33,0.0431
South,M189,2023-08,6.42,0.1091
East,M189,2023-08,6.0,-0.0016
West,M189,2023-08,6.12,0.0863
North,M191,2023-08,4.74,-0.0431
South,M191,2023-08,6.86,0.0926
East,M191,2023-08,4.77,0.0987
West,M191,2023-08,5.82,0.0434
North,M192,2023-08,4.74,0.0642
South,M192,2023-08,5.67,0.1268
East,M192,2023-08,5.59,0.0271
West,M192,2023-08,7.22,0.0124
North,M194,2023-08,6.83,-0.0202
South,M194,2023-08,8.34,0.1016
East,M194,2023-08,6.79,0.0088
West,M194,2023-08,8.29,0.1092
North,M195,2023-08,5.7,-0.0434
South,M195,2023-08,8.11,0.1349
East,M195,2023-08,,0.0143
West,M195,2023-08,8.43,-0.0025
North,M199,2023-08,5.35,0.1006
South,M199,2023-08,6.6,0.0151
East,M199,2023-08,6.42,0.0088
West,M199,2023-08,7.32,0.1245
North,M203,2023-08,5.4,0.1323
South,M203,2023-08,5.87,-0.0029
East,M203,2023-08,6.95,0.047
West,M203,2023-08,5.37,0.1128
North,M207,2023-08,5.45,0.0195
South,M207,2023-08,5.85,-0.0143
East,M207,2023-08,6.37,0.0694
West,M207,2023-08,6.32,-0.0239
North,M209,2023-08,6.87,0.0196
South,M209,2023-08,6.27,0.0386
East,M209,2023-08,6.76,0.1358
West,M209,2023-08,5.35,0.0859
North,M210,2023-08,4.56,0.1226
South,M210,2023-08,6.09,0.1296
East,M210,2023-08,5.27,-0.0029
West,M210,2023-08,5.1,0.0619
North,M211,2023-08,4.36,-0.0405
South,M211,2023-08,4.29,-0.0111
East,M211,2023-08,4.91,0.0771
West,M211,2023-08,4.6,-0.0135
North,M212,2023-08,5.92,0.0265
South,M212,2023-08,6.18,-0.0456
East,M212,2023-08,6.32,-0.0023
West,M212,2023-08,5.19,-0.0214
North,M213,2023-08,8.7,-0.0097
South,M213,2023-08,7.52,0.0062
East,M213,2023-08,8.45,0.0621
West,M213,2023-08,7.18,0.1103
North,M217,2023-08,5.88,-0.0068
South,M217,2023-08,6.29,-0.0147
East,M217,2023-08,7.0,-0.0149
West,M217,2023-08,5.64,0.0948
North,M218,2023-08,5.35,0.0641
South,M218,2023-08,4.86,0.0333
East,M218,2023-08,6.09,0.0958
West,M218,2023-08,5.86,0.0962
North,M219,2023-08,6.45,-0.0217
South,M219,2023-08,5.32,-0.0152
East,M219,2023-08,6.54,0.1484
West,M219,2023-08,6.36,-0.029
North,M220,2023-08,5.59,-0.0349
South,M220,2023-08,4.78,0.0512
East,M220,2023-08,5.28,0.0623
West,M220,2023-08,3.9,-0.0084
North,M223,2023-08,5.41,-0.0207
South,M223,2023-08,5.16,0.1158
East,M223,2023-08,5.0,0.0018
West,M223,2023-08,5.41,-0.0232
North,M225,2023-08,5.78,-0.0141
South,M225,2023-08,6.16,0.0131
East,M225,2023-08,5.07,-0.04
West,M225,2023-08,4.56,0.0657
North,M101,2023-09,7.95,0.1365
South,M101,2023-09,7.28,-0.0329
East,M101,2023-09,7.73,0.0905
West,M101,2023-09,7.96,-0.0492
North,M103,2023-09,6.93,0.0092
South,M103,2023-09,7.32,-0.0288
East,M103,2023-09,6.53,0.1127
West,M103,2023-09,6.14,0.0182
North,M105,2023-09,6.58,0.0783
South,M105,2023-09,6.46,0.1314
East,M105,2023-09,6.61,-0.0313
West,M105,2023-09,5.82,-0.0231
North,M111,2023-09,7.12,0.0974
South,M111,2023-09,7.35,0.0575
East,M111,2023-09,9.06,0.023
West,M111,2023-09,7.22,-0.0065
North,M112,2023-09,6.47,0.0517
South,M112,2023-09,7.3,0.144
East,M112,2023-09,6.23,0.0341
West,M112,2023-09,7.06,0.0737
North,M116,2023-09,7.11,0.1416
South,M116,2023-09,6.37,0.0671
East,M116,2023-09,6.42,-0.0224
West,M116,2023-09,6.37,0.0644
North,M119,2023-09,7.92,0.0873
South,M119,2023-09,8.47,0.0833
East,M119,2023-09,8.25,0.086
West,M119,2023-09,8.72,-0.0293
North,M122,2023-09,7.57,-0.0261
South,M122,2023-09,7.67,0.0916
East,M122,2023-09,7.28,-0.0302
West,M122,2023-09,7.1,0.1434
North,M124,2023-09,6.87,0.0681
South,M124,2023-09,7.62,-0.0315
East,M124,2023-09,8.12,0.0653
West,M124,2023-09,8.49,-0.0092
North,M125,2023-09,7.71,0.0823
South,M125,2023-09,7.98,-0.0027
East,M125,2023-09,7.92,0.0971
West,M125,2023-09,7.27,-0.0451
North,M127,2023-09,7.04,0.0145
South,M127,2023-09,6.63,0.0353
East,M127,2023-09,6.82,0.009
West,M127,2023-09,5.15,0.1426
North,M128,2023-09,8.13,0.1433
South,M128,2023-09,6.88,0.136
East,M128,2023-09,7.31,0.0392
West,M128,2023-09,5.26,0.0021
North,M131,2023-09,7.9,0.0778
South,M131,2023-09,5.33,0.0147
East,M131,2023-09,6.13,0.0589
West,M131,2023-09,6.25,-0.0206
North,M132,2023-09,6.17,0.0639
South,M132,2023-09,5.19,0.0009
East,M132,2023-09,6.92,-0.0153
West,M132,2023-09,4.93,0.0422
North,M133,2023-09,9.01,0.1408
South,M133,2023-09,7.63,0.0828
East,M133,2023-09,8.69,0.0987
West,M133,2023-09,6.4,0.071
North,M137,2023-09,7.52,-0.0002
South,M137,2023-09,6.22,-0.0066
East,M137,2023-09,8.34,0.1073
West,M137,2023-09,6.21,0.1197
North,M143,2023-09,6.68,0.1152
South,M143,2023-09,5.42,0.0405
East,M143,2023-09,6.56,0.1087
West,M143,2023-09,6.45,-0.0344
North,M144,2023-09,8.15,-0.0492
South,M144,2023-09,6.48,0.025
East,M144,2023-09,7.63,-0.0284
West,M144,2023-09,6.85,0.069
North,M146,2023-09,8.19,0.0276
South,M146,2023-09,6.29,0.0688
East,M146,2023-09,7.37,-0.0395
West,M146,2023-09,4.93,0.0726
North,M147,2023-09,7.22,-0.0289
South,M147,2023-09,5.98,0.1351
East,M147,2023-09,8.36,0.0879
West,M147,2023-09,6.34,0.0483
North,M150,2023-09,7.54,0.1267
South,M150,2023-09,6.39,0.0227
East,M150,2023-09,7.52,0.1449
West,M150,2023-09,,0.0282
North,M152,2023-09,4.2,0.0912
South,M152,2023-09,7.32,0.1361
East,M152,2023-09,4.09,0.0432
West,M152,2023-09,5.68,0.0063
North,M154,2023-09,3.79,0.0765
South,M154,2023-09,5.84,-0.0241
East,M154,2023-09,4.78,0.0733
West,M154,2023-09,3.7,0.0962
North,M156,2023-09,3.52,0.0144
South,M156,2023-09,5.94,-0.012
East,M156,2023-09,4.97,0.0739
West,M156,2023-09,3.94,0.1288
North,M160,2023-09,4.82,0.0218
South,M160,2023-09,6.35,0.0735
East,M160,2023-09,3.32,0.1264
West,M160,2023-09,4.04,0.0224
North,M161,2023-09,5.86,0.0815
South,M161,2023-09,6.54,0.0794
East,M161,2023-09,5.97,0.0885
West,M161,2023-09,4.39,0.0505
North,M163,2023-09,2.86,-0.0268
South,M163,2023-09,5.93,-0.0076
East,M163,2023-09,3.94,0.0166
West,M163,2023-09,4.62,0.135
North,M167,2023-09,5.12,0.0636
South,M167,2023-09,6.76,0.0815
East,M167,2023-09,4.72,-0.0029
West,M167,2023-09,5.11,0.0962
North,M168,2023-09,5.22,0.0151
South,M168,2023-09,7.23,0.0661
East,M168,2023-09,5.21,0.0098
West,M168,2023-09,4.25,0.0632
North,M169,2023-09,3.72,-0.0358
South,M169,2023-09,6.0,0.1458
East,M169,2023-09,3.55,0.1185
West,M169,2023-09,3.77,0.06
North,M172,2023-09,5.36,-0.0434
South,M172,2023-09,5.5,-0.0182
East,M172,2023-09,4.79,0.0881
West,M172,2023-09,5.43,-0.0098
North,M174,2023-09,3.73,0.0261
South,M174,2023-09,6.75,-0.04
East,M174,2023-09,4.13,0.1263
West,M174,2023-09,4.37,0.0141
North,M181,2023-09,,-0.0444
South,M181,2023-09,8.54,0.1134
East,M181,2023-09,7.33,0.0066
West,M181,2023-09,8.11,0.1433
North,M182,2023-09,4.68,-0.0295
South,M182,2023-09,6.85,0.0924
East,M182,2023-09,4.25,-0.0194
West,M182,2023-09,5.7,-0.0213
North,M186,2023-09,5.07,-0.0079
South,M186,2023-09,5.85,0.0877
East,M186,2023-09,4.53,-0.0313
West,M186,2023-09,6.68,0.1158
North,M187,2023-09,6.77,-0.039
South,M187,2023-09,8.29,-0.0247
East,M187,2023-09,6.84,0.0736
West,M187,2023-09,8.1,0.0489
North,M189,2023-09,5.54,0.0127
South,M189,2023-09,7.84,-0.0227
East,M189,2023-09,5.35,0.1147
West,M189,2023-09,6.47,0.0769
North,M191,2023-09,4.97,0.0961
South,M191,2023-09,5.94,0.1338
East,M191,2023-09,4.3,-0.01
West,M191,2023-09,5.21,-0.0322
North,M192,2023-09,4.35,-0.0402
South,M192,2023-09,6.91,0.0823
East,M192,2023-09,5.75,-0.0418
West,M192,2023-09,6.32,-0.0014
North,M194,2023-09,7.72,-0.0262
South,M194,2023-09,8.38,0.1268
East,M194,2023-09,7.69,0.0937
West,M194,2023-09,8.71,0.0917
North,M195,2023-09,7.28,0.1169
South,M195,2023-09,10.0,0.0939
East,M195,2023-09,7.5,0.0751
West,M195,2023-09,10.0,0.0266
North,M199,2023-09,4.24,-0.0123
South,M199,2023-09,5.84,0.0556
East,M199,2023-09,4.96,0.0832
West,M199,2023-09,5.73,0.1111
North,M203,2023-09,5.23,0.1358
South,M203,2023-09,5.49,0.1337
East,M203,2023-09,6.29,0.1494
West,M203,2023-09,6.54,0.1041
North,M207,2023-09,4.93,0.1086
South,M207,2023-09,5.55,-0.002
East,M207,2023-09,5.37,0.0819
West,M207,2023-09,6.46,0.0863
North,M209,2023-09,6.16,0.0403
South,M209,2023-09,5.84,0.0684
East,M209,2023-09,6.6,0.0112
West,M209,2023-09,5.5,0.0504
North,M210,2023-09,4.51,-0.0385
South,M210,2023-09,4.12,0.0746
East,M210,2023-09,,-0.0411
West,M210,2023-09,5.27,0.0744
North,M211,2023-09,4.99,0.0542
South,M211,2023-09,5.01,0.018
East,M211,2023-09,5.41,0.1381
West,M211,2023-09,5.92,0.12
North,M212,2023-09,5.91,0.1339
South,M212,2023-09,5.32,0.1473
East,M212,2023-09,6.59,0.0091
West,M212,2023-09,6.29,0.0885
North,M213,2023-09,5.61,0.0731
South,M213,2023-09,5.87,0.0615
East,M213,2023-09,5.55,0.0978
West,M213,2023-09,,0.1346
North,M217,2023-09,7.32,0.1307
South,M217,2023-09,7.2,0.0857
East,M217,2023-09,5.96,0.1198
West,M217,2023-09,6.33,0.0393
North,M218,2023-09,4.43,0.0956
South,M218,2023-09,5.7,0.0432
East,M218,2023-09,6.27,-0.016
West,M218,2023-09,5.76,0.0156
North,M219,2023-09,5.93,0.1055
South,M219,2023-09,6.2,0.1376
East,M219,2023-09,5.76,-0.0448
West,M219,2023-09,6.67,0.0882
North,M220,2023-09,3.95,0.078
South,M220,2023-09,4.0,-0.039
East,M220,2023-09,4.04,0.0695
West,M220,2023-09,4.08,0.1165
North,M223,2023-09,5.49,0.1438
South,M223,2023-09,5.15,-0.0388
East,M223,2023-09,4.95,0.0353
West,M223,2023-09,6.69,-0.0077
North,M225,2023-09,5.72,-0.0183
South,M225,2023-09,4.53,0.0374
East,M225,2023-09,5.38,-0.0264
West,M225,2023-09,4.65,-0.0179
North,M101,2023-10,8.22,0.0229
South,M101,2023-10,8.3,-0.0146
East,M101,2023-10,7.76,0.0296
West,M101,2023-10,7.21,0.066
North,M103,2023-10,6.19,0.0152
South,M103,2023-10,7.04,0.0968
East,M103,2023-10,6.46,0.1001
West,M103,2023-10,6.84,0.1022
North,M105,2023-10,6.86,0.0404
South,M105,2023-10,7.12,0.1146
East,M105,2023-10,6.7,0.0084
West,M105,2023-10,7.02,0.1319
North,M111,2023-10,8.88,0.0667
South,M111,2023-10,8.69,0.0493
East,M111,2023-10,8.34,0.0621
West,M111,2023-10,8.62,-0.0395
North,M112,2023-10,5.86,0.0662
South,M112,2023-10,6.78,-0.0367
East,M112,2023-10,5.68,0.0126
West,M112,2023-10,5.21,0.0163
North,M113,2023-10,,0.1245
South,M113,2023-10,7.75,0.0721
East,M113,2023-10,8.14,0.0959
West,M113,2023-10,7.0,0.0877
North,M116,2023-10,,0.1404
South,M116,2023-10,5.88,0.1064
East,M116,2023-10,6.76,-0.0437
West,M116,2023-10,5.69,0.1026
North,M119,2023-10,7.48,0.0759
South,M119,2023-10,7.14,-0.0184
East,M119,2023-10,7.49,0.1032
West,M119,2023-10,8.44,-0.0151
North,M122,2023-10,10.0,0.0031
South,M122,2023-10,10.0,0.1258
East,M122,2023-10,8.77,-0.0013
West,M122,2023-10,10.0,0.1243
North,M124,2023-10,7.57,0.1206
South,M124,2023-10,7.81,-0.0305
East,M124,2023-10,7.9,0.0052
West,M124,2023-10,8.06,-0.0019
North,M125,2023-10,8.85,0.1295
South,M125,2023-10,8.86,0.05
East,M125,2023-10,8.21,0.0755
West,M125,2023-10,8.09,0.1005
North,M127,2023-10,7.3,0.1388
South,M127,2023-10,6.56,0.07
East,M127,2023-10,7.12,0.0931
West,M127,2023-10,6.02,-0.0241
North,M128,2023-10,6.59,-0.0369
South,M128,2023-10,5.01,0.1008
East,M128,2023-10,7.5,-0.0255
West,M128,2023-10,5.41,-0.0022
North,M131,2023-10,6.85,0.0586
South,M131,2023-10,5.82,-0.0392
East,M131,2023-10,7.34,0.1491
West,M131,2023-10,5.03,0.077
North,M133,2023-10,7.77,0.13
South,M133,2023-10,7.51,0.1194
East,M133,2023-10,8.29,0.1053
West,M133,2023-10,6.0,0.1484
North,M137,2023-10,7.89,-0.0164
South,M137,2023-10,5.32,-0.0467
East,M137,2023-10,8.2,-0.032
West,M137,2023-10,6.32,0.1352
North,M143,2023-10,7.16,-0.0428
South,M143,2023-10,5.58,0.0149
East,M143,2023-10,6.41,-0.0261
West,M143,2023-10,6.63,-0.0404
North,M144,2023-10,10.0,0.0395
South,M144,2023-10,,0.1172
East,M144,2023-10,10.0,0.1491
West,M144,2023-10,9.01,0.1215
North,M146,2023-10,7.4,0.0348
South,M146,2023-10,5.39,0.023
East,M146,2023-10,6.79,0.0025
West,M146,2023-10,6.56,0.1196
North,M147,2023-10,7.18,0.022
South,M147,2023-10,6.47,-0.018
East,M147,2023-10,7.48,0.0318
West,M147,2023-10,6.05,-0.0227
North,M150,2023-10,8.46,0.1141
South,M150,2023-10,6.13,0.1282
East,M150,2023-10,8.46,-0.0458
West,M150,2023-10,6.4,0.0349
North,M152,2023-10,3.66,-0.0049
South,M152,2023-10,7.33,-0.0446
East,M152,2023-10,4.87,0.0231
West,M152,2023-10,4.8,0.0667
North,M154,2023-10,3.32,-0.0089
South,M154,2023-10,4.81,-0.0111
East,M154,2023-10,3.34,0.0346
West,M154,2023-10,3.06,0.1233
North,M156,2023-10,4.66,0.0885
South,M156,2023-10,5.68,0.0447
East,M156,2023-10,4.68,-0.0495
West,M156,2023-10,4.39,0.1067
North,M160,2023-10,4.11,-0.0325
South,M160,2023-10,5.85,0.0447
East,M160,2023-10,3.38,-0.018
West,M160,2023-10,3.14,-0.0167
North,M161,2023-10,4.14,-0.0475
South,M161,2023-10,7.14,-0.0303
East,M161,2023-10,4.95,0.0703
West,M161,2023-10,4.45,0.0471
North,M163,2023-10,4.5,0.1183
South,M163,2023-10,6.07,0.1395
East,M163,2023-10,3.22,0.0515
West,M163,2023-10,3.16,0.011
North,M167,2023-10,4.38,0.0933
South,M167,2023-10,7.01,0.0482
East,M167,2023-10,4.89,-0.0304
West,M167,2023-10,5.1,0.0452
North,M168,2023-10,5.36,0.0082
South,M168,2023-10,6.18,0.1483
East,M168,2023-10,4.94,0.1063
West,M168,2023-10,5.02,-0.0172
North,M169,2023-10,3.63,-0.0413
South,M169,2023-10,5.17,0.0807
East,M169,2023-10,4.98,0.0754
West,M169,2023-10,3.28,0.0852
North,M172,2023-10,3.38,0.1474
South,M172,2023-10,6.56,0.0978
East,M172,2023-10,3.91,0.0914
West,M172,2023-10,4.24,-0.0054
North,M174,2023-10,5.23,-0.0035
South,M174,2023-10,6.37,-0.0406
East,M174,2023-10,4.65,-0.0188
West,M174,2023-10,5.3,0.0733
North,M181,2023-10,6.76,0.0308
South,M181,2023-10,7.47,0.0403
East,M181,2023-10,6.92,-0.0413
West,M181,2023-10,7.59,-0.0235
North,M182,2023-10,4.02,0.0813
South,M182,2023-10,6.11,0.0772
East,M182,2023-10,5.33,-0.0195
West,M182,2023-10,6.4,0.0892
North,M186,2023-10,6.2,0.0766
South,M186,2023-10,5.98,0.0013
East,M186,2023-10,5.63,0.0877
West,M186,2023-10,7.75,0.0152
North,M187,2023-10,6.88,-0.0335
South,M187,2023-10,9.03,0.1381
East,M187,2023-10,7.57,0.0043
West,M187,2023-10,9.2,0.0971
North,M189,2023-10,5.4,0.0432
South,M189,2023-10,6.19,-0.039
East,M189,2023-10,5.5,0.0113
West,M189,2023-10,6.15,0.1173
North,M191,2023-10,4.81,0.0674
South,M191,2023-10,7.11,0.0151
East,M191,2023-10,5.73,0.011
West,M191,2023-10,6.62,0.0119
North,M192,2023-10,4.2,0.0136
South,M192,2023-10,5.96,0.0523
East,M192,2023-10,5.08,0.0288
West,M192,2023-10,6.08,0.127
North,M194,2023-10,6.46,0.0
South,M194,2023-10,8.76,0.0616
East,M194,2023-10,5.55,0.0692
West,M194,2023-10,7.25,0.0719
North,M195,2023-10,7.06,0.0554
South,M195,2023-10,7.94,0.0467
East,M195,2023-10,7.16,0.1493
West,M195,2023-10,8.18,0.0003
North,M199,2023-10,4.35,-0.0172
South,M199,2023-10,5.95,0.1092
East,M199,2023-10,5.48,0.0855
West,M199,2023-10,5.86,0.0076
North,M203,2023-10,5.25,0.123
South,M203,2023-10,5.88,0.0389
East,M203,2023-10,6.8,0.0191
West,M203,2023-10,6.62,0.085
North,M207,2023-10,6.31,-0.0031
South,M207,2023-10,6.44,0.0828
East,M207,2023-10,5.71,0.0412
West,M207,2023-10,5.05,-0.0306
North,M209,2023-10,4.97,0.0559
South,M209,2023-10,6.9,0.0213
East,M209,2023-10,6.82,0.1071
West,M209,2023-10,6.91,-0.0182
North,M210,2023-10,6.61,0.11
South,M210,2023-10,7.98,-0.03
East,M210,2023-10,6.56,0.103
West,M210,2023-10,7.56,0.0532
North,M211,2023-10,5.28,-0.0255
South,M211,2023-10,4.06,0.0741
East,M211,2023-10,4.22,0.1136
West,M211,2023-10,5.28,-0.023
North,M212,2023-10,6.03,-0.0121
South,M212,2023-10,6.06,0.0812
East,M212,2023-10,6.71,0.1122
West,M212,2023-10,5.13,0.0854
North,M213,2023-10,6.18,0.039
South,M213,2023-10,6.01,0.1157
East,M213,2023-10,6.5,-0.0069
West,M213,2023-10,5.34,-0.0108
North,M217,2023-10,6.52,0.1198
South,M217,2023-10,7.0,-0.0338
East,M217,2023-10,6.74,-0.005
West,M217,2023-10,6.02,0.0087
North,M218,2023-10,5.02,0.0811
South,M218,2023-10,5.89,-0.0159
East,M218,2023-10,5.07,0.1178
West,M218,2023-10,6.04,-0.0262
North,M219,2023-10,5.13,-0.0166
South,M219,2023-10,5.85,0.1385
East,M219,2023-10,5.72,-0.0344
West,M219,2023-10,5.15,0.0638
North,M223,2023-10,5.73,-0.0142
South,M223,2023-10,6.25,0.0082
East,M223,2023-10,5.97,-0.0425
West,M223,2023-10,5.49,0.1129
North,M224,2023-10,6.67,0.0581
South,M224,2023-10,6.13,0.0631
East,M224,2023-10,6.94,-0.0287
West,M224,2023-10,6.77,-0.0387
North,M225,2023-10,4.39,-0.0395
South,M225,2023-10,4.73,0.1003
East,M225,2023-10,5.11,-0.0266
West,M225,2023-10,5.91,0.0278
North,M101,2023-11,7.02,-0.0316
South,M101,2023-11,8.31,0.0272
East,M101,2023-11,7.16,0.0443
West,M101,2023-11,6.96,0.1363
North,M103,2023-11,6.85,0.0597
South,M103,2023-11,7.62,0.0778
East,M103,2023-11,7.49,0.0594
West,M103,2023-11,7.5,-0.0351
North,M105,2023-11,6.72,0.1352
South,M105,2023-11,6.16,-0.0344
East,M105,2023-11,6.26,0.1465
West,M105,2023-11,6.89,0.1151
North,M106,2023-11,7.09,0.0543
South,M106,2023-11,6.96,0.141
East,M106,2023-11,8.34,0.0261
West,M106,2023-11,7.36,-0.0426
North,M111,2023-11,8.44,0.0614
South,M111,2023-11,8.74,-0.018
East,M111,2023-11,8.87,0.0152
West,M111,2023-11,8.58,0.0173
North,M112,2023-11,6.53,0.0057
South,M112,2023-11,5.65,0.0365
East,M112,2023-11,5.08,0.1299
West,M112,2023-11,6.8,0.027
North,M113,2023-11,7.64,0.1351
South,M113,2023-11,8.97,0.1363
East,M113,2023-11,8.08,0.0011
West,M113,2023-11,8.04,0.0991
North,M116,2023-11,5.36,0.0896
South,M116,2023-11,5.88,0.0788
East,M116,2023-11,6.28,0.0211
West,M116,2023-11,6.61,0.1012
North,M118,2023-11,7.45,0.0884
South,M118,2023-11,7.58,0.0021
East,M118,2023-11,8.84,0.0709
West,M118,2023-11,7.93,-0.0041
North,M119,2023-11,6.83,0.142
South,M119,2023-11,8.52,0.0794
East,M119,2023-11,7.24,0.0523
West,M119,2023-11,7.63,-0.0362
North,M122,2023-11,7.38,0.026
South,M122,2023-11,7.21,0.0632
East,M122,2023-11,7.26,-0.0308
West,M122,2023-11,8.01,0.0864
North,M124,2023-11,6.91,-0.049
South,M124,2023-11,7.05,0.0022
East,M124,2023-11,8.04,0.1451
West,M124,2023-11,6.48,0.1175
North,M125,2023-11,7.08,-0.0018
South,M125,2023-11,8.08,0.1285
East,M125,2023-11,9.0,0.1399
West,M125,2023-11,7.88,0.0767
North,M127,2023-11,7.5,0.0398
South,M127,2023-11,5.98,0.0466
East,M127,2023-11,6.86,0.1344
West,M127,2023-11,6.11,-0.0384
North,M128,2023-11,8.12,0.0269
South,M128,2023-11,5.17,0.0307
East,M128,2023-11,7.09,0.1272
West,M128,2023-11,5.89,0.0886
North,M131,2023-11,7.93,0.0782
South,M131,2023-11,5.32,0.1353
East,M131,2023-11,7.62,0.1019
West,M131,2023-11,4.67,0.0587
North,M133,2023-11,8.21,0.0849
South,M133,2023-11,7.31,0.0246
East,M133,2023-11,7.62,0.0705
West,M133,2023-11,5.91,-0.0183
North,M137,2023-11,7.21,0.0791
South,M137,2023-11,6.16,-0.0191
East,M137,2023-11,7.31,0.1299
West,M137,2023-11,,-0.0206
North,M143,2023-11,7.89,0.0236
South,M143,2023-11,5.84,0.0136
East,M143,2023-11,7.9,0.0472
West,M143,2023-11,5.52,0.1129
North,M144,2023-11,7.06,0.0253
South,M144,2023-11,5.58,-0.037
East,M144,2023-11,7.6,0.1081
West,M144,2023-11,5.35,-0.0185
North,M146,2023-11,7.14,0.0078
South,M146,2023-11,5.71,0.0486
East,M146,2023-11,7.07,0.0637
West,M146,2023-11,5.83,0.096
North,M147,2023-11,4.11,0.0683
South,M147,2023-11,1.82,0.0412
East,M147,2023-11,4.23,0.1001
West,M147,2023-11,3.64,0.0738
North,M150,2023-11,7.25,0.1167
South,M150,2023-11,6.37,0.0452
East,M150,2023-11,8.44,0.1442
West,M150,2023-11,5.4,0.0642
North,M152,2023-11,4.0,-0.0161
South,M152,2023-11,6.45,-0.0331
East,M152,2023-11,3.74,0.0719
West,M152,2023-11,5.01,0.0084
North,M154,2023-11,2.7,-0.039
South,M154,2023-11,5.38,0.0759
East,M154,2023-11,4.07,0.0987
West,M154,2023-11,,-0.0312
North,M156,2023-11,3.96,-0.0013
South,M156,2023-11,,-0.0375
East,M156,2023-11,,-0.0201
West,M156,2023-11,3.18,-0.0161
North,M160,2023-11,3.75,0.1248
South,M160,2023-11,6.62,-0.0308
East,M160,2023-11,4.45,0.1433
West,M160,2023-11,3.11,0.0592
North,M161,2023-11,3.65,-0.0108
South,M161,2023-11,6.08,-0.049
East,M161,2023-11,4.28,0.0732
West,M161,2023-11,5.32,-0.0421
North,M163,2023-11,4.68,0.011
South,M163,2023-11,4.56,0.1054
East,M163,2023-11,3.57,0.0617
West,M163,2023-11,4.21,0.0635
North,M167,2023-11,3.95,0.144
South,M167,2023-11,6.61,0.0762
East,M167,2023-11,3.68,-0.0283
West,M167,2023-11,5.23,0.1235
North,M168,2023-11,4.08,0.1208
South,M168,2023-11,7.49,0.0132
East,M168,2023-11,3.84,0.0051
West,M168,2023-11,5.25,-0.0333
North,M169,2023-11,4.41,-0.0216
South,M169,2023-11,5.99,0.0773
East,M169,2023-11,3.47,0.1395
West,M169,2023-11,4.61,-0.0496
North,M172,2023-11,5.08,0.1437
South,M172,2023-11,6.57,-0.0069
East,M172,2023-11,5.25,-0.0269
West,M172,2023-11,4.25,0.0506
North,M174,2023-11,4.08,0.0873
South,M174,2023-11,,-0.0467
East,M174,2023-11,3.27,0.1104
West,M174,2023-11,3.35,0.1056
North,M181,2023-11,6.34,0.0964
South,M181,2023-11,8.77,0.0536
East,M181,2023-11,5.84,0.0478
West,M181,2023-11,7.16,0.073
North,M182,2023-11,3.98,0.0099
South,M182,2023-11,5.98,0.0657
East,M182,2023-11,4.67,0.0398
West,M182,2023-11,6.79,0.0257
North,M186,2023-11,5.7,0.0918
South,M186,2023-11,7.5,0.0124
East,M186,2023-11,5.66,0.1461
West,M186,2023-11,5.88,0.0486
North,M187,2023-11,7.4,0.1495
South,M187,2023-11,7.69,0.1161
East,M187,2023-11,6.07,0.0029
West,M187,2023-11,7.64,0.0436
North,M189,2023-11,5.8,0.0876
South,M189,2023-11,7.51,0.0189
East,M189,2023-11,4.88,0.0993
West,M189,2023-11,6.14,0.0542
North,M192,2023-11,5.71,-0.0208
South,M192,2023-11,6.83,0.0437
East,M192,2023-11,4.76,0.0014
West,M192,2023-11,6.73,-0.0244
North,M194,2023-11,7.33,0.1041
South,M194,2023-11,7.84,0.0111
East,M194,2023-11,6.87,-0.0122
West,M194,2023-11,8.72,-0.0189
North,M195,2023-11,5.03,0.0269
South,M195,2023-11,6.94,0.143
East,M195,2023-11,5.42,-0.0098
West,M195,2023-11,8.27,0.1457
North,M199,2023-11,4.42,0.1079
South,M199,2023-11,6.11,0.0198
East,M199,2023-11,4.99,0.1472
West,M199,2023-11,6.99,0.1427
North,M203,2023-11,6.23,0.1041
South,M203,2023-11,6.04,0.1303
East,M203,2023-11,,0.1074
West,M203,2023-11,5.15,0.0594
North,M207,2023-11,4.76,0.0771
South,M207,2023-11,5.81,0.0723
East,M207,2023-11,6.34,0.0464
West,M207,2023-11,4.55,0.1253
North,M209,2023-11,5.21,0.0997
South,M209,2023-11,6.04,0.1175
East,M209,2023-11,5.4,0.0719
West,M209,2023-11,5.3,0.0216
North,M210,2023-11,4.88,0.031
South,M210,2023-11,4.03,0.0253
East,M210,2023-11,5.75,0.0775
West,M210,2023-11,4.0,0.1141
North,M211,2023-11,4.99,-0.0226
South,M211,2023-11,5.52,-0.0423
East,M211,2023-11,5.65,-0.0315
West,M211,2023-11,3.84,0.003
North,M212,2023-11,5.3,0.0419
South,M212,2023-11,5.31,0.0855
East,M212,2023-11,5.53,-0.0208
West,M212,2023-11,6.14,0.0607
North,M213,2023-11,6.19,0.0265
South,M213,2023-11,4.91,0.0287
East,M213,2023-11,5.41,0.089
West,M213,2023-11,4.72,-0.0342
North,M217,2023-11,5.27,0.1219
South,M217,2023-11,6.16,0.1222
East,M217,2023-11,7.14,0.0032
West,M217,2023-11,7.11,0.0942
North,M218,2023-11,4.81,-0.0439
South,M218,2023-11,4.98,0.0015
East,M218,2023-11,4.99,0.1381
West,M218,2023-11,5.24,0.131
North,M219,2023-11,5.49,0.0326
South,M219,2023-11,5.08,0.0881
East,M219,2023-11,5.93,0.1317
West,M219,2023-11,6.22,0.0069
North,M223,2023-11,5.58,0.1081
South,M223,2023-11,5.22,-0.0233
East,M223,2023-11,5.65,0.1102
West,M223,2023-11,4.96,0.1134
North,M224,2023-11,6.82,0.1385
South,M224,2023-11,6.99,0.1095
East,M224,2023-11,6.59,-0.0447
West,M224,2023-11,7.21,-0.0256
North,M225,2023-11,4.5,0.0683
South,M225,2023-11,5.28,0.1159
East,M225,2023-11,5.43,0.11
West,M225,2023-11,5.23,0.1172
North,M101,2023-12,6.72,0.0907
South,M101,2023-12,7.75,-0.0244
East,M101,2023-12,8.15,0.1199
West,M101,2023-12,7.09,0.1102
North,M103,2023-12,7.7,-0.0483
South,M103,2023-12,7.34,-0.0244
East,M103,2023-12,6.54,-0.0109
West,M103,2023-12,6.52,0.1233
North,M105,2023-12,6.2,0.0409
South,M105,2023-12,7.11,-0.0064
East,M105,2023-12,5.81,0.0123
West,M105,2023-12,6.52,0.1113
North,M106,2023-12,7.23,0.0976
South,M106,2023-12,7.22,-0.0256
East,M106,2023-12,7.46,0.0614
West,M106,2023-12,7.81,0.1165
North,M111,2023-12,8.05,-0.0327
South,M111,2023-12,7.64,-0.0059
East,M111,2023-12,7.77,-0.036
West,M111,2023-12,8.65,0.1402
North,M112,2023-12,6.87,0.1292
South,M112,2023-12,6.44,-0.0332
East,M112,2023-12,5.21,0.1142
West,M112,2023-12,6.18,0.1489
North,M113,2023-12,7.54,0.1317
South,M113,2023-12,7.31,0.0061
East,M113,2023-12,8.23,-0.0251
West,M113,2023-12,7.05,0.0788
North,M116,2023-12,6.27,0.0341
South,M116,2023-12,6.1,0.0451
East,M116,2023-12,5.62,0.0444
West,M116,2023-12,5.7,0.0294
North,M118,2023-12,7.76,0.0886
South,M118,2023-12,7.76,0.139
East,M118,2023-12,6.95,0.0732
West,M118,2023-12,7.09,-0.0243
North,M119,2023-12,8.2,0.1211
South,M119,2023-12,7.53,0.1222
East,M119,2023-12,7.32,0.1143
West,M119,2023-12,7.21,0.131
North,M121,2023-12,6.98,0.0774
South,M121,2023-12,7.89,-0.0443
East,M121,2023-12,7.58,-0.0301
West,M121,2023-12,6.89,0.0813
North,M122,2023-12,6.71,0.1454
South,M122,2023-12,7.19,0.0239
East,M122,2023-12,6.93,-0.0157
West,M122,2023-12,7.88,0.1138
North,M124,2023-12,6.91,0.129
South,M124,2023-12,7.79,-0.0019
East,M124,2023-12,7.36,-0.0343
West,M124,2023-12,7.46,0.0863
North,M125,2023-12,8.75,0.124
South,M125,2023-12,6.9,0.0085
East,M125,2023-12,7.51,0.1295
West,M125,2023-12,7.74,0.1341
North,M127,2023-12,7.05,0.1297
South,M127,2023-12,6.65,0.1083
East,M127,2023-12,8.55,-0.0306
West,M127,2023-12,5.5,0.1271
North,M128,2023-12,7.18,0.1278
South,M128,2023-12,6.36,0.0165
East,M128,2023-12,8.2,0.0511
West,M128,2023-12,5.71,0.0406
North,M131,2023-12,6.26,0.1233
South,M131,2023-12,4.54,0.0264
East,M131,2023-12,7.0,0.0651
West,M131,2023-12,5.85,0.1373
North,M133,2023-12,8.78,0.1397
South,M133,2023-12,6.27,0.0245
East,M133,2023-12,9.08,-0.0228
West,M133,2023-12,6.95,0.0042
North,M135,2023-12,7.94,-0.0372
South,M135,2023-12,7.06,0.1005
East,M135,2023-12,8.25,0.0541
West,M135,2023-12,6.74,0.0666
North,M137,2023-12,8.67,-0.0489
South,M137,2023-12,5.39,-0.0189
East,M137,2023-12,8.93,0.0275
West,M137,2023-12,5.68,-0.0256
North,M143,2023-12,6.99,0.0763
South,M143,2023-12,5.11,-0.031
East,M143,2023-12,7.75,0.0618
West,M143,2023-12,6.53,0.0569
North,M144,2023-12,8.61,0.0327
South,M144,2023-12,5.05,0.141
East,M144,2023-12,7.79,0.0342
West,M144,2023-12,5.06,0.143
North,M145,2023-12,8.88,0.1184
South,M145,2023-12,7.44,-0.0238
East,M145,2023-12,9.21,-0.0243
West,M145,2023-12,6.98,0.0521
North,M146,2023-12,7.79,0.0307
South,M146,2023-12,5.24,-0.0339
East,M146,2023-12,7.87,-0.0088
West,M146,2023-12,6.06,0.0422
North,M147,2023-12,10.0,-0.0021
South,M147,2023-12,7.4,0.0988
East,M147,2023-12,10.0,-0.0135
West,M147,2023-12,8.72,-0.0006
North,M150,2023-12,7.76,-0.0375
South,M150,2023-12,6.71,0.0141
East,M150,2023-12,8.28,0.1048
West,M150,2023-12,5.2,-0.0281
North,M152,2023-12,3.77,0.0159
South,M152,2023-12,6.5,-0.0156
East,M152,2023-12,3.62,0.139
West,M152,2023-12,4.01,0.0167
North,M154,2023-12,3.35,-0.0475
South,M154,2023-12,5.71,0.0332
East,M154,2023-12,4.24,0.0152
West,M154,2023-12,3.58,0.0356
North,M156,2023-12,3.69,0.0578
South,M156,2023-12,5.12,0.121
East,M156,2023-12,4.04,0.0615
West,M156,2023-12,3.42,0.1289
North,M160,2023-12,4.74,0.1379
South,M160,2023-12,6.61,-0.042
East,M160,2023-12,4.48,0.1039
West,M160,2023-12,3.61,0.1028
North,M161,2023-12,4.38,0.0909
South,M161,2023-12,6.53,0.0739
East,M161,2023-12,5.46,-0.0062
West,M161,2023-12,4.6,0.0459
North,M163,2023-12,4.96,-0.0326
South,M163,2023-12,6.89,0.1103
East,M163,2023-12,5.65,0.1054
West,M163,2023-12,4.47,-0.0325
North,M165,2023-12,4.57,0.1154
South,M165,2023-12,6.12,0.1455
East,M165,2023-12,4.97,0.1178
West,M165,2023-12,4.46,0.1398
North,M167,2023-12,5.14,0.1136
South,M167,2023-12,6.93,0.1284
East,M167,2023-12,4.06,0.0381
West,M167,2023-12,4.96,0.0123
North,M168,2023-12,3.9,0.1292
South,M168,2023-12,7.2,0.0671
East,M168,2023-12,5.52,0.1024
West,M168,2023-12,4.75,-0.039
North,M169,2023-12,3.03,0.1329
South,M169,2023-12,4.88,0.0171
East,M169,2023-12,4.51,0.0972
West,M169,2023-12,3.23,-0.0104
North,M172,2023-12,4.55,0.1419
South,M172,2023-12,5.04,-0.0478
East,M172,2023-12,3.88,0.0371
West,M172,2023-12,3.81,0.0503
North,M174,2023-12,3.77,0.0516
South,M174,2023-12,6.58,0.0434
East,M174,2023-12,4.34,0.0199
West,M174,2023-12,4.24,0.0483
North,M181,2023-12,7.21,0.0901
South,M181,2023-12,8.38,0.1248
East,M181,2023-12,5.91,0.0703
West,M181,2023-12,8.01,0.1235
North,M186,2023-12,4.32,0.0917
South,M186,2023-12,7.39,0.0777
East,M186,2023-12,5.35,-0.0458
West,M186,2023-12,7.23,0.0945
North,M187,2023-12,6.92,-0.0234
South,M187,2023-12,8.05,0.0295
East,M187,2023-12,6.49,0.1442
West,M187,2023-12,9.03,0.0103
North,M189,2023-12,6.92,0.1384
South,M189,2023-12,10.0,0.0783
East,M189,2023-12,8.88,0.1332
West,M189,2023-12,9.38,0.101
North,M192,2023-12,4.24,0.0314
South,M192,2023-12,7.14,-0.0054
East,M192,2023-12,4.84,0.0064
West,M192,2023-12,6.2,-0.0003
North,M194,2023-12,7.35,0.0335
South,M194,2023-12,8.35,0.058
East,M194,2023-12,6.95,0.0859
West,M194,2023-12,7.3,0.0456
North,M195,2023-12,5.71,0.0543
South,M195,2023-12,7.48,-0.036
East,M195,2023-12,6.5,0.0322
West,M195,2023-12,7.39,0.0773
North,M199,2023-12,5.86,0.0762
South,M199,2023-12,6.23,0.0061
East,M199,2023-12,4.59,0.0189
West,M199,2023-12,5.82,0.0524
North,M203,2023-12,5.42,0.0617
South,M203,2023-12,6.7,0.0672
East,M203,2023-12,6.77,0.136
West,M203,2023-12,5.39,-0.0399
North,M207,2023-12,5.5,0.1345
South,M207,2023-12,5.09,-0.0441
East,M207,2023-12,4.81,0.0855
West,M207,2023-12,4.53,0.0003
North,M209,2023-12,6.75,0.0946
South,M209,2023-12,5.42,0.1134
East,M209,2023-12,5.28,0.1269
West,M209,2023-12,5.86,0.0645
North,M210,2023-12,5.0,-0.0175
South,M210,2023-12,4.18,0.1265
East,M210,2023-12,5.24,0.1129
West,M210,2023-12,5.49,-0.0218
North,M212,2023-12,6.81,-0.0303
South,M212,2023-12,6.55,0.0491
East,M212,2023-12,5.45,-0.0338
West,M212,2023-12,5.6,0.046
North,M213,2023-12,5.11,0.1366
South,M213,2023-12,5.81,-0.034
East,M213,2023-12,4.73,0.0825
West,M213,2023-12,5.89,0.0279
North,M217,2023-12,5.04,0.0898
South,M217,2023-12,6.83,0.0721
East,M217,2023-12,5.67,0.0053
West,M217,2023-12,5.85,0.0133
North,M218,2023-12,8.14,0.0367
South,M218,2023-12,7.77,0.104
East,M218,2023-12,8.46,0.0244
West,M218,2023-12,8.26,0.0852
North,M219,2023-12,6.44,-0.0368
South,M219,2023-12,5.67,0.1209
East,M219,2023-12,5.8,-0.0327
West,M219,2023-12,5.25,-0.0498
North,M223,2023-12,6.52,0.0774
South,M223,2023-12,4.8,0.0377
East,M223,2023-12,6.52,0.0973
West,M223,2023-12,5.41,0.0512
North,M224,2023-12,7.5,-0.05
South,M224,2023-12,7.74,0.059
East,M224,2023-12,6.8,0.034
West,M224,2023-12,7.37,0.1296
North,M225,2023-12,5.12,0.0976
South,M225,2023-12,4.61,0.0581
East,M225,2023-12,5.52,0.1164
West,M225,2023-12,5.64,0.0894
