movie_id,month,watch_hours,unique_viewers,completion_rate,avg_watch_time,churn_impact_score
M104,2019-01,212754,110219,0.7191,1.41,2.89
M108,2019-01,2919373,1218586,0.7573,1.18,2.01
M123,2019-01,3816927,1844266,0.744,1.07,1.87
M130,2019-01,821022,291719,0.6488,0.86,1.78
M134,2019-01,2443603,1191293,0.6107,1.51,3.21
M139,2019-01,3570459,1806189,0.6784,1.32,2.88
M142,2019-01,1410948,685555,0.6326,1.44,2.6
M151,2019-01,474920,177128,0.4332,0.69,4.98
M155,2019-01,3725025,1297818,0.4783,0.9,2.8
M157,2019-01,1903081,633466,0.4835,0.96,3.96
M164,2019-01,1579445,755388,0.4446,0.63,1.3
M170,2019-01,5461460,2246862,0.4847,1.03,3.81
M171,2019-01,739563,267730,0.4907,1.01,4.73
M173,2019-01,850984,332105,0.4769,0.62,1.66
M177,2019-01,1600102,561726,0.6185,1.3,3.8
M178,2019-01,2219274,887474,0.6197,1.09,2.29
M188,2019-01,966461,501313,0.6631,1.62,5.0
M190,2019-01,415097,190646,0.597,1.22,4.66
M201,2019-01,2415527,922146,0.6717,1.11,2.33
M202,2019-01,2081980,693802,0.6265,1.52,4.25
M205,2019-01,1758621,721705,0.6107,1.05,3.06
M208,2019-01,6081246,2235156,0.6721,1.12,4.03
M216,2019-01,1734762,605715,0.6202,1.1,3.79
M222,2019-01,1052628,332856,0.6804,1.3,3.21
M104,2019-02,181431,56889,0.7476,1.71,2.99
M108,2019-02,2709093,1078279,0.7277,1.1,3.21
M123,2019-02,3571052,1155450,0.7574,1.18,4.16
M130,2019-02,743738,239301,0.6204,0.99,3.35
M134,2019-02,2396375,964143,0.6124,1.17,3.17
M139,2019-02,3182197,1414002,0.6394,0.96,4.1
M142,2019-02,1237731,435424,0.6603,1.36,4.28
M148,2019-02,5635963,2260298,0.6519,1.52,4.5
M151,2019-02,448819,176955,0.4498,0.92,1.62
M155,2019-02,3514668,1113334,0.4614,1.06,4.41
M157,2019-02,1804641,773855,0.4463,1.04,1.14
M164,2019-02,1324619,493593,0.4765,0.84,1.39
M170,2019-02,5294471,1752201,0.4737,0.6,4.18
M171,2019-02,664038,285635,0.4483,1.0,1.68
M173,2019-02,750238,248491,0.472,0.65,2.84
M177,2019-02,1451529,672796,0.5855,1.22,1.63
M178,2019-02,1931094,845564,0.6194,0.94,4.38
M188,2019-02,876911,374977,0.6342,1.23,4.97
M190,2019-02,365150,115221,0.6229,1.3,3.98
M201,2019-02,2174047,820714,0.6598,1.48,3.43
M202,2019-02,1841993,684433,0.636,1.31,4.35
M205,2019-02,1615552,527137,0.6223,1.22,3.93
M208,2019-02,5092250,2300901,0.6774,1.29,4.89
M216,2019-02,1567839,509223,0.6465,1.18,4.23
M222,2019-02,1019169,448143,0.6508,1.6,4.44
M104,2019-03,172688,54442,0.7444,1.66,1.06
M108,2019-03,2386065,979219,0.7416,1.68,4.76
M123,2019-03,3114189,1463881,0.7273,1.74,1.89
M130,2019-03,643748,217968,0.6355,0.88,4.79
M134,2019-03,2011142,807793,0.6049,1.08,3.68
M139,2019-03,2929113,937507,0.646,1.12,1.4
M142,2019-03,1157975,488316,0.6676,1.19,4.8
M148,2019-03,4991114,2573937,0.6793,1.13,2.59
M151,2019-03,392410,199089,0.4659,0.95,3.39
M155,2019-03,3013710,1038668,0.4532,0.58,4.06
M157,2019-03,1519526,722781,0.4705,1.12,1.01
M162,2019-03,5013326,2503454,0.4615,0.95,1.1
M164,2019-03,1180295,406160,0.4389,0.56,3.97
M170,2019-03,4694823,1650821,0.4718,0.63,3.02
M171,2019-03,632534,339942,0.4767,0.86,4.86
M173,2019-03,670862,271540,0.4576,1.09,1.29
M177,2019-03,1278333,482095,0.5833,1.12,2.3
M178,2019-03,1821494,716339,0.6077,1.28,4.41
M188,2019-03,820336,285180,0.641,0.96,2.36
M190,2019-03,332134,139412,0.5898,0.99,1.61
M196,2019-03,6724189,3550283,0.6916,1.49,4.25
M201,2019-03,2045855,780547,0.6581,1.09,3.66
M202,2019-03,1713509,568266,0.6361,1.05,3.31
M205,2019-03,1390649,511375,0.5962,1.0,4.05
M208,2019-03,4780489,1631505,0.6773,1.35,3.57
M216,2019-03,1337189,431251,0.6415,1.36,2.24
M222,2019-03,878428,485708,0.6835,0.95,3.53
M102,2019-04,3539448,1244288,0.7908,1.33,3.89
M104,2019-04,152385,58730,0.6942,1.39,3.7
M108,2019-04,2042657,749127,0.7263,1.58,1.46
M123,2019-04,2821622,1284572,0.7539,0.95,2.58
M130,2019-04,595403,328813,0.6001,0.92,2.31
M134,2019-04,1715182,602702,0.6038,1.12,4.33
M139,2019-04,2587206,1361038,0.6631,1.59,4.45
M142,2019-04,1025216,393895,0.6505,0.8,2.3
M148,2019-04,4360936,1636143,0.6816,1.57,1.97
M151,2019-04,358078,141334,0.4398,0.72,1.67
M155,2019-04,2775561,1416364,0.463,0.99,4.28
M157,2019-04,1413789,663508,0.4308,0.94,3.62
M162,2019-04,4126093,1431683,0.4762,0.85,4.7
M164,2019-04,1093321,406527,0.4547,0.63,1.27
M166,2019-04,3517184,1581504,0.4687,0.75,2.81
M170,2019-04,3938848,1328727,0.4483,0.9,3.03
M171,2019-04,530944,206108,0.4736,1.07,3.61
M173,2019-04,604361,245089,0.4415,1.05,2.37
M177,2019-04,1193073,476016,0.5836,1.03,3.09
M178,2019-04,1477884,636472,0.5941,1.17,4.16
M188,2019-04,720108,380551,0.6047,1.29,3.63
M190,2019-04,304287,100670,0.5967,0.99,4.87
M196,2019-04,5783275,2462287,0.6748,1.14,4.17
M201,2019-04,1840209,672059,0.6664,1.26,3.58
M202,2019-04,1458912,632505,0.6131,1.49,2.95
M205,2019-04,1222806,613676,0.5839,1.29,4.34
M208,2019-04,4320738,2331946,0.6468,1.09,1.65
M214,2019-04,6717422,2332813,0.6905,1.2,3.71
M216,2019-04,1198954,495051,0.6092,1.15,2.24
M222,2019-04,806337,328230,0.6768,1.68,2.85
M102,2019-05,3129679,1340550,0.8004,1.79,1.55
M104,2019-05,125026,46346,0.7277,1.67,4.4
M108,2019-05,1764285,615084,0.7096,1.26,4.79
M123,2019-05,2385510,981053,0.7315,1.36,1.94
M126,2019-05,2515547,1082012,0.6514,1.33,4.17
M130,2019-05,491240,223125,0.6215,1.32,2.79
M134,2019-05,1479205,774081,0.6028,1.29,3.11
M139,2019-05,2088266,947771,0.6301,1.41,2.83
M142,2019-05,845508,275660,0.6398,0.97,1.57
M148,2019-05,3632295,1365148,0.647,0.85,4.9
M151,2019-05,293686,115784,0.4419,0.75,2.88
M155,2019-05,2422806,763459,0.4467,0.74,3.93
M157,2019-05,1198517,416137,0.4568,0.87,4.25
M162,2019-05,3558582,1231002,0.4712,1.06,1.25
M164,2019-05,962033,394154,0.4347,0.55,4.73
M166,2019-05,3055298,959345,0.4787,0.69,2.43
M170,2019-05,3642369,1209238,0.4576,1.08,3.97
M171,2019-05,476917,203697,0.4792,1.15,3.08
M173,2019-05,545567,193606,0.4344,0.83,2.28
M177,2019-05,968259,355286,0.5853,1.23,2.41
M178,2019-05,1260264,417575,0.5926,1.47,4.79
M184,2019-05,4295997,1595531,0.6682,1.63,1.57
M188,2019-05,618870,213857,0.5967,1.0,2.53
M190,2019-05,254327,96076,0.609,1.33,3.3
M196,2019-05,4910023,2082947,0.6725,1.45,3.0
M201,2019-05,1524856,589580,0.6331,1.58,2.14
M202,2019-05,1318038,529826,0.5961,1.41,2.78
M205,2019-05,1040520,377725,0.6173,0.79,3.17
M208,2019-05,3729828,1246639,0.6606,1.47,3.04
M214,2019-05,5414831,2601567,0.6519,1.25,2.48
M216,2019-05,1091450,424308,0.6206,1.55,3.88
M222,2019-05,677365,235455,0.6712,1.37,2.8
M102,2019-06,2772419,1214736,0.8119,1.17,4.87
M104,2019-06,108523,35292,0.6808,0.96,2.29
M108,2019-06,1566663,685799,0.737,1.12,3.54
M109,2019-06,2848727,1442219,0.7951,1.13,4.77
M117,2019-06,7615645,2797579,0.816,1.58,4.3
M123,2019-06,1995840,1070932,0.7401,1.63,2.67
M126,2019-06,2075906,831275,0.6764,1.24,4.22
M130,2019-06,441554,199220,0.5786,1.06,1.82
M134,2019-06,1337305,597647,0.6209,1.53,1.52
M139,2019-06,1826570,706245,0.626,0.95,1.39
M142,2019-06,733847,313903,0.6358,0.89,2.31
M148,2019-06,3141742,1403941,0.6682,1.24,2.23
M151,2019-06,249350,79834,0.4383,0.73,1.2
M155,2019-06,2038840,671715,0.4632,1.07,2.72
M157,2019-06,1046551,371313,0.4547,0.88,1.78
M162,2019-06,3147568,1654051,0.4697,1.17,3.72
M164,2019-06,770381,243397,0.4362,1.06,4.02
M166,2019-06,2527201,1005742,0.473,0.77,2.89
M170,2019-06,3012931,1137485,0.4633,0.65,4.96
M171,2019-06,400920,180681,0.4438,0.94,2.2
M173,2019-06,465893,201188,0.4607,1.03,3.9
M177,2019-06,875544,476536,0.5887,1.3,3.31
M178,2019-06,1147437,438466,0.5785,1.33,1.59
M179,2019-06,1388494,752898,0.6974,1.12,1.61
M184,2019-06,3887465,1637152,0.6837,1.47,1.25
M188,2019-06,504418,241316,0.6063,0.97,1.69
M190,2019-06,223971,98264,0.5877,1.2,3.77
M196,2019-06,4219367,2039159,0.6473,1.6,2.19
M201,2019-06,1288142,616280,0.6502,1.57,4.18
M202,2019-06,1057823,536796,0.6188,1.4,4.82
M205,2019-06,950419,430709,0.5844,1.04,2.03
M208,2019-06,3060429,1469314,0.6469,0.89,3.46
M214,2019-06,4830179,2257682,0.6735,0.85,2.65
M216,2019-06,1957657,941424,0.8729,1.51,4.74
M222,2019-06,597019,241862,0.635,1.3,4.63
M102,2019-07,2230011,856449,0.7888,1.88,1.7
M104,2019-07,96383,47105,0.718,1.32,4.75
M108,2019-07,2904485,763824,0.95,2.35,2.14
M109,2019-07,2526281,986589,0.7987,1.44,1.77
M117,2019-07,6457761,3185098,0.7969,1.72,4.16
M123,2019-07,1790749,626093,0.7108,1.62,3.06
M126,2019-07,1675768,612273,0.6492,0.99,2.04
M130,2019-07,360143,126133,0.6177,0.75,3.61
M134,2019-07,1147883,608319,0.5859,1.09,4.58
M139,2019-07,1605163,718075,0.6109,1.22,1.88
M142,2019-07,615317,305450,0.6374,1.22,2.88
M148,2019-07,2664858,976234,0.6359,1.48,1.33
M151,2019-07,221280,79446,0.4134,0.79,3.02
M155,2019-07,1748827,870152,0.4434,0.65,3.33
M157,2019-07,826268,328597,0.4534,0.81,1.23
M162,2019-07,2656907,906892,0.4772,1.04,3.31
M164,2019-07,651170,285308,0.4162,0.54,4.74
M166,2019-07,2116468,892115,0.4829,0.98,2.68
M170,2019-07,2696802,1154714,0.4775,1.0,3.65
M171,2019-07,335003,123392,0.4409,0.83,3.91
M173,2019-07,374930,207733,0.4246,0.81,3.13
M177,2019-07,754914,351692,0.5773,1.24,1.45
M178,2019-07,985004,412664,0.6033,0.89,1.4
M179,2019-07,1110593,421173,0.6802,1.17,1.94
M184,2019-07,3163437,1051247,0.6428,1.45,3.93
M188,2019-07,437144,165767,0.6186,0.86,3.64
M190,2019-07,178621,80434,0.568,1.35,3.5
M196,2019-07,3530632,1415724,0.6786,1.51,2.27
M201,2019-07,1110352,552715,0.6288,1.45,2.2
M202,2019-07,938736,320597,0.6257,1.2,1.54
M205,2019-07,767154,367997,0.5973,0.79,3.9
M208,2019-07,2534018,1164612,0.6487,0.94,4.05
M214,2019-07,4166029,1613245,0.659,1.61,1.06
M216,2019-07,802315,254953,0.5859,0.89,3.42
M222,2019-07,476838,154758,0.6476,1.23,2.44
M102,2019-08,1950222,774529,0.7809,1.41,4.36
M104,2019-08,83121,35843,0.6867,0.95,2.04
M107,2019-08,12212611,4677727,0.8009,1.36,4.33
M108,2019-08,1124504,413960,0.7122,1.75,3.57
M109,2019-08,2073725,1018765,0.8077,1.48,4.67
M117,2019-08,5788650,2145109,0.7709,1.87,3.67
M120,2019-08,7964758,3350268,0.8221,1.0,3.02
M123,2019-08,1511455,567156,0.7293,1.34,1.03
M126,2019-08,1507352,829769,0.6615,0.81,4.25
M130,2019-08,322943,110270,0.6105,0.85,1.77
M134,2019-08,971675,330355,0.5884,1.02,3.26
M139,2019-08,1417194,669688,0.6342,1.47,4.04
M142,2019-08,176163,226085,0.2802,0.52,2.74
M148,2019-08,2345105,904677,0.6629,0.83,1.85
M151,2019-08,197946,65058,0.4298,1.03,4.6
M155,2019-08,1502452,813868,0.4699,0.92,4.01
M157,2019-08,754259,319924,0.4133,0.94,2.56
M162,2019-08,2379389,1050771,0.4753,1.02,3.0
M164,2019-08,611703,326211,0.4314,0.95,4.82
M166,2019-08,1886092,654216,0.4425,0.81,2.42
M170,2019-08,2307983,959825,0.4645,0.93,4.19
M171,2019-08,292809,152914,0.4277,0.92,2.27
M173,2019-08,318727,176357,0.4354,0.6,1.75
M177,2019-08,626665,243210,0.5754,0.76,3.39
M178,2019-08,808967,345810,0.5746,1.36,4.62
M179,2019-08,1044866,401756,0.6485,1.03,2.97
M180,2019-08,6930887,2877621,0.6711,1.02,1.99
M184,2019-08,2828695,1075006,0.6448,1.57,2.33
M188,2019-08,386861,132228,0.5965,1.38,4.9
M190,2019-08,152314,67727,0.6074,1.49,4.87
M196,2019-08,2996351,1080567,0.6496,1.1,4.27
M201,2019-08,952612,486164,0.6332,1.32,3.2
M202,2019-08,825690,337530,0.6104,1.28,4.28
M205,2019-08,695252,293009,0.585,1.2,3.86
M208,2019-08,2306911,1211898,0.6595,1.23,4.68
M214,2019-08,3571345,1394455,0.6695,1.27,3.55
M216,2019-08,636131,221144,0.6079,0.76,4.93
M222,2019-08,429021,181829,0.6526,0.79,2.03
M102,2019-09,1751280,693214,0.779,1.33,4.09
M104,2019-09,70698,28271,0.6772,1.18,4.85
M107,2019-09,9905252,3177870,0.7811,1.15,2.93
M108,2019-09,983687,407588,0.7068,1.59,1.46
M109,2019-09,1880193,694526,0.7959,1.21,1.7
M117,2019-09,4891055,1892978,0.8099,1.17,3.56
M120,2019-09,6767258,3676121,0.8047,1.37,3.82
M123,2019-09,1303717,456922,0.7304,1.7,1.75
M126,2019-09,1293244,529894,0.6431,1.31,3.39
M129,2019-09,6638434,2532007,0.6674,1.51,3.82
M130,2019-09,273137,102672,0.5642,0.9,1.73
M134,2019-09,865388,344069,0.5909,0.85,3.54
M136,2019-09,1770832,655047,0.7,0.97,2.26
M139,2019-09,2309382,1225301,0.8582,2.11,3.02
M142,2019-09,480401,174148,0.6108,0.8,1.12
M148,2019-09,2051524,928742,0.6287,1.13,3.97
M151,2019-09,171908,66900,0.4082,0.93,2.47
M155,2019-09,1349519,726229,0.4559,0.61,4.32
M157,2019-09,663648,299373,0.456,1.03,2.76
M158,2019-09,4703215,1629730,0.4668,0.77,3.84
M162,2019-09,2035534,1001554,0.441,0.56,2.4
M164,2019-09,502408,196692,0.4222,0.65,4.43
M166,2019-09,1747193,635107,0.4423,1.06,4.97
M170,2019-09,2009722,1016220,0.4703,1.07,4.05
M171,2019-09,255824,102937,0.4454,0.8,3.53
M173,2019-09,300819,155837,0.4423,0.74,4.8
M177,2019-09,543010,301093,0.5887,1.06,3.66
M178,2019-09,711548,376746,0.5817,0.86,2.07
M179,2019-09,903539,397534,0.6639,1.09,3.73
M180,2019-09,6067384,3128477,0.6842,1.58,2.77
M184,2019-09,2334208,743083,0.6401,1.31,1.64
M188,2019-09,349144,159891,0.6077,1.44,1.66
M190,2019-09,136963,61481,0.59,1.25,1.0
M196,2019-09,1174308,1346692,0.2841,0.64,4.95
M201,2019-09,837522,421915,0.6035,0.8,2.25
M202,2019-09,719129,361011,0.6087,1.52,1.57
M205,2019-09,594561,328148,0.5875,1.18,1.61
M208,2019-09,1951745,706848,0.648,1.41,3.36
M214,2019-09,3040921,965816,0.6407,0.84,3.21
M216,2019-09,586181,221147,0.6089,1.25,2.21
M222,2019-09,370499,147413,0.6474,1.53,4.82
M102,2019-10,1568981,801383,0.769,1.9,4.95
M104,2019-10,65503,33002,0.697,1.46,4.05
M107,2019-10,9624083,3343420,0.7688,0.96,1.24
M108,2019-10,908997,362257,0.6974,1.47,1.33
M109,2019-10,1638398,615368,0.7699,1.13,4.23
M117,2019-10,4551031,1939064,0.7877,1.01,3.79
M120,2019-10,6245289,2092185,0.7709,1.38,3.44
M123,2019-10,1181627,416304,0.721,1.52,1.66
M126,2019-10,1230829,486069,0.6641,0.91,4.12
M129,2019-10,5764078,1895466,0.6836,1.06,1.26
M130,2019-10,254947,97781,0.5589,1.03,3.27
M134,2019-10,752818,348985,0.5701,0.85,3.04
M136,2019-10,1492394,496125,0.6572,0.92,4.72
M139,2019-10,1101339,427868,0.6357,1.03,2.67
M141,2019-10,1496634,686604,0.6539,1.55,1.72
M142,2019-10,443747,139807,0.6327,0.99,4.38
M148,2019-10,1766539,686213,0.6104,0.97,3.49
M149,2019-10,3213858,1222758,0.6747,1.6,4.04
M151,2019-10,146784,81144,0.4195,0.96,4.51
M155,2019-10,1225223,679906,0.4494,0.6,3.12
M157,2019-10,567038,227832,0.4055,0.54,4.69
M158,2019-10,4182867,1654835,0.4865,0.64,1.38
M162,2019-10,1740631,590455,0.4342,1.07,1.95
M164,2019-10,449906,200760,0.4425,0.71,2.09
M166,2019-10,1437699,689941,0.473,0.67,2.86
M170,2019-10,1726810,677102,0.4717,0.73,1.48
M171,2019-10,218388,79112,0.4543,1.04,2.31
M173,2019-10,250339,116571,0.4308,0.66,4.96
M177,2019-10,473243,200005,0.5676,1.02,4.22
M178,2019-10,624975,344009,0.5915,1.34,2.49
M179,2019-10,795876,294489,0.6591,0.81,1.26
M180,2019-10,5906702,2439975,0.6464,1.05,1.17
M184,2019-10,2190777,1076451,0.6537,0.81,3.73
M188,2019-10,291496,138767,0.5794,0.72,3.48
M190,2019-10,121111,54723,0.5706,0.89,1.55
M196,2019-10,2335945,768778,0.6413,1.43,4.96
M201,2019-10,777397,337594,0.6222,1.15,2.55
M202,2019-10,603661,268720,0.576,0.74,4.97
M205,2019-10,533417,185628,0.6,1.23,2.07
M208,2019-10,1819257,589870,0.6028,1.39,4.19
M214,2019-10,2720795,914580,0.6623,1.49,3.79
M215,2019-10,7821534,4252014,0.685,1.32,1.75
M216,2019-10,545205,179682,0.5896,0.78,1.93
M222,2019-10,322983,127307,0.605,0.83,3.87
M102,2019-11,1493316,500777,0.7542,1.8,4.1
M104,2019-11,59444,19782,0.696,1.19,1.4
M107,2019-11,8279766,4158529,0.7699,1.89,3.6
M108,2019-11,784166,248449,0.6947,1.04,3.36
M109,2019-11,1447463,649216,0.7844,1.91,4.79
M117,2019-11,4106182,1286399,0.7983,1.91,4.87
M120,2019-11,5442285,2099833,0.8088,1.22,4.93
M123,2019-11,1066155,350772,0.6824,1.61,2.79
M126,2019-11,1055285,490977,0.6234,0.75,2.54
M129,2019-11,5511296,1745880,0.6842,1.31,1.41
M130,2019-11,228162,75809,0.5825,0.75,4.38
M134,2019-11,683862,304452,0.6076,1.03,3.93
M136,2019-11,1433652,468916,0.6447,1.18,1.12
M139,2019-11,1015415,499959,0.6295,0.92,1.76
M141,2019-11,1366208,486047,0.6815,1.03,1.2
M142,2019-11,397213,133481,0.5877,0.93,3.65
M148,2019-11,1658781,797665,0.6063,0.79,4.38
M149,2019-11,2896403,1229136,0.6695,1.28,1.74
M151,2019-11,142674,61572,0.4178,0.62,2.07
M155,2019-11,1029836,360949,0.4464,0.85,4.88
M157,2019-11,536553,208366,0.441,0.84,4.47
M158,2019-11,3678241,1212214,0.4718,1.0,3.01
M162,2019-11,1712889,586479,0.4609,1.01,1.69
M164,2019-11,440601,139385,0.4394,1.09,2.74
M166,2019-11,1435685,536080,0.4722,1.13,1.27
M170,2019-11,1576933,669242,0.4363,1.02,4.15
M171,2019-11,208942,82534,0.4305,0.85,4.03
M173,2019-11,248272,80219,0.4376,0.83,2.38
M175,2019-11,3373128,1443814,0.4793,0.75,1.58
M176,2019-11,4379252,1580315,0.6519,0.98,3.98
M177,2019-11,471335,154240,0.541,0.85,2.97
M178,2019-11,603115,311284,0.5884,1.05,4.3
M179,2019-11,703369,295101,0.6573,1.49,3.96
M180,2019-11,5332719,1769278,0.6761,1.08,3.03
M184,2019-11,1941845,649052,0.664,1.52,4.35
M188,2019-11,268677,110157,0.6109,1.39,3.02
M190,2019-11,115008,58278,0.5465,0.78,4.48
M196,2019-11,2218152,968767,0.6182,1.3,2.14
M201,2019-11,685105,337811,0.6186,1.26,3.71
M202,2019-11,557086,234729,0.561,0.68,4.65
M205,2019-11,493449,186799,0.5454,0.87,4.87
M208,2019-11,1637597,684233,0.6138,1.11,3.71
M214,2019-11,2601909,1104369,0.6201,1.42,2.5
M215,2019-11,6980520,2631506,0.6599,1.64,3.56
M216,2019-11,493024,227661,0.5956,0.83,4.06
M221,2019-11,4604027,1572627,0.6901,1.44,3.89
M222,2019-11,308097,96387,0.613,0.76,3.83
M102,2019-12,1335826,646613,0.7683,1.71,4.63
M104,2019-12,54035,21525,0.6843,0.98,1.39
M107,2019-12,7520404,3478266,0.7964,1.66,2.34
M108,2019-12,718426,312713,0.6912,1.13,2.04
M109,2019-12,1352876,452209,0.7675,1.86,1.28
M114,2019-12,2123438,849148,0.8234,1.05,4.42
M117,2019-12,3700789,1778870,0.7645,1.37,2.27
M120,2019-12,5271388,1823683,0.7804,1.58,1.02
M123,2019-12,995228,347293,0.6804,1.49,1.35
M126,2019-12,1008124,375202,0.6352,0.79,1.8
M129,2019-12,4921205,2704392,0.6511,1.35,3.51
M130,2019-12,206154,74398,0.5622,1.1,1.67
M134,2019-12,664264,299557,0.5695,0.93,4.55
M136,2019-12,1380830,605673,0.6801,1.65,4.67
M139,2019-12,891903,420751,0.6164,1.21,1.68
M141,2019-12,1223197,451238,0.6419,1.22,1.19
M142,2019-12,381655,139966,0.6077,1.06,2.52
M148,2019-12,1524854,618814,0.6077,0.97,3.65
M149,2019-12,2767844,1270837,0.6703,0.9,3.88
M151,2019-12,122517,62520,0.3973,0.61,3.09
M153,2019-12,5967978,2143045,0.4698,0.69,4.73
M155,2019-12,976874,541554,0.4431,0.92,1.6
M157,2019-12,472320,187697,0.4317,0.65,4.95
M158,2019-12,3340230,1363365,0.4495,0.71,4.21
M162,2019-12,1497168,528296,0.4282,0.99,3.65
M164,2019-12,376900,163831,0.4174,0.55,4.26
M166,2019-12,1228168,520170,0.4751,1.1,4.2
M170,2019-12,1493458,512217,0.4222,1.02,1.64
M171,2019-12,189274,72048,0.4461,0.76,2.43
M173,2019-12,210274,76234,0.4479,1.07,1.45
M175,2019-12,3116468,1671600,0.4646,0.97,4.07
M176,2019-12,4033677,1556792,0.6939,1.3,3.8
M177,2019-12,402535,147643,0.5474,0.93,4.36
M178,2019-12,550023,172805,0.5427,1.25,4.41
M179,2019-12,687792,361081,0.6446,0.82,1.89
M180,2019-12,4873571,2061065,0.6417,1.14,4.43
M184,2019-12,1849144,940470,0.6399,1.11,3.23
M188,2019-12,242186,125663,0.5902,1.1,1.83
M190,2019-12,106614,34056,0.5582,1.0,3.24
M196,2019-12,2055660,834824,0.6379,1.4,1.89
M198,2019-12,1861444,628476,0.6982,1.48,1.18
M201,2019-12,619398,310221,0.6208,1.24,1.75
M202,2019-12,547814,233106,0.5779,0.77,2.66
M205,2019-12,467842,157392,0.5694,1.17,4.82
M208,2019-12,1440705,576660,0.6165,1.41,2.93
M214,2019-12,2333668,755323,0.6189,0.85,2.55
M215,2019-12,6420787,2115041,0.6652,1.59,4.05
M216,2019-12,430838,136816,0.6035,1.05,3.8
M221,2019-12,4194519,1890718,0.6801,1.64,3.53
M222,2019-12,272501,101913,0.6095,1.51,3.6
M102,2020-01,1788057,713666,0.7607,1.26,2.92
M104,2020-01,69116,25279,0.6569,1.03,4.39
M107,2020-01,10363907,4093458,0.7513,1.1,4.0
M108,2020-01,934331,424452,0.6605,1.05,4.01
M109,2020-01,1702623,579195,0.7431,1.73,3.97
M114,2020-01,2659480,1247040,0.8132,1.68,4.71
M117,2020-01,4896982,1559855,0.7868,0.96,2.01
M120,2020-01,6746822,2331881,0.7935,1.68,3.59
M123,2020-01,1345438,524483,0.6962,1.1,1.71
M126,2020-01,1310209,635478,0.6187,1.09,3.23
M129,2020-01,6206135,2370943,0.6428,0.9,1.61
M130,2020-01,268135,143295,0.5866,1.08,3.29
M134,2020-01,820890,283295,0.5659,0.73,3.02
M136,2020-01,1689159,661934,0.6346,1.04,2.44
M139,2020-01,1131290,396426,0.6015,1.49,1.04
M141,2020-01,1625652,670666,0.6802,1.66,3.73
M142,2020-01,462651,150099,0.6172,0.97,4.65
M148,2020-01,2020439,869027,0.6351,1.5,1.77
M149,2020-01,3524462,1126927,0.6434,0.78,1.26
M151,2020-01,166854,57874,0.4317,0.82,3.81
M153,2020-01,8291915,2873858,0.4838,0.68,2.84
M155,2020-01,1261628,656233,0.4087,0.8,1.91
M157,2020-01,620123,264642,0.4235,0.88,3.14
M158,2020-01,4458129,1672411,0.4788,0.62,4.71
M162,2020-01,1894651,652956,0.4351,0.77,2.58
M164,2020-01,510172,207085,0.4187,0.94,3.18
M166,2020-01,1707063,852804,0.4574,0.98,2.49
M170,2020-01,831546,770128,0.1984,0.38,4.79
M171,2020-01,241808,84915,0.4477,0.91,3.05
M173,2020-01,275117,130442,0.4442,0.99,4.41
M175,2020-01,4194592,1350777,0.4977,0.79,1.27
M176,2020-01,4973283,1766190,0.6644,1.36,1.4
M177,2020-01,546812,178687,0.5459,0.87,3.34
M178,2020-01,248222,307650,0.2479,0.37,3.96
M179,2020-01,852779,286537,0.6217,1.12,2.43
M180,2020-01,6093745,2368949,0.6338,1.47,1.56
M184,2020-01,2408830,1110813,0.6543,0.8,3.03
M188,2020-01,313719,119985,0.5753,1.1,3.17
M190,2020-01,141898,57659,0.5738,1.26,3.93
M193,2020-01,7491847,3057171,0.6755,1.39,4.39
M196,2020-01,2701279,1015651,0.6083,0.87,4.79
M198,2020-01,2477717,785372,0.6818,1.01,2.95
M201,2020-01,791892,341743,0.5821,0.97,2.88
M202,2020-01,676643,362808,0.599,1.12,4.32
M205,2020-01,599078,276245,0.5622,0.94,3.61
M208,2020-01,1989119,788291,0.6038,1.0,4.47
M214,2020-01,3007439,1215149,0.6352,0.9,1.31
M215,2020-01,8325102,3971664,0.6443,0.87,1.92
M216,2020-01,585478,208476,0.5741,0.81,4.33
M221,2020-01,5050764,2714877,0.6687,0.84,3.29
M222,2020-01,346895,160483,0.599,1.16,1.07
M102,2020-02,1594987,585006,0.7342,1.83,4.47
M104,2020-02,60641,20469,0.66,0.95,3.64
M107,2020-02,8975283,3189667,0.7611,1.14,2.54
M108,2020-02,847618,406865,0.685,0.96,1.39
M109,2020-02,1621255,609346,0.734,0.99,2.93
M114,2020-02,2326203,879516,0.8094,1.65,3.09
M115,2020-02,7917444,4254829,0.8065,1.8,2.52
M117,2020-02,4552141,1604023,0.7701,1.06,2.91
M120,2020-02,5927583,1974101,0.7582,1.1,3.84
M123,2020-02,2660787,899257,0.9323,1.5,2.45
M126,2020-02,1135730,418747,0.6177,1.03,2.1
M129,2020-02,5966895,2088546,0.6457,1.09,3.22
M130,2020-02,242879,108947,0.5522,1.28,3.64
M134,2020-02,776729,320269,0.58,1.0,2.35
M136,2020-02,1560243,562071,0.6603,0.8,1.36
M139,2020-02,1024233,330802,0.5918,0.77,1.15
M141,2020-02,1442874,453987,0.6607,1.31,4.78
M142,2020-02,442298,164032,0.5869,1.32,2.14
M148,2020-02,1708184,647205,0.6158,0.77,1.96
M149,2020-02,3056929,1513014,0.6798,1.16,3.34
M151,2020-02,149977,52963,0.3884,0.89,4.66
M153,2020-02,7128627,2264060,0.4618,1.11,3.3
M155,2020-02,1142607,482115,0.4078,0.99,4.21
M157,2020-02,603964,199554,0.4292,1.05,3.25
M158,2020-02,4114442,1438383,0.4856,0.95,1.11
M162,2020-02,1729450,912842,0.4482,0.67,2.26
M164,2020-02,478083,189481,0.389,0.51,3.69
M166,2020-02,1536908,806166,0.4666,1.1,2.08
M170,2020-02,1807923,655911,0.455,0.98,4.49
M171,2020-02,218407,104808,0.4115,0.55,4.68
M173,2020-02,263589,96595,0.4297,0.54,2.93
M175,2020-02,3743690,1503926,0.4938,0.91,4.94
M176,2020-02,4902375,2236104,0.6461,1.45,2.91
M177,2020-02,494936,197700,0.5447,1.35,3.79
M178,2020-02,641666,232076,0.5306,0.86,3.45
M179,2020-02,764496,297702,0.6219,1.04,3.0
M180,2020-02,5505647,1979738,0.6386,0.92,1.52
M183,2020-02,2849770,1344235,0.655,1.15,2.52
M184,2020-02,2114726,672878,0.6125,1.13,4.98
M188,2020-02,309412,122597,0.586,1.13,3.27
M190,2020-02,122333,44215,0.533,1.08,2.8
M193,2020-02,6860740,2976012,0.673,0.82,1.48
M196,2020-02,2477141,786802,0.6049,0.86,4.12
M198,2020-02,2194910,800340,0.6644,1.13,2.15
M201,2020-02,762941,380939,0.5834,1.18,3.29
M202,2020-02,640294,337017,0.5531,0.87,2.07
M205,2020-02,536703,246222,0.5522,1.08,4.86
M208,2020-02,1743307,847318,0.5812,1.41,3.8
M214,2020-02,2636077,1296213,0.6052,1.16,1.11
M215,2020-02,7415804,2583008,0.6342,1.3,4.54
M216,2020-02,509113,237198,0.5592,1.28,1.11
M221,2020-02,4900368,1631000,0.6513,1.24,2.09
M222,2020-02,328566,104063,0.6199,1.25,3.54
M102,2020-03,1408071,555924,0.746,1.42,4.22
M104,2020-03,25826,24121,0.2867,0.66,2.38
M107,2020-03,8200476,4526538,0.7841,0.95,2.72
M108,2020-03,773153,364059,0.6364,1.23,2.58
M109,2020-03,1408999,497534,0.7455,1.3,1.96
M114,2020-03,2214296,720345,0.8024,1.74,4.24
M115,2020-03,7121614,2377933,0.7831,1.57,2.09
M117,2020-03,4090836,1983046,0.727,1.05,1.41
M120,2020-03,5329027,1902358,0.7744,1.43,2.37
M123,2020-03,1053741,360963,0.7039,1.15,4.37
M126,2020-03,1097236,584116,0.6388,0.93,4.37
M129,2020-03,5413592,1829192,0.6261,1.38,2.77
M130,2020-03,227840,123362,0.553,1.37,2.89
M134,2020-03,691505,309128,0.5562,1.35,3.08
M136,2020-03,1358302,504208,0.6299,0.93,1.45
M138,2020-03,11896949,5277402,0.6584,1.47,1.04
M139,2020-03,908173,313501,0.5888,0.78,1.63
M141,2020-03,1256081,471129,0.6715,0.86,3.58
M142,2020-03,391861,134750,0.5663,1.26,4.03
M148,2020-03,1647932,682597,0.5946,0.82,4.59
M149,2020-03,2871243,1190152,0.6397,0.92,2.39
M151,2020-03,137093,62729,0.4231,0.55,1.62
M153,2020-03,13693232,5313584,0.6481,0.93,1.07
M155,2020-03,1082983,375198,0.4109,0.78,2.55
M157,2020-03,519674,208155,0.4126,0.84,1.44
M158,2020-03,3601310,1902081,0.4758,0.7,2.94
M162,2020-03,1546577,594970,0.4548,0.96,2.02
M164,2020-03,405243,153018,0.3885,0.71,4.56
M166,2020-03,1282485,438992,0.4195,0.73,2.48
M170,2020-03,1584244,536468,0.4193,0.67,4.78
M171,2020-03,210101,108525,0.4318,0.81,2.0
M173,2020-03,235009,114612,0.433,0.88,2.43
M175,2020-03,3302499,1209113,0.4851,0.84,2.35
M176,2020-03,4086717,1277974,0.6522,1.62,2.3
M177,2020-03,436258,152013,0.5415,1.05,1.86
M178,2020-03,591607,191050,0.5377,0.92,3.91
M179,2020-03,733122,278323,0.6309,1.0,1.89
M180,2020-03,5243663,2864791,0.6561,1.26,3.23
M183,2020-03,2637345,1307817,0.6469,1.08,3.33
M184,2020-03,1910666,650881,0.6046,1.3,3.89
M188,2020-03,275732,135026,0.5863,1.4,3.38
M190,2020-03,108555,38452,0.5538,1.22,2.39
M193,2020-03,6432853,2699329,0.6834,1.4,3.41
M196,2020-03,2044273,707756,0.6091,1.16,1.6
M198,2020-03,1994191,945510,0.6375,1.13,3.38
M201,2020-03,675288,319902,0.5845,0.76,3.29
M202,2020-03,531308,225238,0.5443,0.75,1.54
M204,2020-03,12612868,5079677,0.6826,1.47,1.98
M205,2020-03,454904,157543,0.5412,1.12,2.69
M208,2020-03,1551823,689995,0.6047,1.5,3.46
M214,2020-03,2574631,1064295,0.6023,0.88,2.5
M215,2020-03,6873637,2295903,0.6306,1.52,4.48
M216,2020-03,478664,263114,0.5747,0.71,1.84
M221,2020-03,4338119,2080311,0.6562,1.41,1.57
M222,2020-03,301488,165131,0.6092,0.87,2.14
M102,2020-04,477000,473823,0.3198,0.5,4.41
M104,2020-04,49998,16610,0.619,0.93,2.52
M107,2020-04,7550003,3892867,0.7478,1.08,3.0
M108,2020-04,689807,222741,0.6311,1.03,2.57
M109,2020-04,1236506,541024,0.7376,1.82,3.01
M114,2020-04,1952968,729778,0.7999,0.99,3.22
M115,2020-04,6173921,3067952,0.8129,1.38,4.84
M117,2020-04,3588754,1341222,0.7314,1.8,4.64
M120,2020-04,4706900,1839259,0.7423,1.66,4.45
M123,2020-04,925078,331903,0.6742,1.66,1.58
M126,2020-04,961866,311893,0.6109,0.83,2.27
M129,2020-04,4781193,1696715,0.6533,1.13,2.77
M130,2020-04,203726,66756,0.5717,0.77,1.74
M134,2020-04,611828,230289,0.5483,0.82,3.75
M136,2020-04,1205075,436084,0.6388,1.36,2.5
M138,2020-04,10662318,4285456,0.6519,1.43,1.06
M139,2020-04,815579,342930,0.5971,0.77,4.71
M141,2020-04,1200727,398385,0.6445,0.98,2.62
M142,2020-04,322894,114118,0.574,1.24,3.38
M148,2020-04,1409543,465795,0.6193,1.41,1.17
M149,2020-04,2644055,1046659,0.6398,1.2,3.52
M151,2020-04,112721,51059,0.3979,0.72,2.69
M153,2020-04,5751200,3065074,0.4668,0.83,3.89
M155,2020-04,885848,306498,0.4424,0.77,2.8
M157,2020-04,441367,168047,0.4171,0.64,3.77
M158,2020-04,3277763,1124415,0.4664,0.83,2.45
M162,2020-04,1415240,605392,0.4491,0.76,2.52
M164,2020-04,369648,120126,0.4098,0.95,1.72
M166,2020-04,1196793,501292,0.4285,0.86,1.47
M170,2020-04,1316213,631582,0.4336,1.0,3.17
M171,2020-04,168421,55478,0.4039,0.7,1.32
M173,2020-04,205876,96087,0.4194,0.95,1.2
M175,2020-04,2813901,1036585,0.4393,1.01,2.19
M176,2020-04,3857891,2064540,0.6458,1.29,3.77
M177,2020-04,391332,134838,0.5239,1.26,1.37
M178,2020-04,496994,214591,0.5389,1.03,2.17
M179,2020-04,594038,214263,0.6137,1.29,3.45
M180,2020-04,4287957,1519679,0.6414,1.34,4.74
M183,2020-04,2328695,1057506,0.6704,1.67,2.42
M184,2020-04,1660858,641830,0.621,0.89,3.44
M185,2020-04,6091665,1921078,0.6501,0.88,4.39
M188,2020-04,242274,75744,0.5607,1.14,1.05
M190,2020-04,94406,43023,0.5595,0.91,1.02
M193,2020-04,5580238,2449722,0.6712,0.96,2.32
M196,2020-04,1853658,676156,0.6308,1.15,3.51
M198,2020-04,1816106,711708,0.6468,1.4,4.34
M201,2020-04,581389,206536,0.5808,1.21,4.2
M202,2020-04,505490,220253,0.5835,1.45,3.51
M204,2020-04,11372546,4375109,0.6645,1.45,3.82
M205,2020-04,409091,221816,0.5407,0.97,4.8
M208,2020-04,1345280,605097,0.5756,1.37,2.78
M214,2020-04,2062271,832995,0.615,1.32,3.09
M215,2020-04,6045855,3022001,0.6636,1.38,1.53
M216,2020-04,202667,170524,0.2568,0.54,3.38
M221,2020-04,3646377,1486117,0.6273,1.01,3.31
M222,2020-04,255175,83691,0.591,0.95,2.76
M102,2020-05,1021540,508469,0.7157,1.34,1.83
M104,2020-05,41877,18646,0.6191,0.94,1.28
M107,2020-05,6297287,2768970,0.7482,1.55,1.42
M108,2020-05,572052,238648,0.6329,1.45,3.8
M109,2020-05,1114885,498291,0.7549,1.43,4.89
M114,2020-05,1675944,683508,0.7566,1.37,2.82
M115,2020-05,5535270,1980913,0.7853,1.82,3.47
M117,2020-05,3183409,1355272,0.749,1.76,2.81
M120,2020-05,3942782,1599202,0.7436,1.63,3.42
M123,2020-05,783945,403242,0.6829,1.4,4.17
M126,2020-05,799358,338547,0.6107,1.51,2.54
M129,2020-05,3920108,1333605,0.6395,1.42,3.18
M130,2020-05,164527,60318,0.5239,0.96,3.37
M134,2020-05,513094,199095,0.5711,0.74,1.43
M136,2020-05,1085176,376812,0.6289,0.83,4.27
M138,2020-05,18073687,5253515,0.9405,1.78,2.56
M139,2020-05,724650,349408,0.5891,1.41,2.22
M140,2020-05,5576722,2315320,0.6991,0.85,4.95
M141,2020-05,980965,495792,0.6297,0.8,3.81
M142,2020-05,300145,130331,0.5931,1.25,2.58
M148,2020-05,1191992,510291,0.5941,1.08,1.75
M149,2020-05,2154058,696143,0.657,1.36,1.54
M151,2020-05,97454,53487,0.4106,1.02,1.34
M153,2020-05,4974778,2088314,0.4603,0.81,1.72
M155,2020-05,794102,308644,0.4145,0.82,3.31
M157,2020-05,405721,190349,0.4031,0.68,4.91
M158,2020-05,2739621,983058,0.4327,0.6,3.93
M162,2020-05,1274167,401042,0.4449,1.05,1.35
M164,2020-05,310110,109256,0.426,0.95,2.25
M166,2020-05,968854,424756,0.4484,0.81,3.94
M170,2020-05,1167845,371355,0.4389,1.05,4.0
M171,2020-05,155758,60157,0.3916,0.5,4.96
M173,2020-05,181093,67722,0.4028,0.93,2.11
M175,2020-05,4712984,1936333,0.6677,1.31,1.6
M176,2020-05,3183574,1086181,0.6331,1.42,4.45
M177,2020-05,329543,171801,0.5173,0.95,4.97
M178,2020-05,448332,210176,0.537,1.16,2.38
M179,2020-05,538108,188302,0.6008,0.96,3.98
M180,2020-05,3934246,1545551,0.624,0.87,4.48
M183,2020-05,1830639,590888,0.6574,1.37,1.16
M184,2020-05,1544161,573527,0.6378,1.48,2.34
M185,2020-05,5038217,2600252,0.6777,1.47,3.94
M188,2020-05,204913,98853,0.5519,1.06,3.69
M190,2020-05,86471,47596,0.5199,0.77,2.13
M193,2020-05,4591720,2504783,0.6346,1.45,4.8
M196,2020-05,1645450,589491,0.586,1.2,4.6
M198,2020-05,1519744,481841,0.6698,1.21,4.74
M200,2020-05,5266621,1703430,0.6638,1.46,2.29
M201,2020-05,494835,259947,0.5989,0.77,4.82
M202,2020-05,411087,170095,0.5546,0.79,2.97
M204,2020-05,9178285,3191125,0.6509,1.39,1.41
M205,2020-05,344630,132555,0.5275,0.74,3.56
M208,2020-05,1241901,454834,0.5783,1.13,3.06
M214,2020-05,1941349,780614,0.6068,1.35,3.16
M215,2020-05,4841593,1543965,0.6559,1.58,2.44
M216,2020-05,357950,151618,0.5616,1.06,4.84
M221,2020-05,3143418,1286443,0.6583,0.82,2.54
M222,2020-05,217536,78412,0.6148,0.81,3.53
M102,2020-06,924362,463125,0.7057,1.3,1.25
M104,2020-06,36369,16302,0.6327,1.58,1.15
M107,2020-06,5088426,1752882,0.7221,1.49,2.83
M108,2020-06,518143,171345,0.6254,0.78,1.57
M109,2020-06,954143,387909,0.7539,1.03,1.69
M110,2020-06,8019866,3595913,0.8197,1.61,4.27
M114,2020-06,1342963,538045,0.784,1.38,4.25
M115,2020-06,4852057,1764540,0.7722,1.06,4.35
M117,2020-06,2685044,935581,0.7377,1.02,2.66
M120,2020-06,3585710,1392632,0.7419,0.99,4.39
M123,2020-06,235310,242520,0.2866,0.38,3.61
M126,2020-06,704621,295722,0.6254,0.92,3.56
M129,2020-06,3402060,1431335,0.6519,0.93,3.0
M130,2020-06,52103,56047,0.2493,0.34,3.12
M134,2020-06,422212,183040,0.5631,1.24,3.64
M136,2020-06,879436,424600,0.6448,1.17,1.71
M138,2020-06,7712300,4145591,0.6672,1.09,4.22
M139,2020-06,628531,337802,0.587,1.3,2.94
M140,2020-06,4396350,1439957,0.6811,0.99,3.71
M141,2020-06,830262,287231,0.6263,1.46,2.5
M142,2020-06,241771,98305,0.5692,1.37,2.82
M148,2020-06,1023358,514000,0.606,0.89,1.51
M149,2020-06,1891414,1004195,0.6168,0.88,2.37
M151,2020-06,89832,33961,0.4105,0.58,4.88
M153,2020-06,4327348,2252578,0.4768,0.94,4.35
M155,2020-06,662380,234717,0.4253,0.83,4.57
M157,2020-06,774416,287983,0.5645,1.02,4.07
M158,2020-06,2218199,872080,0.4475,0.8,1.96
M162,2020-06,1044565,574760,0.4391,0.7,3.59
M164,2020-06,254825,103097,0.3897,0.85,1.1
M166,2020-06,859293,298306,0.4497,0.76,2.86
M170,2020-06,1016245,338236,0.399,0.5,2.7
M171,2020-06,127170,40700,0.4121,0.54,4.52
M173,2020-06,153393,81733,0.4323,0.58,2.46
M175,2020-06,2166125,936986,0.4393,0.93,1.82
M176,2020-06,2853914,1337300,0.6207,1.21,4.84
M177,2020-06,277421,97579,0.5163,1.08,2.11
M178,2020-06,357243,156457,0.5343,1.13,3.71
M179,2020-06,454185,205590,0.621,1.4,4.76
M180,2020-06,3140850,1030237,0.6229,0.98,4.83
M183,2020-06,1576387,721023,0.6649,1.25,3.51
M184,2020-06,1241542,393216,0.6121,1.09,3.58
M185,2020-06,4306855,2281016,0.6836,1.39,2.65
M188,2020-06,170693,63115,0.5463,1.25,2.78
M190,2020-06,70151,35345,0.5495,1.01,4.88
M193,2020-06,4137394,2216960,0.6427,1.54,3.85
M196,2020-06,1356711,429001,0.617,0.86,1.95
M198,2020-06,1231663,549046,0.6263,1.21,1.14
M200,2020-06,4355546,1909166,0.6636,1.06,4.68
M201,2020-06,432074,172886,0.5623,0.68,3.95
M202,2020-06,374859,165588,0.5603,1.36,4.92
M204,2020-06,8159005,4067469,0.6633,1.39,3.93
M205,2020-06,318041,159403,0.5375,1.23,2.78
M208,2020-06,977689,520865,0.5921,1.43,2.11
M214,2020-06,1516769,593931,0.6023,1.12,1.78
M215,2020-06,4258742,1608827,0.6572,0.92,4.42
M216,2020-06,296340,127624,0.5392,1.26,1.35
M221,2020-06,2852897,1177954,0.6646,1.49,4.88
M222,2020-06,189755,62112,0.572,0.84,2.9
M102,2020-07,796734,250443,0.6933,0.91,2.64
M104,2020-07,32064,13470,0.6278,0.87,1.74
M107,2020-07,4472838,1736745,0.7161,1.14,3.24
M108,2020-07,432302,235256,0.6121,1.4,2.89
M109,2020-07,812397,266380,0.7229,1.1,1.48
M110,2020-07,6982875,2187572,0.7773,1.5,4.47
M114,2020-07,1202480,487533,0.7727,1.51,4.38
M115,2020-07,3823033,2031459,0.766,1.08,2.09
M117,2020-07,2207031,717279,0.7198,1.74,3.06
M120,2020-07,3073051,1494277,0.7187,1.68,4.31
M123,2020-07,600576,270346,0.6643,1.3,4.29
M126,2020-07,551781,218489,0.5987,1.43,1.41
M129,2020-07,2795218,1325024,0.6094,1.39,3.1
M130,2020-07,122920,47799,0.5478,0.71,4.28
M134,2020-07,388964,157390,0.5356,1.26,3.39
M136,2020-07,784287,344157,0.6355,0.95,4.43
M138,2020-07,6241782,2948124,0.6363,1.33,4.14
M139,2020-07,501300,173786,0.5829,1.3,3.05
M140,2020-07,3722227,1892826,0.6527,1.42,4.13
M141,2020-07,747616,358128,0.6501,0.86,4.38
M142,2020-07,220379,70446,0.5574,1.2,1.97
M148,2020-07,1761643,803763,0.8315,1.3,4.61
M149,2020-07,1587074,501760,0.6099,1.29,2.47
M151,2020-07,74400,30800,0.4154,0.7,1.86
M153,2020-07,3471519,1773007,0.4797,0.66,4.05
M155,2020-07,587328,227647,0.387,0.61,3.4
M157,2020-07,280076,88445,0.3932,0.91,1.76
M158,2020-07,1895446,636593,0.4438,1.11,2.97
M162,2020-07,851204,352716,0.4319,0.74,3.36
M164,2020-07,217205,70170,0.4199,0.69,3.38
M166,2020-07,769136,390054,0.4444,0.95,3.33
M170,2020-07,835946,287732,0.4242,0.84,2.62
M171,2020-07,110542,50465,0.4199,0.78,3.51
M173,2020-07,123292,63570,0.3841,0.95,2.53
M175,2020-07,1854766,921013,0.4581,1.0,4.07
M176,2020-07,2388231,1146697,0.6431,1.06,4.44
M177,2020-07,244001,77865,0.5016,0.85,2.26
M178,2020-07,313632,128352,0.5066,0.81,3.82
M179,2020-07,385194,193731,0.6208,1.29,3.64
M180,2020-07,2838912,1091429,0.6188,1.06,2.98
M183,2020-07,1456586,546824,0.6426,0.79,1.18
M184,2020-07,1112947,486337,0.6171,1.01,1.39
M185,2020-07,3686152,1602457,0.6526,1.33,3.37
M188,2020-07,153311,81044,0.5402,0.88,2.84
M190,2020-07,62971,24263,0.5501,1.08,4.94
M193,2020-07,3394532,1446684,0.6486,1.35,2.34
M196,2020-07,1179593,410884,0.587,1.04,2.99
M197,2020-07,5248374,1808530,0.692,0.87,4.98
M198,2020-07,1086381,513354,0.6521,0.86,2.35
M200,2020-07,3618755,1238595,0.6638,1.36,2.21
M201,2020-07,382014,158770,0.577,1.16,2.81
M202,2020-07,313002,152472,0.5209,1.02,1.85
M204,2020-07,7202104,2536763,0.6534,1.31,4.08
M205,2020-07,259206,99980,0.5363,0.75,1.6
M206,2020-07,10052736,4527472,0.6718,0.86,1.81
M208,2020-07,858838,290816,0.5873,1.01,1.45
M214,2020-07,1313266,612581,0.6164,1.09,3.59
M215,2020-07,3527410,1743565,0.6118,1.26,1.7
M216,2020-07,264067,83849,0.5443,0.71,3.41
M221,2020-07,2460626,803914,0.6304,0.83,4.77
M222,2020-07,166222,83244,0.5656,1.06,4.32
M102,2020-08,690265,222366,0.6966,0.95,4.23
M104,2020-08,26093,9966,0.6135,1.07,1.58
M107,2020-08,3769505,1193677,0.73,1.34,2.5
M108,2020-08,388962,173404,0.6272,1.47,4.75
M109,2020-08,679486,242505,0.7371,1.47,4.37
M110,2020-08,6229283,1998366,0.8025,1.54,2.24
M114,2020-08,1066125,461926,0.7726,1.79,2.55
M115,2020-08,3528910,1501557,0.7929,1.8,1.94
M117,2020-08,1859665,610457,0.7418,1.63,2.63
M120,2020-08,2462624,817326,0.7492,1.3,4.36
M123,2020-08,517983,171094,0.665,1.24,2.41
M126,2020-08,502378,170946,0.6119,0.78,3.57
M129,2020-08,2516088,865400,0.6018,0.97,1.33
M130,2020-08,101939,40405,0.5535,1.27,3.74
M134,2020-08,330454,147054,0.5389,1.13,4.31
M136,2020-08,676635,325598,0.6157,1.5,4.54
M138,2020-08,5410565,1730078,0.6712,1.6,4.9
M139,2020-08,436207,156809,0.5484,0.84,1.36
M140,2020-08,3298829,1055240,0.6409,1.54,2.81
M141,2020-08,628340,319616,0.6357,1.41,2.15
M142,2020-08,181744,91684,0.5778,0.91,3.71
M148,2020-08,751466,316815,0.5673,1.14,4.63
M149,2020-08,2623222,875027,0.8721,1.83,3.75
M151,2020-08,64723,23182,0.4008,0.51,2.33
M153,2020-08,2987173,972539,0.4768,0.94,3.99
M155,2020-08,473923,219905,0.4125,0.69,4.87
M157,2020-08,246610,94389,0.3805,0.89,1.53
M158,2020-08,1669925,656780,0.4236,0.58,4.49
M159,2020-08,3811807,1338907,0.5013,1.0,4.05
M162,2020-08,743409,332143,0.4401,0.97,1.61
M164,2020-08,200659,73761,0.4074,0.61,1.14
M166,2020-08,617402,221422,0.4208,0.53,2.43
M170,2020-08,749314,302230,0.4131,0.56,1.37
M171,2020-08,98530,47995,0.3864,0.91,3.34
M173,2020-08,110711,35032,0.4043,0.53,4.07
M175,2020-08,1594510,524110,0.4248,0.73,3.36
M176,2020-08,2083718,701171,0.6127,1.26,2.82
M177,2020-08,217937,82806,0.4953,1.21,2.3
M178,2020-08,278914,98624,0.5479,0.69,3.57
M179,2020-08,325902,173559,0.5835,1.0,1.71
M180,2020-08,2504980,831743,0.5945,1.32,2.14
M183,2020-08,1227547,452020,0.626,1.41,2.24
M184,2020-08,943567,475635,0.6083,1.12,4.54
M185,2020-08,3209830,1240140,0.6512,1.3,2.74
M188,2020-08,125975,67852,0.5371,1.12,1.62
M190,2020-08,52313,19509,0.5262,1.25,2.91
M193,2020-08,2854402,1442414,0.6601,1.05,1.19
M196,2020-08,973131,522308,0.5704,1.17,3.27
M197,2020-08,4265798,1977832,0.6491,1.34,1.72
M198,2020-08,914403,389084,0.6142,1.21,2.82
M200,2020-08,3298025,1233674,0.6483,0.94,1.74
M201,2020-08,326746,123501,0.5886,0.71,1.47
M202,2020-08,254344,103058,0.5496,1.09,2.95
M204,2020-08,5998735,1896239,0.643,1.1,2.21
M205,2020-08,216289,118877,0.5056,1.17,1.84
M206,2020-08,8614345,3179152,0.6668,0.97,2.2
M208,2020-08,742103,301228,0.5511,1.16,4.86
M214,2020-08,1160211,386258,0.5993,1.37,1.2
M215,2020-08,3024303,1127388,0.6357,1.37,3.38
M216,2020-08,220823,100051,0.5394,1.08,3.71
M221,2020-08,2105984,848139,0.6407,1.03,1.25
M222,2020-08,145176,60896,0.5787,0.96,3.79
M102,2020-09,553823,251370,0.6876,1.02,4.64
M104,2020-09,22898,8663,0.6301,1.0,3.85
M107,2020-09,3559594,1200006,0.7357,1.65,4.38
M108,2020-09,330825,150687,0.6375,0.93,3.42
M109,2020-09,580643,243724,0.7397,0.93,1.07
M110,2020-09,5573265,2423304,0.7699,0.96,1.25
M114,2020-09,889656,333881,0.732,1.2,2.42
M115,2020-09,2849056,940655,0.7514,1.41,3.68
M117,2020-09,1709585,551962,0.7119,0.96,1.42
M120,2020-09,2283086,788625,0.7494,1.0,3.52
M123,2020-09,460622,149777,0.6259,1.16,3.93
M126,2020-09,419550,155048,0.5867,1.04,2.66
M129,2020-09,2234690,1042570,0.6305,0.83,2.49
M130,2020-09,94623,41052,0.5332,0.93,1.91
M132,2020-09,834760,350920,0.6705,1.5,2.45
M134,2020-09,269233,134360,0.5105,0.67,2.26
M136,2020-09,603230,297149,0.5931,1.21,4.61
M138,2020-09,4666153,1738344,0.6557,1.04,2.61
M139,2020-09,400523,155539,0.5502,0.67,2.12
M140,2020-09,2936701,950809,0.665,1.27,4.15
M141,2020-09,549757,198006,0.6394,0.93,2.21
M142,2020-09,152394,67184,0.5663,1.41,2.14
M148,2020-09,638231,248097,0.5811,0.72,4.19
M149,2020-09,1202706,562570,0.6337,0.85,1.24
M151,2020-09,54940,20516,0.3782,0.52,2.19
M153,2020-09,2747330,1128542,0.4726,0.91,4.58
M155,2020-09,439574,172611,0.4078,0.91,3.86
M157,2020-09,218515,78038,0.39,0.76,4.29
M158,2020-09,1470271,758973,0.4486,0.57,4.55
M159,2020-09,3231247,1332676,0.47,0.88,2.58
M162,2020-09,651747,260870,0.4132,0.76,4.89
M164,2020-09,175445,87631,0.3704,0.78,4.45
M166,2020-09,533780,254459,0.4192,0.7,4.81
M170,2020-09,650339,274165,0.391,0.55,2.49
M171,2020-09,87358,39269,0.3988,0.78,1.19
M173,2020-09,99910,32814,0.3853,0.52,2.39
M175,2020-09,1423255,596851,0.4487,0.99,2.9
M176,2020-09,1788245,675320,0.6381,1.14,2.8
M177,2020-09,189517,84031,0.53,0.8,2.58
M178,2020-09,240184,76459,0.5395,1.25,3.83
M179,2020-09,292607,100392,0.6104,1.18,1.77
M180,2020-09,2126765,815603,0.5876,1.07,4.59
M183,2020-09,1012916,325627,0.624,0.95,3.82
M184,2020-09,842924,348039,0.6103,0.77,4.45
M185,2020-09,2692352,1116313,0.6457,0.99,1.46
M188,2020-09,106982,52560,0.5222,0.83,2.63
M190,2020-09,44438,16704,0.5113,0.87,2.28
M193,2020-09,2567625,1139189,0.6288,0.92,4.01
M196,2020-09,896288,359930,0.5976,0.76,2.86
M197,2020-09,3795914,1531944,0.6604,1.02,4.85
M198,2020-09,840469,391855,0.6327,1.09,1.34
M200,2020-09,2882063,1382390,0.6784,1.5,3.15
M201,2020-09,579541,176022,0.7876,1.24,4.89
M202,2020-09,219233,70563,0.5341,0.9,2.41
M204,2020-09,5265921,2010489,0.6455,1.25,2.2
M205,2020-09,194683,98715,0.502,0.88,3.44
M206,2020-09,7771259,3460621,0.6741,1.47,2.81
M208,2020-09,637083,200578,0.5621,0.69,3.77
M214,2020-09,1034159,573619,0.5888,1.02,4.58
M215,2020-09,2835669,988916,0.6219,0.81,1.12
M216,2020-09,198692,72508,0.5436,1.24,2.43
M220,2020-09,12845869,4244605,0.95,1.69,1.89
M221,2020-09,1710304,779683,0.6461,1.29,2.21
M222,2020-09,125231,58850,0.5747,1.37,3.83
M102,2020-10,506256,244035,0.7131,1.38,2.98
M104,2020-10,20967,7697,0.6103,0.78,1.51
M107,2020-10,2933111,1355741,0.7245,1.61,1.77
M108,2020-10,298402,93580,0.6286,1.21,2.82
M109,2020-10,564154,209150,0.7312,1.29,4.98
M110,2020-10,4721725,1715591,0.7793,1.83,1.9
M114,2020-10,1555696,568010,0.95,1.85,1.1
M115,2020-10,2732087,862038,0.7532,1.06,2.24
M117,2020-10,1522409,786605,0.708,1.43,2.34
M120,2020-10,1978972,1014349,0.7079,1.16,4.18
M123,2020-10,416058,144161,0.643,1.26,1.34
M126,2020-10,375003,203068,0.5807,0.79,4.68
M129,2020-10,1944177,874943,0.6163,1.19,2.18
M130,2020-10,81953,42371,0.5326,1.1,1.04
M132,2020-10,720018,247154,0.689,1.67,4.13
M134,2020-10,251789,111437,0.5146,0.66,4.16
M136,2020-10,502397,193044,0.6169,1.32,2.78
M138,2020-10,4263871,1462315,0.618,1.51,4.02
M139,2020-10,346932,114148,0.5688,0.94,2.48
M140,2020-10,2504888,955693,0.6589,1.51,4.43
M141,2020-10,482621,232748,0.6,0.99,3.67
M142,2020-10,145698,45893,0.555,1.36,3.46
M148,2020-10,591144,291607,0.5727,0.85,1.01
M149,2020-10,1041490,490717,0.6212,1.51,2.33
M151,2020-10,51040,24450,0.3662,0.47,1.12
M153,2020-10,2322323,1052345,0.4297,0.54,1.12
M155,2020-10,378454,185171,0.4188,0.8,1.71
M157,2020-10,184105,61779,0.406,0.69,4.15
M158,2020-10,1287337,413860,0.4248,0.87,4.76
M159,2020-10,3037854,950287,0.4921,0.68,4.7
M162,2020-10,615048,297361,0.4074,1.01,1.98
M164,2020-10,146109,54877,0.37,0.6,1.21
M166,2020-10,511008,169096,0.4346,0.64,1.33
M170,2020-10,576312,211188,0.3847,0.78,3.04
M171,2020-10,74870,30559,0.3871,0.82,2.98
M173,2020-10,84494,35782,0.4171,0.62,1.81
M175,2020-10,1276167,542067,0.4318,1.04,2.5
M176,2020-10,1579141,794311,0.5992,1.17,2.86
M177,2020-10,166207,69352,0.5084,0.82,2.53
M178,2020-10,208116,97830,0.5223,1.2,3.05
M179,2020-10,264322,91138,0.6163,0.77,1.8
M180,2020-10,1832400,810460,0.5951,0.93,3.82
M183,2020-10,987664,308860,0.6476,0.78,2.2
M184,2020-10,751777,259557,0.5852,1.2,2.89
M185,2020-10,2533668,884159,0.6275,1.36,2.9
M188,2020-10,99949,34460,0.5479,1.22,2.25
M190,2020-10,39945,13878,0.5249,1.01,2.5
M191,2020-10,22990949,10183427,0.95,1.56,2.68
M193,2020-10,2364196,999780,0.6439,0.79,4.14
M196,2020-10,829731,411742,0.6026,1.2,3.43
M197,2020-10,3556395,1121098,0.6452,0.93,1.43
M198,2020-10,746655,306993,0.6447,1.24,1.13
M200,2020-10,2598881,1046223,0.6343,1.0,1.93
M201,2020-10,254935,134319,0.5379,1.25,2.64
M202,2020-10,199785,102189,0.5318,1.3,4.46
M204,2020-10,4501657,2156019,0.6366,1.26,4.76
M205,2020-10,58449,71065,0.2359,0.3,2.6
M206,2020-10,6877427,2711706,0.6805,1.33,3.95
M208,2020-10,573967,189216,0.5628,0.89,3.45
M214,2020-10,942156,460672,0.5725,1.03,4.64
M215,2020-10,2420736,932464,0.6097,1.42,2.1
M216,2020-10,174920,79197,0.5508,0.82,2.97
M220,2020-10,5970638,2319637,0.6948,1.53,2.3
M221,2020-10,1600609,743130,0.6203,1.3,4.0
M222,2020-10,108835,38263,0.5878,0.79,4.67
M102,2020-11,468490,164489,0.6902,1.05,4.8
M104,2020-11,18433,6251,0.6181,0.82,2.18
M107,2020-11,2808475,1196526,0.6939,0.97,2.43
M108,2020-11,261192,141320,0.6218,1.42,4.25
M109,2020-11,502094,179128,0.7229,0.92,1.02
M110,2020-11,4529083,1575903,0.7964,1.05,2.69
M114,2020-11,769369,338636,0.7236,1.7,4.19
M115,2020-11,2521029,1238812,0.7344,1.19,3.25
M117,2020-11,1335533,639021,0.7051,1.04,2.43
M120,2020-11,1796850,760412,0.7058,0.91,4.26
M123,2020-11,370408,159894,0.6094,1.21,4.93
M126,2020-11,344465,135049,0.6095,1.49,3.4
M129,2020-11,1870474,674083,0.6139,1.0,3.54
M130,2020-11,78602,35009,0.5326,1.06,3.34
M132,2020-11,658591,244209,0.6516,0.98,3.47
M134,2020-11,240098,107552,0.5369,0.69,2.5
M136,2020-11,464249,230701,0.5902,1.17,4.78
M138,2020-11,4089615,1809431,0.6239,1.17,4.91
M139,2020-11,327750,148717,0.5262,0.8,3.16
M140,2020-11,2497272,914413,0.6324,1.26,2.53
M141,2020-11,437259,180737,0.5853,0.85,3.54
M142,2020-11,126393,60593,0.5246,1.26,1.95
M148,2020-11,523118,185833,0.5606,0.8,2.0
M149,2020-11,958590,394874,0.6168,0.8,4.89
M151,2020-11,45206,22215,0.3756,0.82,4.28
M153,2020-11,2266997,1240330,0.4356,1.04,3.38
M155,2020-11,344690,122347,0.3839,0.65,3.42
M157,2020-11,169272,85004,0.3805,0.46,3.0
M158,2020-11,1249248,502102,0.4523,0.76,2.96
M159,2020-11,2694023,1026829,0.4649,0.79,3.26
M162,2020-11,531352,220403,0.3978,0.74,2.95
M164,2020-11,142210,51246,0.3895,0.59,1.14
M166,2020-11,468241,174499,0.4223,0.65,2.82
M170,2020-11,537818,249451,0.4081,0.5,4.08
M171,2020-11,69445,22520,0.3874,0.73,1.76
M173,2020-11,78461,26492,0.3801,0.78,2.53
M175,2020-11,1107802,466197,0.4568,0.93,4.11
M176,2020-11,1416408,708275,0.6274,1.0,4.95
M177,2020-11,154846,85920,0.4835,0.99,3.93
M178,2020-11,190223,81833,0.5202,1.27,2.8
M179,2020-11,245687,119271,0.5679,0.87,4.61
M180,2020-11,1711201,639086,0.6062,0.96,2.51
M182,2020-11,2486154,1090890,0.6793,0.9,1.24
M183,2020-11,883313,487986,0.6341,1.19,1.03
M184,2020-11,673806,211778,0.5981,0.98,2.72
M185,2020-11,2286583,750631,0.665,1.37,2.51
M188,2020-11,87448,38046,0.5215,1.1,3.9
M190,2020-11,39054,19581,0.5151,1.09,4.26
M191,2020-11,9269540,3477347,0.6779,0.98,4.94
M193,2020-11,2217835,754964,0.6008,1.35,2.3
M196,2020-11,725850,273960,0.57,1.0,4.73
M197,2020-11,3272609,1028598,0.6729,1.06,1.78
M198,2020-11,655505,259290,0.6236,0.85,4.19
M200,2020-11,2291290,835539,0.6474,1.15,1.46
M201,2020-11,233288,109152,0.5406,0.71,2.74
M202,2020-11,192822,95252,0.5464,0.81,2.03
M204,2020-11,4259039,1393429,0.6162,1.32,1.36
M205,2020-11,164359,54410,0.5316,1.08,2.51
M206,2020-11,6239174,2204340,0.6491,1.5,4.23
M208,2020-11,521794,265954,0.5394,1.3,3.98
M211,2020-11,2719209,1174689,0.6927,0.83,1.25
M214,2020-11,840030,281326,0.604,1.26,4.19
M215,2020-11,2287684,865804,0.5961,1.07,1.58
M216,2020-11,164761,55435,0.525,0.73,3.66
M220,2020-11,5367130,1927742,0.6699,0.91,4.99
M221,2020-11,1500086,607421,0.6314,1.07,4.92
M222,2020-11,99104,33491,0.5505,1.16,1.21
M102,2020-12,455388,222072,0.6844,1.41,4.39
M104,2020-12,18459,7190,0.5869,1.28,2.56
M107,2020-12,2593004,1180647,0.7188,1.23,1.52
M108,2020-12,253959,97207,0.6223,1.12,1.65
M109,2020-12,441925,159290,0.6866,1.49,3.94
M110,2020-12,3887830,1380454,0.7728,1.08,4.8
M114,2020-12,674438,226448,0.7543,1.08,1.21
M115,2020-12,2361337,871298,0.7497,1.29,1.14
M117,2020-12,1240079,499211,0.7064,1.19,3.77
M120,2020-12,1761511,647156,0.7229,1.13,3.61
M123,2020-12,333130,169273,0.6041,1.13,1.09
M126,2020-12,333086,128027,0.5687,0.82,2.94
M129,2020-12,1675082,695886,0.6036,1.44,4.18
M130,2020-12,67954,23129,0.486,1.1,2.95
M132,2020-12,616458,235414,0.6707,1.46,4.86
M134,2020-12,221837,108058,0.525,1.18,1.49
M136,2020-12,421919,201998,0.5831,0.73,4.92
M138,2020-12,3696283,1600826,0.6322,0.76,2.2
M139,2020-12,311279,123170,0.5591,1.09,3.78
M140,2020-12,2225945,699888,0.6326,0.84,4.28
M141,2020-12,400665,194186,0.595,1.18,1.86
M142,2020-12,119276,60243,0.5461,0.93,4.61
M148,2020-12,498732,260223,0.5527,1.05,1.28
M149,2020-12,924134,289379,0.6148,1.26,4.28
M151,2020-12,42595,17840,0.3577,0.44,3.41
M153,2020-12,1955481,990382,0.4185,0.85,2.45
M155,2020-12,121684,148504,0.1849,0.45,2.51
M157,2020-12,156899,50679,0.3623,0.82,2.96
M158,2020-12,1133016,407466,0.4458,1.05,1.68
M159,2020-12,2560390,1091669,0.4583,0.87,3.38
M162,2020-12,1100009,369815,0.5431,0.74,2.52
M164,2020-12,131961,70416,0.3898,0.59,3.43
M166,2020-12,428342,208302,0.4343,0.68,2.71
M170,2020-12,509000,167768,0.4152,1.01,2.63
M171,2020-12,62159,32270,0.368,0.52,1.23
M173,2020-12,74717,29007,0.3886,0.68,3.03
M175,2020-12,1065453,431092,0.4353,0.92,2.62
M176,2020-12,1342980,436707,0.6223,1.35,1.98
M177,2020-12,142034,45360,0.5162,1.03,3.43
M178,2020-12,189462,69037,0.5241,0.68,4.36
M179,2020-12,220673,70424,0.5811,0.78,4.66
M180,2020-12,1556783,609363,0.6083,0.96,1.85
M182,2020-12,2399991,924360,0.6559,1.34,4.3
M183,2020-12,761698,311115,0.6309,1.26,2.31
M184,2020-12,607888,336367,0.5995,0.8,2.97
M185,2020-12,2054252,815164,0.6177,0.87,3.63
M188,2020-12,82148,34904,0.515,1.16,1.43
M190,2020-12,34592,11627,0.4881,0.81,4.48
M191,2020-12,8423516,4078406,0.642,1.52,1.64
M193,2020-12,1907157,771811,0.6283,1.2,4.2
M196,2020-12,687931,305090,0.5832,1.4,4.37
M197,2020-12,2873566,1470888,0.6304,1.17,4.07
M198,2020-12,611178,222276,0.6071,1.07,2.16
M200,2020-12,2154797,752042,0.6274,0.96,4.07
M201,2020-12,219603,68798,0.5374,1.14,4.24
M202,2020-12,177901,71067,0.5041,1.02,1.92
M204,2020-12,3805615,2052968,0.6545,1.31,1.36
M205,2020-12,142746,60224,0.4953,0.81,2.92
M206,2020-12,5652576,2092444,0.6402,1.06,2.67
M208,2020-12,486613,260697,0.532,0.79,2.89
M211,2020-12,2708987,1395617,0.6542,1.04,1.39
M214,2020-12,737636,286741,0.5931,0.99,4.12
M215,2020-12,2115365,911705,0.6125,1.44,1.52
M216,2020-12,149432,75911,0.5243,0.76,3.82
M220,2020-12,5015580,2633083,0.6623,1.65,1.81
M221,2020-12,1387737,745559,0.5946,1.39,4.41
M222,2020-12,96643,30533,0.5797,1.38,1.27
M102,2021-01,402790,129770,0.6792,1.43,1.52
M104,2021-01,15562,6002,0.6037,1.04,3.74
M107,2021-01,2469571,781471,0.6863,1.52,2.6
M108,2021-01,223777,108751,0.584,1.37,4.16
M109,2021-01,420412,150639,0.6923,1.47,3.21
M110,2021-01,3644157,1955169,0.7499,1.76,4.71
M114,2021-01,612752,210794,0.7341,1.39,1.01
M115,2021-01,2052563,775364,0.7325,1.4,3.89
M117,2021-01,1162553,437695,0.6822,1.55,1.88
M120,2021-01,1650385,806076,0.7266,1.61,4.12
M123,2021-01,299545,105322,0.6131,1.24,3.2
M126,2021-01,314324,149046,0.5634,1.23,1.62
M129,2021-01,1485161,527251,0.5884,0.84,1.74
M130,2021-01,66850,32382,0.5045,0.62,1.65
M132,2021-01,550176,233930,0.6604,1.0,4.64
M134,2021-01,205988,106161,0.5163,1.02,2.51
M136,2021-01,385023,130199,0.6082,0.93,1.33
M138,2021-01,3291474,1228923,0.6007,0.8,3.94
M139,2021-01,271180,97181,0.5251,0.93,1.65
M140,2021-01,2015955,999819,0.6128,0.83,4.3
M141,2021-01,364724,164628,0.6006,1.43,1.1
M142,2021-01,110742,55196,0.5428,0.92,4.54
M148,2021-01,478728,244576,0.5435,1.33,2.43
M149,2021-01,843128,428921,0.6212,1.23,1.71
M151,2021-01,39014,14781,0.3805,0.61,4.27
M153,2021-01,1852210,952052,0.4553,1.03,3.85
M155,2021-01,291527,161685,0.4107,0.66,2.56
M157,2021-01,153551,52952,0.3739,0.92,2.11
M158,2021-01,1001565,313706,0.4081,0.71,3.77
M159,2021-01,2246796,771855,0.4542,0.69,2.67
M162,2021-01,466261,183042,0.4046,0.79,2.69
M163,2021-01,3003270,1083861,0.4924,0.59,4.98
M164,2021-01,113577,43992,0.3979,0.66,4.4
M166,2021-01,401005,136090,0.3962,0.98,4.65
M170,2021-01,439499,148532,0.3738,0.79,2.51
M171,2021-01,55743,17691,0.3791,0.49,4.35
M173,2021-01,69734,37852,0.3788,0.73,4.25
M175,2021-01,929553,452250,0.4432,0.7,2.65
M176,2021-01,1206212,416803,0.6148,1.44,1.13
M177,2021-01,131160,52367,0.4705,1.1,3.22
M178,2021-01,172606,55917,0.5001,0.7,4.89
M179,2021-01,203699,64276,0.5613,0.83,1.73
M180,2021-01,1505493,582843,0.6071,0.98,3.57
M182,2021-01,2232140,1099168,0.6802,0.91,1.31
M183,2021-01,742338,248668,0.5964,0.77,3.39
M184,2021-01,582519,260895,0.5776,0.9,4.91
M185,2021-01,1985034,766648,0.6445,1.56,1.03
M188,2021-01,76740,34955,0.5149,1.1,4.9
M190,2021-01,32714,16894,0.4954,1.11,1.6
M191,2021-01,8065972,3454442,0.6643,0.93,2.85
M193,2021-01,1877517,972500,0.6259,1.28,4.08
M196,2021-01,601779,191093,0.5658,1.36,2.37
M197,2021-01,2751732,1209749,0.638,1.5,4.1
M198,2021-01,572072,273411,0.6155,1.24,2.99
M200,2021-01,2048006,1024171,0.6535,1.45,1.35
M201,2021-01,188203,84048,0.5667,0.95,1.36
M202,2021-01,156091,54184,0.5029,1.18,3.6
M204,2021-01,3513113,1780095,0.6284,1.08,4.43
M205,2021-01,143016,72209,0.4933,0.83,3.73
M206,2021-01,5211975,2404093,0.6638,1.35,3.96
M208,2021-01,445587,151060,0.5254,0.74,2.6
M211,2021-01,2307377,984580,0.6631,1.35,4.6
M214,2021-01,711050,370309,0.5816,1.28,1.8
M215,2021-01,1914117,852917,0.6248,1.14,2.11
M216,2021-01,128799,63823,0.5135,0.64,3.4
M220,2021-01,4395488,1412866,0.6481,0.82,4.47
M221,2021-01,1307730,474306,0.5935,0.77,2.62
M222,2021-01,84170,30091,0.5736,0.88,4.32
M102,2021-02,355789,116183,0.6651,1.1,2.68
M107,2021-02,2170202,785064,0.68,1.43,2.56
M108,2021-02,198864,68661,0.5999,1.2,2.29
M109,2021-02,402838,129340,0.6971,0.97,2.83
M110,2021-02,3315361,1101440,0.7377,1.38,1.01
M112,2021-02,17599987,5934883,0.7863,1.04,1.87
M114,2021-02,597316,250106,0.7233,1.2,4.81
M115,2021-02,1984641,761107,0.7087,1.68,3.01
M117,2021-02,1106916,398308,0.6924,1.15,3.17
M120,2021-02,1444301,503045,0.6777,0.97,3.38
M123,2021-02,284946,122074,0.6303,0.99,3.48
M126,2021-02,289499,96506,0.5948,1.22,3.47
M129,2021-02,1378074,552341,0.6026,1.07,3.32
M130,2021-02,56303,25524,0.496,0.84,1.78
M132,2021-02,516088,261414,0.6734,1.53,3.82
M134,2021-02,183914,101573,0.5037,1.18,2.06
M136,2021-02,379752,130355,0.5857,1.02,1.06
M138,2021-02,3004649,1292784,0.6358,1.04,4.84
M139,2021-02,262940,122951,0.5587,1.27,4.21
M140,2021-02,1882122,950365,0.6368,1.51,3.07
M141,2021-02,343604,177169,0.6101,1.35,4.37
M142,2021-02,102924,47554,0.5326,0.7,2.75
M148,2021-02,428727,162976,0.5314,0.69,2.53
M149,2021-02,778014,392387,0.5927,0.9,4.59
M151,2021-02,34787,13644,0.3553,0.78,3.64
M153,2021-02,1677033,539418,0.4374,0.58,2.84
M155,2021-02,279547,143364,0.3746,0.69,2.45
M157,2021-02,141549,60307,0.3711,0.91,1.31
M158,2021-02,967346,415999,0.4112,0.59,1.04
M159,2021-02,2002550,771930,0.4643,1.16,2.94
M162,2021-02,429915,167603,0.3824,0.55,1.12
M163,2021-02,2595009,1031221,0.4591,0.68,2.31
M164,2021-02,105664,37484,0.3935,0.96,2.39
M166,2021-02,355064,160513,0.4153,0.71,1.77
M170,2021-02,398055,144124,0.4119,0.81,4.07
M171,2021-02,52278,17954,0.4047,0.71,3.99
M173,2021-02,63271,23678,0.3874,0.65,3.53
M175,2021-02,840516,413202,0.4042,0.64,4.31
M176,2021-02,1132682,359444,0.5926,0.96,4.16
M178,2021-02,150541,79161,0.5028,0.68,2.27
M179,2021-02,176738,78188,0.5733,1.11,2.54
M180,2021-02,1354427,533624,0.5651,1.33,4.44
M182,2021-02,1894018,621044,0.6561,1.06,1.79
M183,2021-02,689671,276076,0.6395,0.91,2.31
M184,2021-02,512742,196680,0.5593,1.39,4.65
M185,2021-02,1762089,591642,0.6201,0.78,3.58
M188,2021-02,68038,35195,0.5301,1.16,2.6
M190,2021-02,29424,13144,0.5006,0.9,4.39
M191,2021-02,7619282,3867698,0.6487,0.82,1.04
M193,2021-02,1589399,705771,0.6194,0.9,4.61
M196,2021-02,559982,182759,0.5845,0.9,4.14
M197,2021-02,2352345,752508,0.6188,1.4,2.08
M198,2021-02,510756,256291,0.603,1.31,4.55
M200,2021-02,1895408,796854,0.6273,1.22,3.65
M201,2021-02,186621,82917,0.5515,0.87,1.33
M202,2021-02,147643,48855,0.518,0.67,4.89
M204,2021-02,3178250,1747847,0.6058,0.81,1.83
M205,2021-02,126513,49833,0.5129,0.92,1.62
M206,2021-02,4752113,1543006,0.6259,1.46,3.05
M208,2021-02,427555,207235,0.5339,1.24,3.59
M210,2021-02,7139506,2358861,0.6873,0.99,1.11
M211,2021-02,2227092,915106,0.6483,1.14,1.6
M214,2021-02,650714,259135,0.5427,1.11,3.93
M215,2021-02,1761331,796402,0.5901,1.09,2.73
M216,2021-02,124973,46202,0.5329,0.66,2.06
M220,2021-02,3886796,2002012,0.6363,1.09,1.41
M221,2021-02,1168695,385537,0.5884,0.97,2.15
M222,2021-02,78975,27931,0.5297,0.96,2.22
M102,2021-03,344433,161397,0.6578,1.56,1.57
M107,2021-03,1858208,754007,0.6827,0.89,3.72
M108,2021-03,193150,73396,0.6125,0.93,1.44
M109,2021-03,355367,136986,0.7035,1.0,1.59
M110,2021-03,2954255,1326894,0.7628,1.9,2.03
M112,2021-03,15820465,6848671,0.7747,1.83,4.1
M114,2021-03,529132,172747,0.7198,1.55,1.08
M115,2021-03,1778979,593235,0.735,1.12,3.96
M117,2021-03,1001216,434708,0.6912,1.4,4.86
M120,2021-03,1337341,486248,0.711,1.34,2.06
M123,2021-03,258558,84962,0.6016,0.96,1.16
M126,2021-03,249721,109498,0.5706,1.4,4.17
M129,2021-03,1219924,386387,0.5849,0.82,4.87
M130,2021-03,53409,19563,0.4852,0.59,1.16
M132,2021-03,454079,172633,0.6227,1.28,1.0
M134,2021-03,157241,68655,0.4942,1.09,1.62
M136,2021-03,316568,145285,0.6098,0.8,1.88
M138,2021-03,2776373,1208966,0.6306,1.55,1.39
M139,2021-03,219869,98913,0.5205,0.84,3.31
M140,2021-03,1702835,818942,0.6068,0.8,3.27
M141,2021-03,313434,122236,0.5838,0.81,2.77
M142,2021-03,89476,28781,0.5356,0.94,2.64
M148,2021-03,362334,140305,0.5729,1.15,2.21
M149,2021-03,664533,264008,0.5714,0.9,4.02
M151,2021-03,31452,13303,0.3398,0.61,1.22
M153,2021-03,1470098,496344,0.435,0.69,2.93
M155,2021-03,244168,129517,0.394,0.5,1.82
M157,2021-03,118680,41838,0.3678,0.85,2.2
M158,2021-03,836035,262506,0.3923,0.53,1.0
M159,2021-03,1868828,948909,0.4353,0.99,2.78
M162,2021-03,364863,185159,0.3912,0.9,3.19
M163,2021-03,2509866,911403,0.491,1.0,1.74
M164,2021-03,100201,36832,0.3515,0.64,2.16
M166,2021-03,321568,102321,0.3991,0.84,1.43
M170,2021-03,365132,152470,0.3654,0.44,2.21
M171,2021-03,48346,15848,0.3845,0.94,2.87
M173,2021-03,56192,25685,0.4026,0.75,2.4
M175,2021-03,800970,341292,0.4021,0.86,2.36
M176,2021-03,1021349,352022,0.5839,1.0,4.66
M179,2021-03,168354,72343,0.5686,1.37,4.1
M180,2021-03,1204570,608003,0.5712,1.14,2.62
M182,2021-03,1691647,565230,0.638,1.54,2.91
M183,2021-03,615366,193885,0.6254,1.48,1.7
M184,2021-03,481864,168593,0.561,0.76,4.39
M185,2021-03,1546038,538934,0.6253,1.01,3.79
M188,2021-03,62814,19725,0.5137,0.91,2.14
M191,2021-03,6348736,3132200,0.6657,1.3,3.52
M192,2021-03,1613101,773686,0.6905,1.19,3.19
M193,2021-03,1419127,689088,0.6165,1.14,4.33
M196,2021-03,511385,207607,0.5476,0.76,1.27
M197,2021-03,2173262,934107,0.6135,0.97,1.47
M198,2021-03,460250,174199,0.5915,1.42,2.01
M200,2021-03,1657272,874488,0.6436,1.25,4.41
M201,2021-03,166499,66597,0.53,0.71,2.88
M202,2021-03,136755,63070,0.4815,0.79,4.06
M204,2021-03,2869474,1118301,0.6267,1.47,1.94
M206,2021-03,4082086,1305349,0.6552,0.82,4.92
M208,2021-03,389044,147510,0.5456,1.33,2.08
M210,2021-03,6329119,3421441,0.6704,1.07,4.4
M211,2021-03,2052981,1121834,0.6328,1.2,4.44
M214,2021-03,592894,209274,0.5626,1.18,2.72
M215,2021-03,1578462,792051,0.5869,0.98,1.77
M216,2021-03,109388,58151,0.4916,1.07,4.55
M220,2021-03,8168466,2796232,0.9373,1.22,1.51
M221,2021-03,992960,533503,0.5875,0.93,3.42
M222,2021-03,69961,35489,0.5238,0.97,3.94
M102,2021-04,287209,93215,0.647,1.43,2.17
M107,2021-04,1736172,684183,0.6734,0.86,4.6
M109,2021-04,308783,115622,0.662,1.63,1.92
M110,2021-04,2760725,1317719,0.7386,1.83,3.79
M112,2021-04,14108732,5793502,0.7737,1.21,2.54
M114,2021-04,463366,241551,0.698,1.62,2.54
M115,2021-04,1429224,684486,0.7052,1.13,3.17
M117,2021-04,829072,451468,0.6784,1.61,4.24
M120,2021-04,1143446,399784,0.677,1.19,3.92
M123,2021-04,228242,121407,0.5815,1.21,4.43
M126,2021-04,227995,93100,0.5636,0.8,2.53
M129,2021-04,1118844,361555,0.5616,1.37,1.34
M132,2021-04,397452,155259,0.6319,1.06,3.64
M134,2021-04,145228,49492,0.5054,0.82,2.06
M136,2021-04,280541,114608,0.577,1.05,4.38
M138,2021-04,2378547,1263827,0.6319,1.02,1.26
M139,2021-04,191539,66683,0.5138,1.04,1.59
M140,2021-04,1486141,794977,0.6007,1.39,3.32
M141,2021-04,260048,92731,0.563,0.86,3.71
M142,2021-04,82716,36047,0.5309,0.69,2.78
M148,2021-04,333509,156446,0.5363,0.93,3.57
M149,2021-04,619614,309758,0.5763,1.0,3.61
M151,2021-04,27826,8797,0.3671,0.88,4.65
M153,2021-04,1287177,485241,0.4394,0.82,3.33
M155,2021-04,214673,102185,0.395,0.67,4.99
M157,2021-04,103540,54259,0.3863,0.75,3.19
M158,2021-04,741770,262456,0.4309,0.78,3.1
M159,2021-04,1615861,742291,0.4688,0.71,4.07
M162,2021-04,330152,135410,0.4049,0.87,4.52
M163,2021-04,2110316,920418,0.4698,0.93,2.8
M164,2021-04,84738,32628,0.3808,0.84,2.63
M166,2021-04,280184,140556,0.384,0.5,2.68
M170,2021-04,338061,129703,0.3921,0.92,1.06
M171,2021-04,40362,18610,0.3777,0.52,1.14
M173,2021-04,48001,17353,0.3995,0.96,4.62
M175,2021-04,680231,287837,0.4233,1.0,4.59
M176,2021-04,886511,332864,0.6147,1.02,2.8
M179,2021-04,144553,59495,0.5817,0.8,1.73
M180,2021-04,1081926,350946,0.5968,1.18,2.48
M182,2021-04,1574858,675578,0.6469,1.57,1.39
M183,2021-04,517134,227055,0.6082,1.4,2.71
M184,2021-04,401004,178540,0.5439,1.17,4.96
M185,2021-04,1376177,544634,0.6188,0.97,1.47
M188,2021-04,54607,22616,0.5243,1.3,4.01
M191,2021-04,5970239,2184494,0.6271,1.37,1.11
M192,2021-04,675281,460445,0.3024,0.37,1.81
M193,2021-04,1353783,520759,0.6116,0.97,1.44
M196,2021-04,454833,152493,0.5472,1.27,4.97
M197,2021-04,1964041,1000506,0.6227,1.34,2.31
M198,2021-04,415076,189831,0.6015,1.27,2.26
M199,2021-04,4906279,2038567,0.6966,1.6,3.64
M200,2021-04,2891035,1449374,0.8774,2.13,3.69
M201,2021-04,137291,68235,0.5457,0.8,4.5
M202,2021-04,232105,74974,0.7175,1.06,1.71
M204,2021-04,2589041,1194040,0.604,1.11,3.63
M206,2021-04,3622687,1631737,0.6166,1.38,2.57
M208,2021-04,323133,130646,0.5148,1.12,2.15
M210,2021-04,6071120,2691629,0.6731,1.09,1.45
M211,2021-04,1757657,630720,0.6637,1.22,2.65
M214,2021-04,498840,225995,0.5554,0.71,4.09
M215,2021-04,1364112,607712,0.5796,1.38,2.07
M216,2021-04,98740,43387,0.5159,1.0,1.67
M220,2021-04,3100094,1158739,0.6624,1.32,1.08
M221,2021-04,918326,314131,0.5695,1.25,3.21
M222,2021-04,62467,24728,0.5331,1.01,4.44
M102,2021-05,244702,83750,0.6755,1.45,4.76
M107,2021-05,1410861,771789,0.701,1.28,1.63
M109,2021-05,256313,120787,0.6806,0.93,4.14
M110,2021-05,2362284,1190865,0.751,0.97,3.89
M112,2021-05,12299188,5164401,0.7627,1.07,3.94
M114,2021-05,398439,192297,0.7083,1.32,1.09
M115,2021-05,1261081,605202,0.7032,1.11,1.37
M116,2021-05,15089558,5836461,0.8042,1.22,1.07
M117,2021-05,725498,308577,0.6606,0.99,4.9
M120,2021-05,968342,455698,0.6725,1.1,4.24
M123,2021-05,201298,104108,0.5785,0.88,1.57
M126,2021-05,190896,77507,0.5662,1.24,2.01
M129,2021-05,926154,407456,0.5575,0.96,1.02
M132,2021-05,357588,125159,0.6497,1.33,2.29
M134,2021-05,124423,49370,0.5129,0.69,3.8
M136,2021-05,246685,86264,0.5581,0.99,4.89
M138,2021-05,2015911,842119,0.5885,1.28,3.19
M139,2021-05,168792,76188,0.5168,1.07,3.09
M140,2021-05,1281650,552367,0.6225,0.91,3.46
M141,2021-05,239349,94711,0.5676,1.37,3.88
M142,2021-05,27334,35848,0.2323,0.32,1.27
M148,2021-05,300449,134334,0.5244,0.85,1.24
M149,2021-05,514489,254819,0.5725,1.16,4.71
M151,2021-05,23554,7986,0.3759,0.76,2.61
M153,2021-05,1135746,444097,0.4285,0.92,2.12
M155,2021-05,183732,94548,0.3898,0.64,4.09
M157,2021-05,93870,42899,0.3764,0.68,1.67
M158,2021-05,662310,207964,0.3896,0.55,4.5
M159,2021-05,1378184,451222,0.4261,0.88,2.31
M162,2021-05,288604,146930,0.392,0.71,2.25
M163,2021-05,1848554,726930,0.4852,1.18,4.33
M164,2021-05,75149,25253,0.364,0.76,3.23
M166,2021-05,238285,104170,0.3688,0.76,3.91
M170,2021-05,271192,104962,0.4069,0.58,3.99
M171,2021-05,69709,24604,0.5219,0.88,2.02
M173,2021-05,43353,16362,0.3482,0.44,3.78
M175,2021-05,581047,217183,0.4406,1.06,4.99
M176,2021-05,767676,308747,0.5837,1.31,1.15
M179,2021-05,120144,39366,0.5427,0.74,2.68
M180,2021-05,940226,500528,0.5769,1.1,4.93
M182,2021-05,1300451,488963,0.6208,1.0,3.84
M183,2021-05,472452,180216,0.6222,1.07,4.35
M184,2021-05,357541,189081,0.5713,0.75,2.77
M185,2021-05,1194674,574871,0.6103,1.4,1.01
M186,2021-05,1645445,718234,0.6671,1.29,2.85
M188,2021-05,46383,24072,0.5115,1.26,4.07
M191,2021-05,5086111,2416737,0.6337,0.96,4.35
M192,2021-05,1218896,398062,0.6496,0.82,3.82
M193,2021-05,1086297,544074,0.5858,1.38,1.71
M196,2021-05,377277,135878,0.5332,0.88,3.57
M197,2021-05,1649731,614782,0.6416,1.09,3.15
M198,2021-05,347958,125027,0.5823,0.86,3.8
M199,2021-05,4069230,1373904,0.6847,1.05,2.87
M200,2021-05,1176575,599859,0.6229,1.22,2.49
M201,2021-05,119731,45633,0.5017,1.17,1.03
M202,2021-05,98885,43588,0.5024,0.8,2.87
M204,2021-05,2183656,1192961,0.6205,1.1,2.6
M206,2021-05,3325819,1544303,0.6187,0.98,4.88
M208,2021-05,292748,102058,0.55,1.21,4.82
M210,2021-05,4965670,2698767,0.6606,1.62,4.77
M211,2021-05,1445553,457251,0.6576,1.61,4.88
M214,2021-05,433444,150912,0.5651,0.68,1.59
M215,2021-05,1247979,561698,0.559,0.74,1.98
M216,2021-05,84831,28429,0.4887,0.89,3.75
M220,2021-05,2803307,910765,0.6434,1.41,1.38
M221,2021-05,748312,260893,0.5667,1.28,3.92
M222,2021-05,52721,22421,0.5136,1.01,1.89
M102,2021-06,216420,75277,0.6425,1.28,4.01
M107,2021-06,1308516,483952,0.6549,1.16,2.36
M109,2021-06,226067,94351,0.6502,0.81,4.83
M110,2021-06,1970420,971147,0.7421,0.97,3.74
M112,2021-06,19961146,6129170,0.95,1.61,2.82
M114,2021-06,330143,105011,0.6921,1.06,3.54
M115,2021-06,1109960,379683,0.7065,1.16,3.14
M116,2021-06,12162084,4194266,0.823,1.71,1.6
M117,2021-06,609285,196047,0.6655,1.43,2.82
M120,2021-06,798106,363701,0.6541,1.54,3.75
M123,2021-06,160353,70564,0.5788,0.83,2.43
M126,2021-06,153612,68136,0.5568,0.69,3.95
M129,2021-06,785019,409361,0.5497,0.97,2.1
M132,2021-06,312983,113211,0.6172,1.33,3.09
M136,2021-06,212053,111188,0.5636,1.14,4.53
M138,2021-06,1777898,560431,0.5789,1.01,1.09
M139,2021-06,151573,70185,0.5226,0.92,1.47
M140,2021-06,1049399,484628,0.6002,0.91,4.2
M141,2021-06,197637,80272,0.588,1.3,2.11
M142,2021-06,59808,22599,0.5305,0.92,1.07
M148,2021-06,243092,122670,0.5234,0.84,1.89
M149,2021-06,419874,186242,0.5532,1.26,3.35
M151,2021-06,20791,9198,0.3485,0.57,2.39
M153,2021-06,986485,403185,0.4291,0.89,2.02
M155,2021-06,153166,51171,0.3949,0.65,1.83
M157,2021-06,83021,35833,0.3471,0.43,3.5
M158,2021-06,532525,232312,0.4031,0.99,3.23
M159,2021-06,1194387,561112,0.4661,1.07,1.39
M162,2021-06,239512,75106,0.389,0.86,3.94
M163,2021-06,1558353,656999,0.4751,0.77,2.45
M164,2021-06,60464,19898,0.3805,0.72,2.57
M166,2021-06,211461,84829,0.3872,0.93,1.71
M170,2021-06,232965,91511,0.3702,0.88,2.53
M171,2021-06,31254,9878,0.3635,0.5,3.48
M173,2021-06,37233,14106,0.3796,0.58,3.28
M175,2021-06,506100,262588,0.407,0.83,3.21
M176,2021-06,668917,223685,0.5631,0.8,4.75
M179,2021-06,111578,49550,0.5446,0.98,1.98
M180,2021-06,783901,246076,0.5798,0.78,3.42
M182,2021-06,1123948,363947,0.623,0.75,1.13
M183,2021-06,394456,130879,0.6198,1.08,2.04
M184,2021-06,306238,155500,0.5638,0.69,2.92
M185,2021-06,1063496,481187,0.5999,1.0,3.87
M186,2021-06,1435729,529890,0.6664,1.03,4.3
M188,2021-06,42048,21491,0.4784,1.14,4.18
M191,2021-06,4104837,2120293,0.6421,1.18,1.98
M192,2021-06,1002142,452759,0.6572,1.27,3.38
M193,2021-06,979496,487983,0.5794,0.97,2.16
M196,2021-06,342055,169198,0.5467,0.87,3.97
M197,2021-06,1439945,718128,0.6096,0.75,1.85
M198,2021-06,299423,114374,0.573,1.43,2.62
M199,2021-06,3508166,1720892,0.6572,1.06,2.5
M200,2021-06,1086810,438345,0.5935,1.4,1.06
M201,2021-06,107706,47253,0.5105,1.13,4.16
M204,2021-06,1947038,846868,0.598,1.37,4.38
M206,2021-06,2822932,1114125,0.6064,1.04,1.4
M208,2021-06,237082,125170,0.5277,1.23,4.88
M210,2021-06,4094385,1578781,0.6424,1.35,3.6
M211,2021-06,1238415,447809,0.6378,1.22,1.37
M214,2021-06,365369,123311,0.5232,0.67,1.91
M215,2021-06,1035215,396060,0.5732,0.93,3.54
M220,2021-06,2278430,1160706,0.6092,0.9,2.95
M221,2021-06,665942,254720,0.5981,1.32,1.78
M222,2021-06,102616,32942,0.7389,1.36,1.71
M102,2021-07,182511,72428,0.6656,1.01,2.1
M107,2021-07,1078061,482931,0.664,1.22,2.28
M109,2021-07,198270,80639,0.6382,1.02,4.7
M110,2021-07,1681156,624260,0.7289,1.6,1.85
M112,2021-07,8714410,3876478,0.7765,1.55,3.28
M114,2021-07,272210,134827,0.7043,1.4,1.63
M115,2021-07,976537,307704,0.7107,1.1,4.73
M116,2021-07,10462350,3488924,0.7832,1.3,3.98
M117,2021-07,524422,218927,0.6497,1.12,4.87
M120,2021-07,700173,239169,0.6907,1.46,1.83
M126,2021-07,139921,63234,0.5387,0.87,3.24
M129,2021-07,665192,316611,0.5651,0.86,2.3
M131,2021-07,9014203,3208164,0.6735,1.39,3.75
M132,2021-07,264958,106757,0.614,0.82,3.56
M136,2021-07,177402,76557,0.5862,1.27,2.3
M138,2021-07,1571131,660336,0.5776,0.84,1.35
M139,2021-07,120745,46407,0.5231,0.83,1.09
M140,2021-07,944393,498306,0.6193,1.43,4.62
M141,2021-07,169438,55765,0.5542,0.9,3.71
M142,2021-07,51079,23675,0.5174,0.9,2.59
M148,2021-07,208410,111613,0.5314,0.65,2.75
M149,2021-07,357999,142862,0.5849,1.14,3.54
M153,2021-07,863262,333121,0.4372,0.98,4.39
M154,2021-07,2948845,953857,0.4855,1.07,2.72
M155,2021-07,133592,54935,0.387,0.5,3.59
M157,2021-07,66536,26207,0.3636,0.45,3.3
M158,2021-07,446262,150789,0.3789,0.58,1.89
M159,2021-07,1034769,458416,0.4394,0.86,2.42
M162,2021-07,217143,72041,0.3646,0.52,1.1
M163,2021-07,1352466,453455,0.473,0.77,2.26
M164,2021-07,52116,24908,0.3441,0.83,1.87
M166,2021-07,171696,86182,0.4054,0.68,2.78
M170,2021-07,207139,73042,0.369,0.54,2.52
M171,2021-07,27014,13996,0.3483,0.47,4.03
M173,2021-07,29170,11739,0.3697,0.54,4.94
M175,2021-07,444407,192901,0.3978,0.48,4.21
M176,2021-07,545264,181724,0.5677,1.0,4.39
M179,2021-07,89603,28004,0.5292,0.96,4.81
M180,2021-07,646767,238985,0.5512,1.07,1.51
M182,2021-07,940722,339231,0.6481,1.51,3.64
M183,2021-07,326257,137035,0.5729,1.41,3.97
M184,2021-07,263040,128046,0.564,1.04,2.22
M185,2021-07,897004,291939,0.5883,0.96,4.56
M186,2021-07,1166930,386293,0.6857,1.36,3.1
M191,2021-07,3477267,1909627,0.6499,0.87,2.9
M192,2021-07,913426,304617,0.6568,1.33,2.25
M193,2021-07,811369,264803,0.5664,1.13,3.87
M196,2021-07,278813,97890,0.5526,0.76,4.77
M197,2021-07,1172207,612097,0.5947,0.79,1.9
M198,2021-07,252014,92546,0.5714,1.07,3.31
M199,2021-07,3061585,1069044,0.6416,1.25,4.74
M200,2021-07,854569,278504,0.5993,0.86,1.57
M201,2021-07,84059,28859,0.4981,0.91,2.38
M204,2021-07,1654480,562024,0.5989,1.2,3.18
M206,2021-07,2255278,1029324,0.6284,1.48,2.02
M208,2021-07,211193,85079,0.5224,0.86,3.08
M210,2021-07,3488614,1509182,0.6571,0.98,2.83
M211,2021-07,1040654,404821,0.6248,1.1,4.94
M214,2021-07,307823,102139,0.5402,1.35,1.78
M215,2021-07,902604,427652,0.5458,1.08,1.61
M220,2021-07,2066191,815045,0.64,1.56,3.12
M221,2021-07,556558,286856,0.5583,1.28,4.0
M222,2021-07,37281,11952,0.5305,1.3,4.8
M225,2021-07,4981856,1627345,0.6986,0.96,4.75
M102,2021-08,149364,69411,0.6398,1.28,4.84
M107,2021-08,882924,371831,0.6432,1.45,4.8
M109,2021-08,159116,54851,0.6563,1.5,1.28
M110,2021-08,1517573,693999,0.7406,1.8,1.61
M112,2021-08,14507584,4875084,0.95,1.27,3.51
M114,2021-08,241360,88585,0.6749,1.21,1.28
M115,2021-08,841400,273651,0.6891,1.17,4.56
M116,2021-08,8687702,3541467,0.7912,1.77,4.03
M117,2021-08,441221,226933,0.6739,1.13,4.48
M120,2021-08,620158,208709,0.6842,1.59,2.12
M126,2021-08,120396,55070,0.5276,1.21,4.93
M129,2021-08,565452,291232,0.5753,1.13,3.66
M131,2021-08,7473131,2582917,0.6804,1.15,3.08
M132,2021-08,228170,97691,0.6251,1.53,3.3
M136,2021-08,150188,52336,0.553,0.97,2.57
M138,2021-08,1347086,589218,0.6044,1.14,4.76
M139,2021-08,109580,40897,0.5189,1.01,1.1
M140,2021-08,825158,425706,0.621,1.43,2.01
M141,2021-08,150890,66131,0.5887,0.74,2.83
M142,2021-08,45098,20797,0.5147,0.98,2.29
M148,2021-08,177752,77690,0.5408,0.88,3.47
M149,2021-08,329549,110931,0.5514,1.18,3.56
M153,2021-08,713143,285706,0.3943,0.84,2.4
M154,2021-08,2716132,889341,0.4892,0.66,3.33
M155,2021-08,121935,43856,0.3675,0.63,3.78
M158,2021-08,391099,202982,0.4044,0.62,3.86
M159,2021-08,877952,372730,0.4591,1.04,4.55
M162,2021-08,176651,67991,0.3576,0.45,3.19
M163,2021-08,1170137,535947,0.4552,0.69,1.9
M166,2021-08,151806,72207,0.3576,0.71,4.35
M170,2021-08,172651,67134,0.3749,0.73,3.51
M171,2021-08,23388,7376,0.3733,0.84,2.05
M173,2021-08,25701,8398,0.3828,0.94,1.54
M175,2021-08,384260,120807,0.3938,0.97,4.14
M176,2021-08,473685,192083,0.5607,1.2,3.87
M179,2021-08,79622,30912,0.5693,0.72,3.48
M180,2021-08,568172,235691,0.5777,1.11,1.23
M182,2021-08,824176,273394,0.6124,1.31,3.28
M183,2021-08,296108,105045,0.5957,1.44,4.94
M184,2021-08,213728,87847,0.5419,1.05,4.5
M185,2021-08,794603,396919,0.597,0.72,3.44
M186,2021-08,1071193,465394,0.641,1.21,3.92
M191,2021-08,3159055,1470477,0.6301,0.9,3.6
M192,2021-08,750500,381487,0.6295,1.53,2.55
M193,2021-08,693544,249927,0.5619,0.93,3.83
M196,2021-08,248924,99587,0.5142,1.28,3.53
M197,2021-08,1019196,357294,0.6112,1.51,1.24
M198,2021-08,83196,108408,0.2692,0.33,4.62
M199,2021-08,2555102,850820,0.6778,0.97,1.87
M200,2021-08,757592,250780,0.6206,1.46,3.83
M201,2021-08,78370,38257,0.4924,0.62,3.15
M204,2021-08,1466712,470554,0.6054,1.0,1.72
M206,2021-08,2016035,658765,0.6099,1.46,4.75
M208,2021-08,183641,71534,0.5094,0.98,2.35
M210,2021-08,3089942,1447122,0.6609,1.1,4.67
M211,2021-08,966507,329273,0.6505,0.86,3.08
M214,2021-08,279927,124479,0.5364,0.92,3.19
M215,2021-08,730363,324830,0.5624,0.99,2.74
M218,2021-08,4203969,2293030,0.6552,1.05,4.97
M220,2021-08,1762060,612000,0.6299,1.53,2.23
M221,2021-08,488392,159585,0.5721,1.08,1.19
M222,2021-08,32533,15765,0.5432,1.27,3.95
M225,2021-08,4378380,2136205,0.6635,0.88,4.8
M102,2021-09,142628,50986,0.6096,1.24,1.06
M107,2021-09,292546,402435,0.299,0.68,4.33
M109,2021-09,149603,47016,0.6593,0.83,1.57
M110,2021-09,1243432,454479,0.7341,1.71,3.5
M112,2021-09,6383645,2106706,0.7748,1.35,2.65
M114,2021-09,207701,67842,0.6948,1.4,2.58
M115,2021-09,718647,295888,0.6991,0.94,4.61
M116,2021-09,7899529,3840871,0.7724,1.61,4.72
M117,2021-09,393388,154223,0.6322,0.86,4.29
M120,2021-09,554867,177257,0.6577,1.64,2.88
M126,2021-09,99502,46932,0.5517,1.24,1.97
M129,2021-09,521902,216256,0.5371,1.3,4.07
M131,2021-09,6606864,3154230,0.6559,1.08,4.8
M132,2021-09,199976,87319,0.6,0.84,2.17
M136,2021-09,130971,63653,0.5397,1.26,1.28
M138,2021-09,1126202,443390,0.5878,0.75,3.74
M139,2021-09,92487,36298,0.5059,0.85,1.57
M140,2021-09,667763,313927,0.5891,1.3,1.48
M141,2021-09,125025,46658,0.5632,1.34,4.75
M142,2021-09,38293,17441,0.5008,1.05,3.45
M148,2021-09,154995,48692,0.5177,0.98,2.44
M149,2021-09,272900,101377,0.5437,1.28,2.47
M153,2021-09,607516,207511,0.3887,0.74,1.91
M154,2021-09,2292297,770212,0.4656,0.81,3.93
M155,2021-09,102345,43665,0.3542,0.76,1.82
M158,2021-09,343496,166152,0.3807,0.76,4.6
M159,2021-09,770830,268622,0.4299,0.59,1.43
M160,2021-09,1749310,787818,0.4966,0.63,1.87
M162,2021-09,158750,78612,0.3692,0.66,3.78
M163,2021-09,998791,365350,0.4407,0.62,2.61
M166,2021-09,134764,64886,0.3741,0.51,4.73
M170,2021-09,149935,48269,0.3736,0.78,4.15
M171,2021-09,18992,10480,0.3756,0.6,4.61
M173,2021-09,22169,11024,0.3432,0.82,3.33
M175,2021-09,335900,136260,0.4132,0.8,4.6
M176,2021-09,401235,168496,0.5666,1.09,2.88
M179,2021-09,72024,26039,0.5602,0.78,2.78
M180,2021-09,510389,256497,0.544,0.67,3.75
M182,2021-09,755405,243418,0.6292,1.55,4.79
M183,2021-09,250576,82430,0.6044,0.83,2.2
M184,2021-09,190650,94884,0.5596,1.37,2.28
M185,2021-09,681687,217912,0.5692,0.69,4.56
M186,2021-09,913315,448432,0.6726,1.26,4.66
M189,2021-09,7971263,2598073,0.6526,1.16,2.73
M191,2021-09,2590966,909111,0.633,1.21,1.52
M192,2021-09,688266,257407,0.6567,1.56,2.52
M193,2021-09,586325,213935,0.5848,1.35,4.14
M196,2021-09,208768,91605,0.5471,1.0,2.07
M197,2021-09,943109,305580,0.5842,1.09,1.45
M198,2021-09,201661,68856,0.5504,0.77,4.21
M199,2021-09,5080812,1489619,0.8757,1.75,1.62
M200,2021-09,682219,225908,0.593,0.79,1.49
M201,2021-09,67599,32509,0.5173,1.26,1.02
M204,2021-09,1266346,595561,0.5625,1.06,2.9
M206,2021-09,1713500,538311,0.6103,1.27,4.46
M208,2021-09,148222,71990,0.4853,0.67,3.17
M210,2021-09,2867614,1031532,0.6501,1.05,4.97
M211,2021-09,788478,293178,0.6296,0.99,2.71
M214,2021-09,249118,88039,0.5315,0.81,4.02
M215,2021-09,631760,334637,0.5522,1.25,1.32
M218,2021-09,3934972,1404066,0.6456,1.27,4.67
M220,2021-09,1486111,539714,0.6239,1.43,2.8
M221,2021-09,434434,175697,0.565,1.41,1.76
M222,2021-09,29309,15759,0.5076,1.22,4.39
M225,2021-09,4002067,1634114,0.685,1.49,2.68
M102,2021-10,117777,59030,0.6158,1.06,1.06
M107,2021-10,745084,273276,0.6326,0.84,2.57
M109,2021-10,124034,54586,0.6131,1.5,3.2
M110,2021-10,1113666,448850,0.7202,1.01,4.88
M112,2021-10,5646295,1794744,0.7353,1.16,1.94
M114,2021-10,401450,118547,0.9363,1.89,3.74
M115,2021-10,628712,319048,0.6665,1.5,4.46
M116,2021-10,7007480,2218537,0.7532,1.11,2.3
M117,2021-10,347375,115001,0.6276,1.4,3.22
M120,2021-10,483822,213750,0.6337,1.28,4.88
M126,2021-10,90334,34347,0.5169,0.94,1.08
M129,2021-10,463675,239772,0.5625,1.03,3.41
M131,2021-10,6336424,2016953,0.6483,1.44,2.1
M132,2021-10,166635,55788,0.588,0.96,4.3
M136,2021-10,122405,61063,0.5386,1.07,3.15
M138,2021-10,1067529,394770,0.6029,1.3,3.94
M139,2021-10,81271,27847,0.4841,1.1,1.04
M140,2021-10,608474,303981,0.5663,0.74,2.86
M141,2021-10,119697,59649,0.5613,1.23,1.43
M148,2021-10,138107,63168,0.5253,0.72,4.82
M149,2021-10,244365,81054,0.5576,1.19,3.2
M153,2021-10,578165,213750,0.3978,0.5,2.13
M154,2021-10,2089076,804746,0.4887,0.67,1.26
M155,2021-10,88523,43993,0.3586,0.78,4.89
M158,2021-10,311859,131160,0.405,0.76,3.57
M159,2021-10,681649,337955,0.4471,0.6,4.65
M160,2021-10,1511890,708154,0.4837,1.11,1.9
M162,2021-10,135563,64351,0.3581,0.66,2.29
M163,2021-10,928094,338922,0.4245,0.88,3.79
M166,2021-10,118317,63742,0.3795,0.46,3.81
M170,2021-10,137990,59597,0.3844,0.73,4.66
M171,2021-10,18154,8274,0.3568,0.52,3.43
M173,2021-10,20148,8923,0.342,0.42,3.41
M175,2021-10,296465,117807,0.3948,0.89,3.97
M176,2021-10,385620,185376,0.5635,1.17,4.55
M179,2021-10,63650,27610,0.5127,1.2,2.01
M180,2021-10,447535,200341,0.5308,0.98,3.88
M182,2021-10,671650,275149,0.6145,1.12,3.39
M183,2021-10,229686,84016,0.5969,0.72,1.12
M184,2021-10,343717,174780,0.7262,1.78,1.39
M185,2021-10,592039,218942,0.6085,0.95,3.61
M186,2021-10,810014,438084,0.631,1.52,4.93
M189,2021-10,7441993,3780626,0.6768,1.59,4.73
M191,2021-10,2355807,1203402,0.6262,1.32,2.09
M192,2021-10,563790,217803,0.6182,1.06,2.51
M193,2021-10,526144,218727,0.5683,1.34,3.63
M196,2021-10,197257,65167,0.5305,0.82,3.68
M197,2021-10,850071,411996,0.6095,0.77,3.25
M198,2021-10,181715,70363,0.5751,1.25,2.15
M199,2021-10,1919545,829458,0.661,1.57,3.9
M200,2021-10,607206,269989,0.597,1.01,4.93
M201,2021-10,61011,30403,0.5086,0.88,4.85
M204,2021-10,1061988,492920,0.5619,1.0,3.16
M206,2021-10,1610271,528713,0.5922,0.82,2.37
M207,2021-10,4017793,1413366,0.6926,1.54,4.3
M208,2021-10,137422,46539,0.524,0.98,3.3
M210,2021-10,2404611,935417,0.6571,1.46,2.96
M211,2021-10,718816,241939,0.6137,1.39,1.88
M214,2021-10,213747,90143,0.5376,0.96,4.34
M215,2021-10,613628,297348,0.53,0.71,1.58
M218,2021-10,3303619,1055417,0.6521,1.24,1.39
M220,2021-10,1391716,759294,0.5866,1.3,1.29
M221,2021-10,372062,118815,0.5561,1.17,2.2
M222,2021-10,25802,12334,0.5064,1.01,1.17
M225,2021-10,3433470,1861842,0.651,1.51,2.54
M102,2021-11,113275,58473,0.6284,1.55,2.96
M107,2021-11,633361,341592,0.6424,1.22,1.33
M109,2021-11,119890,42789,0.6521,0.99,4.94
M110,2021-11,999544,447475,0.7169,1.24,1.04
M112,2021-11,5200605,1729037,0.765,1.42,2.85
M114,2021-11,177438,75716,0.6882,1.35,3.79
M115,2021-11,578586,188884,0.6687,1.09,1.44
M116,2021-11,2857346,2112097,0.3393,0.76,4.62
M117,2021-11,334526,179715,0.6151,1.41,1.91
M120,2021-11,437065,157155,0.6636,1.44,4.79
M126,2021-11,85337,35360,0.5183,0.98,3.78
M129,2021-11,429180,220221,0.5437,0.95,1.26
M131,2021-11,5462390,1746217,0.6479,1.54,4.5
M132,2021-11,152110,75049,0.6085,1.52,2.49
M136,2021-11,109634,57898,0.5595,1.08,1.93
M138,2021-11,1761500,892462,0.8191,1.1,3.66
M140,2021-11,574256,316848,0.604,1.4,4.2
M141,2021-11,102264,41492,0.5489,1.11,3.17
M146,2021-11,7550608,3766720,0.6563,0.85,3.05
M148,2021-11,135122,52117,0.4974,0.83,1.9
M149,2021-11,226611,120311,0.5466,0.68,3.69
M153,2021-11,543943,231752,0.4048,0.55,3.46
M154,2021-11,1951809,641147,0.4733,0.94,2.15
M155,2021-11,86656,36019,0.3305,0.78,1.58
M158,2021-11,293665,126725,0.3837,0.92,2.21
M159,2021-11,631945,279878,0.4179,0.71,4.48
M160,2021-11,1440766,519503,0.4942,0.96,2.88
M162,2021-11,124617,50136,0.3601,0.55,2.07
M163,2021-11,810781,367780,0.4457,1.06,3.26
M166,2021-11,106172,47634,0.3878,0.6,2.7
M170,2021-11,127162,44220,0.3805,0.6,3.75
M175,2021-11,263831,103063,0.3871,0.55,3.9
M176,2021-11,352837,130969,0.5403,0.78,3.59
M179,2021-11,56501,26354,0.5292,1.0,1.59
M180,2021-11,413112,191828,0.5633,0.68,1.76
M182,2021-11,626717,202236,0.6127,0.96,3.27
M183,2021-11,198525,106084,0.5664,1.03,2.55
M184,2021-11,152363,74195,0.5181,1.19,2.11
M185,2021-11,551038,253259,0.5942,0.87,4.57
M186,2021-11,760385,419222,0.6369,1.12,1.92
M189,2021-11,6623325,2548546,0.6533,0.91,3.21
M191,2021-11,2185257,1036737,0.6253,1.25,4.82
M192,2021-11,519300,183068,0.6589,0.87,4.38
M193,2021-11,490144,200606,0.5483,0.73,1.96
M196,2021-11,169737,64996,0.52,0.69,1.33
M197,2021-11,759878,314059,0.607,1.03,3.17
M198,2021-11,157275,51828,0.5596,0.91,3.0
M199,2021-11,1847818,621427,0.6453,1.28,3.8
M200,2021-11,546892,188369,0.5704,0.87,2.16
M201,2021-11,53034,20083,0.4935,0.75,3.79
M204,2021-11,1006767,344766,0.5694,1.05,3.9
M206,2021-11,1504680,781552,0.5827,1.45,2.91
M207,2021-11,3515123,1173622,0.6773,1.56,4.92
M208,2021-11,125332,43745,0.4795,1.01,1.2
M210,2021-11,2162158,696388,0.6277,0.98,4.66
M211,2021-11,651451,291315,0.616,0.78,3.62
M214,2021-11,203724,64975,0.5421,1.31,4.58
M215,2021-11,527408,179952,0.5348,0.71,4.27
M218,2021-11,3054195,1547374,0.6581,0.92,4.73
M220,2021-11,1206206,665586,0.6228,0.76,3.02
M221,2021-11,333845,167851,0.5324,1.24,4.34
M222,2021-11,24027,10966,0.4923,0.75,3.56
M225,2021-11,6711093,3297591,0.9085,1.89,2.58
M102,2021-12,104677,44252,0.6143,1.02,3.42
M107,2021-12,625472,219534,0.6496,1.2,3.0
M109,2021-12,111596,53404,0.63,1.25,2.65
M110,2021-12,954892,411046,0.6877,1.21,3.55
M112,2021-12,4813623,1598532,0.7595,1.21,1.98
M114,2021-12,153498,72476,0.658,1.19,4.53
M115,2021-12,533125,223802,0.6506,1.56,2.18
M116,2021-12,5741869,2342544,0.7573,1.5,2.42
M117,2021-12,301604,122208,0.6467,1.07,1.77
M120,2021-12,422247,207765,0.6616,1.03,1.1
M126,2021-12,76272,30152,0.4962,0.89,3.49
M129,2021-12,383463,204919,0.5408,0.99,4.05
M131,2021-12,4935131,1707048,0.6614,1.63,4.73
M132,2021-12,144098,52882,0.597,0.83,4.66
M136,2021-12,99612,42615,0.5347,1.3,1.78
M138,2021-12,881015,369456,0.5863,0.9,4.66
M140,2021-12,501221,264815,0.5979,0.77,2.87
M141,2021-12,101828,32903,0.5447,1.29,3.47
M146,2021-12,7089195,2370309,0.6928,1.63,4.26
M148,2021-12,117374,42979,0.5063,1.0,3.73
M149,2021-12,220452,76291,0.5323,0.83,4.76
M153,2021-12,473562,149772,0.4206,0.94,2.03
M154,2021-12,1808844,701913,0.4797,0.87,1.61
M156,2021-12,1166387,455781,0.4731,0.77,1.32
M158,2021-12,259098,104743,0.4069,0.96,2.74
M159,2021-12,599342,297342,0.4227,0.57,1.94
M160,2021-12,1354831,544413,0.4924,1.13,2.15
M162,2021-12,121058,59609,0.3475,0.45,1.33
M163,2021-12,787344,434543,0.4435,1.09,4.23
M166,2021-12,100928,31653,0.3431,0.85,2.47
M170,2021-12,117774,39822,0.3504,0.83,2.32
M175,2021-12,236159,90274,0.4169,0.6,1.68
M176,2021-12,311433,97601,0.5304,1.0,4.33
M179,2021-12,51143,27046,0.5303,1.12,1.38
M180,2021-12,381682,138058,0.5116,1.08,4.24
M182,2021-12,548540,218330,0.5997,1.35,1.94
M183,2021-12,197536,88459,0.5563,0.78,1.32
M184,2021-12,147277,74957,0.5004,0.65,4.08
M185,2021-12,515810,197554,0.5859,1.19,4.77
M186,2021-12,701541,267484,0.6619,0.82,1.63
M189,2021-12,5873157,3103422,0.6366,0.92,2.99
M191,2021-12,2085756,885113,0.6155,1.0,4.87
M192,2021-12,495513,221141,0.6508,0.79,4.13
M193,2021-12,485321,203734,0.5593,1.31,1.96
M196,2021-12,161310,51374,0.5304,1.17,3.53
M197,2021-12,1469292,468079,0.8172,1.51,1.84
M198,2021-12,146163,53694,0.5668,1.34,4.97
M199,2021-12,1706643,642291,0.6317,1.13,3.88
M200,2021-12,513510,201036,0.5928,1.03,3.51
M204,2021-12,960347,389699,0.5889,1.17,1.92
M206,2021-12,1314444,500311,0.5875,0.73,1.92
M207,2021-12,3482541,1615429,0.6533,1.59,2.8
M208,2021-12,116154,48356,0.5179,1.17,3.19
M210,2021-12,2064452,824971,0.6476,1.03,3.4
M211,2021-12,591393,185714,0.5957,0.8,1.94
M213,2021-12,6461694,2499633,0.6664,1.39,1.32
M214,2021-12,185817,59457,0.491,0.75,3.63
M215,2021-12,507993,213280,0.5653,0.75,4.73
M218,2021-12,2857945,1116713,0.6574,1.54,4.41
M219,2021-12,3641211,1705188,0.6889,1.69,1.45
M220,2021-12,1136752,577027,0.6133,0.83,3.67
M221,2021-12,315223,164472,0.5645,0.82,4.78
M222,2021-12,22516,7321,0.506,1.26,1.65
M225,2021-12,2860636,1130274,0.6595,1.44,2.41
M102,2022-01,67650,28848,0.6198,1.4,1.85
M105,2022-01,12081434,4487094,0.8187,2.04,1.91
M107,2022-01,409737,133116,0.6307,1.28,1.8
M109,2022-01,68334,28073,0.5942,1.43,3.59
M110,2022-01,631536,212457,0.7145,1.64,3.38
M112,2022-01,3300951,1681506,0.7208,1.55,2.36
M114,2022-01,107278,58130,0.6718,1.52,2.17
M115,2022-01,364524,194218,0.657,1.01,2.52
M116,2022-01,3820660,1678733,0.7526,0.98,2.23
M117,2022-01,194692,106283,0.6431,1.5,4.73
M120,2022-01,270072,90258,0.6241,1.02,4.55
M126,2022-01,50075,23876,0.53,1.22,3.2
M129,2022-01,258944,86229,0.5506,1.15,2.19
M131,2022-01,3418780,1542377,0.6648,1.59,2.68
M132,2022-01,97501,44793,0.5726,1.13,1.43
M136,2022-01,68125,27727,0.5281,1.04,3.24
M138,2022-01,592808,309590,0.5484,1.28,3.52
M140,2022-01,330769,157076,0.5854,1.36,3.04
M141,2022-01,67141,37147,0.5411,1.2,1.75
M146,2022-01,4487021,2382758,0.6506,1.23,2.38
M148,2022-01,77886,29647,0.5205,1.2,1.5
M149,2022-01,140058,51726,0.5399,0.78,2.01
M153,2022-01,306787,149063,0.3995,0.55,1.51
M154,2022-01,1210932,425959,0.4706,0.7,4.84
M156,2022-01,804701,296653,0.4874,0.65,1.83
M158,2022-01,170405,60555,0.3963,0.69,4.73
M159,2022-01,389960,161088,0.4056,0.67,4.48
M160,2022-01,890915,326674,0.4655,0.71,2.73
M162,2022-01,76362,26386,0.3777,0.55,1.87
M163,2022-01,494289,225001,0.4219,0.92,1.26
M166,2022-01,65288,29349,0.3507,0.8,6.31
M170,2022-01,74575,30161,0.3509,0.72,3.3
M175,2022-01,170281,66194,0.3961,0.67,2.63
M176,2022-01,199422,66323,0.5458,0.7,4.83
M179,2022-01,33115,10827,0.5076,1.22,4.42
M180,2022-01,250712,81026,0.5511,0.66,4.83
M182,2022-01,122032,130288,0.2735,0.37,2.89
M183,2022-01,127536,59273,0.5752,1.19,4.84
M184,2022-01,96828,42105,0.509,0.83,4.43
M185,2022-01,329324,115047,0.5716,1.1,3.76
M186,2022-01,442549,144893,0.6216,1.08,4.98
M189,2022-01,3824421,1389008,0.6788,1.47,1.87
M191,2022-01,1301819,602962,0.6209,1.26,4.56
M192,2022-01,341217,176716,0.6462,0.99,3.39
M193,2022-01,313688,100748,0.5421,0.77,4.03
M196,2022-01,107530,34723,0.5045,1.19,1.4
M197,2022-01,988027,423446,0.8243,1.8,3.23
M198,2022-01,94732,33421,0.574,0.83,4.29
M199,2022-01,1084354,581957,0.614,0.97,1.25
M200,2022-01,335196,125724,0.5516,0.92,4.03
M204,2022-01,630927,212530,0.5616,0.79,2.51
M206,2022-01,853954,461801,0.5688,0.75,1.63
M207,2022-01,2119597,890185,0.6567,1.4,3.85
M210,2022-01,1421163,558806,0.64,1.26,2.32
M211,2022-01,405220,136885,0.6097,1.09,1.69
M213,2022-01,4198207,1732572,0.6608,1.48,4.34
M214,2022-01,117245,52962,0.5236,1.02,4.19
M215,2022-01,317600,169358,0.5519,1.06,2.58
M218,2022-01,1945101,695317,0.6658,1.56,4.2
M219,2022-01,2455906,1312573,0.6879,1.31,1.33
M220,2022-01,754242,390606,0.5831,0.73,2.96
M221,2022-01,218994,109738,0.5595,0.78,2.77
M222,2022-01,14415,5363,0.474,0.99,4.97
M225,2022-01,1883939,1020359,0.6206,0.76,4.24
M102,2022-02,59841,26578,0.6139,0.8,1.76
M103,2022-02,14054329,7253604,0.8192,1.82,3.99
M105,2022-02,11465345,4084677,0.8234,1.84,3.02
M107,2022-02,360763,163315,0.608,1.26,3.16
M109,2022-02,63835,25220,0.6264,0.99,3.49
M110,2022-02,555265,238186,0.662,1.31,1.01
M112,2022-02,2924573,1364163,0.7253,1.36,3.12
M114,2022-02,95802,37014,0.6358,0.95,2.29
M115,2022-02,326366,141119,0.6771,0.85,3.86
M116,2022-02,3645991,1945305,0.7364,1.42,3.47
M117,2022-02,185927,101945,0.6192,1.49,1.74
M120,2022-02,233771,107484,0.6023,1.38,1.5
M126,2022-02,47336,18628,0.4852,1.12,1.71
M129,2022-02,245249,98184,0.5515,1.21,3.11
M131,2022-02,2973326,1367097,0.6227,1.25,2.18
M132,2022-02,84847,32633,0.5985,0.84,1.97
M136,2022-02,61784,22035,0.5234,0.77,2.24
M138,2022-02,539785,281866,0.5787,1.43,2.56
M140,2022-02,311799,109387,0.5829,1.01,1.92
M141,2022-02,59477,26133,0.5442,1.3,1.09
M146,2022-02,3912087,1680320,0.6556,1.28,4.26
M148,2022-02,71711,23243,0.5086,0.98,3.0
M149,2022-02,124755,39290,0.5266,1.2,1.25
M153,2022-02,295227,159361,0.3983,0.6,6.07
M154,2022-02,1025001,357010,0.4483,0.72,3.84
M156,2022-02,721320,341755,0.4551,0.9,3.1
M158,2022-02,164227,56584,0.3807,0.75,4.58
M159,2022-02,339542,161418,0.4122,0.97,4.42
M160,2022-02,802336,255627,0.4834,1.06,2.31
M162,2022-02,71216,29110,0.3575,0.83,5.94
M163,2022-02,438622,213051,0.4505,0.6,4.11
M166,2022-02,57586,29097,0.3659,0.62,3.76
M175,2022-02,151269,69727,0.3747,0.8,3.46
M176,2022-02,180127,67476,0.5257,0.72,1.23
M179,2022-02,30807,16220,0.4962,0.78,3.16
M180,2022-02,221086,93847,0.5239,1.14,2.63
M182,2022-02,323579,115065,0.6221,0.81,2.81
M183,2022-02,111664,46807,0.5346,1.24,2.18
M184,2022-02,87916,37093,0.5224,1.16,2.35
M185,2022-02,304237,129259,0.5618,1.18,1.47
M186,2022-02,404579,139875,0.6059,1.51,3.08
M189,2022-02,3532671,1505297,0.6692,0.83,1.62
M191,2022-02,1229301,546713,0.6073,0.9,4.59
M192,2022-02,295806,100465,0.6205,1.14,4.39
M193,2022-02,277480,107304,0.5701,1.3,2.16
M196,2022-02,100199,51065,0.4902,1.22,4.12
M197,2022-02,407224,190970,0.5981,1.13,2.63
M198,2022-02,86791,32106,0.5507,0.93,3.76
M199,2022-02,967929,327982,0.6254,0.8,2.16
M200,2022-02,309308,99489,0.5807,1.31,2.61
M204,2022-02,566610,217767,0.5821,1.31,4.48
M206,2022-02,815876,275410,0.5871,1.22,4.04
M207,2022-02,2082700,1081631,0.6561,1.28,3.55
M210,2022-02,1258433,627426,0.6183,1.46,3.28
M211,2022-02,381510,127188,0.6227,1.43,4.23
M213,2022-02,3611523,1248478,0.6788,1.66,1.22
M214,2022-02,111381,60792,0.5079,0.91,2.67
M215,2022-02,311491,115422,0.5187,1.29,1.91
M218,2022-02,1766573,783024,0.6531,1.55,3.08
M219,2022-02,2330668,901398,0.6409,0.77,2.38
M220,2022-02,680102,249211,0.6141,1.08,1.12
M221,2022-02,199085,68704,0.5353,0.74,3.64
M223,2022-02,6799461,2644820,0.6786,1.63,1.87
M225,2022-02,1755193,598584,0.6199,1.36,4.23
M102,2022-03,55120,24264,0.6162,1.36,2.59
M103,2022-03,11665701,4448048,0.8127,1.93,4.42
M105,2022-03,22735476,9582817,0.95,1.88,4.63
M107,2022-03,326298,102037,0.5998,0.88,1.32
M109,2022-03,56662,21328,0.6232,1.51,2.5
M110,2022-03,498082,183957,0.658,1.42,1.22
M112,2022-03,2657268,1297453,0.7335,1.3,2.64
M114,2022-03,83663,29647,0.629,1.16,2.77
M115,2022-03,281946,139078,0.6657,1.15,4.45
M116,2022-03,3280373,1245000,0.7372,1.72,3.9
M117,2022-03,167165,54064,0.6282,1.52,1.27
M120,2022-03,224255,122421,0.6408,1.58,1.79
M126,2022-03,41995,21817,0.4866,1.17,1.81
M129,2022-03,219042,92742,0.5234,0.77,4.98
M131,2022-03,2886767,1050021,0.6139,0.91,2.69
M132,2022-03,80897,25508,0.5759,1.42,2.5
M136,2022-03,54128,22307,0.5446,1.07,3.9
M138,2022-03,456197,174766,0.5324,0.67,4.27
M140,2022-03,281375,127975,0.5426,1.24,2.59
M141,2022-03,52574,16966,0.5503,1.03,4.66
M143,2022-03,4134853,1393360,0.682,1.34,4.31
M146,2022-03,3510650,1695360,0.656,1.25,3.94
M149,2022-03,115192,40794,0.5353,1.22,4.5
M153,2022-03,260783,86143,0.4029,0.65,1.12
M154,2022-03,920003,322765,0.475,0.93,3.88
M156,2022-03,648278,235476,0.4942,0.85,4.75
M158,2022-03,140457,59336,0.389,0.65,1.31
M159,2022-03,314385,163904,0.4305,0.7,1.64
M160,2022-03,1498578,534879,0.6538,1.58,3.75
M162,2022-03,63892,31779,0.3326,0.43,4.27
M163,2022-03,405353,171970,0.4288,0.84,4.09
M166,2022-03,52384,21808,0.3629,0.44,2.12
M175,2022-03,137905,74426,0.3735,0.8,4.74
M176,2022-03,170058,53730,0.5399,0.85,1.52
M179,2022-03,29126,12814,0.5218,1.07,2.13
M180,2022-03,202429,78951,0.5179,1.09,2.77
M182,2022-03,295176,143942,0.6148,0.89,4.08
M183,2022-03,103142,56155,0.5558,1.36,1.25
M184,2022-03,79566,25157,0.5047,0.7,3.49
M185,2022-03,283524,113042,0.5709,0.92,3.31
M186,2022-03,375491,131766,0.6395,0.77,3.57
M189,2022-03,3313218,1138810,0.6384,1.32,4.47
M191,2022-03,1132811,482824,0.6014,0.75,3.69
M192,2022-03,260178,85034,0.5988,0.93,1.73
M193,2022-03,250933,102632,0.5397,1.08,1.74
M196,2022-03,83893,26783,0.5042,1.12,4.32
M197,2022-03,360548,115677,0.5773,0.77,2.62
M198,2022-03,78119,28321,0.5608,1.2,4.73
M199,2022-03,880915,282070,0.6145,1.49,1.89
M200,2022-03,280239,122876,0.5704,1.32,4.76
M204,2022-03,484028,173184,0.5485,1.03,4.83
M206,2022-03,750952,290823,0.5508,1.15,4.3
M207,2022-03,1757416,848246,0.6564,1.22,3.31
M210,2022-03,1165456,595083,0.6091,1.14,3.82
M211,2022-03,335100,153942,0.5719,0.91,2.3
M213,2022-03,3308233,1465457,0.6514,1.09,4.54
M214,2022-03,101611,41201,0.5173,0.91,4.41
M215,2022-03,257367,81867,0.5183,1.06,1.44
M218,2022-03,1633788,561548,0.6168,1.23,4.79
M219,2022-03,1982978,754434,0.6586,0.9,2.91
M220,2022-03,601294,303425,0.6022,1.0,1.65
M221,2022-03,167320,73929,0.5505,0.7,2.3
M223,2022-03,6501036,2591070,0.6846,1.09,1.67
M225,2022-03,1562036,687199,0.6269,1.19,2.36
M102,2022-04,49691,15773,0.6038,1.21,1.71
M103,2022-04,10223626,3254680,0.8135,1.43,2.33
M105,2022-04,8620313,2881680,0.8061,1.36,1.92
M107,2022-04,293645,138190,0.6359,1.49,4.31
M109,2022-04,107324,29889,0.8113,1.19,3.53
M110,2022-04,459103,223406,0.653,1.23,2.53
M112,2022-04,2373448,743295,0.7205,1.79,1.89
M114,2022-04,75678,28109,0.6341,0.88,1.03
M115,2022-04,249624,99000,0.6609,0.97,4.83
M116,2022-04,2841264,970529,0.7226,1.56,1.76
M117,2022-04,49252,65590,0.2624,0.35,3.26
M120,2022-04,182860,94953,0.6002,1.28,2.85
M126,2022-04,35361,17409,0.4986,0.89,4.15
M129,2022-04,192064,77692,0.511,1.03,2.94
M131,2022-04,2412047,801921,0.6521,1.22,4.1
M132,2022-04,70017,28754,0.6,1.03,3.2
M136,2022-04,47490,19661,0.501,1.05,1.79
M138,2022-04,424961,150715,0.5713,1.4,4.7
M140,2022-04,244586,119803,0.5638,1.22,4.53
M141,2022-04,48011,16989,0.54,1.1,1.95
M143,2022-04,3802245,1784223,0.6533,0.99,3.31
M146,2022-04,3324505,1594899,0.6528,1.2,3.58
M149,2022-04,103522,34103,0.5109,1.24,3.28
M153,2022-04,222951,103435,0.3975,0.85,2.24
M154,2022-04,825083,279233,0.4665,0.67,1.28
M156,2022-04,548890,255882,0.4861,0.9,1.45
M158,2022-04,126403,41395,0.3628,0.87,2.56
M159,2022-04,265817,90498,0.4226,0.73,4.16
M160,2022-04,639357,249051,0.4392,0.84,3.43
M163,2022-04,377053,124081,0.4284,0.71,1.84
M166,2022-04,48112,17263,0.3476,0.71,3.35
M172,2022-04,6374067,2143987,0.4925,0.72,2.11
M175,2022-04,114537,37048,0.3858,0.75,1.87
M176,2022-04,142590,48022,0.5132,1.22,4.47
M179,2022-04,23556,11725,0.5089,1.0,2.39
M180,2022-04,170480,76657,0.5139,0.75,3.45
M182,2022-04,255180,141227,0.5858,1.15,1.37
M183,2022-04,93211,46529,0.5224,0.77,1.47
M184,2022-04,70256,25266,0.498,0.63,3.42
M185,2022-04,245106,127332,0.5356,0.77,1.48
M186,2022-04,336882,138915,0.6311,1.38,4.73
M189,2022-04,2777473,1039409,0.6515,1.15,2.35
M191,2022-04,974449,357665,0.5828,1.29,1.41
M192,2022-04,241869,110197,0.59,1.23,3.5
M193,2022-04,212330,93454,0.5154,0.72,2.15
M197,2022-04,313711,105414,0.5746,1.41,3.89
M198,2022-04,72468,38293,0.5471,0.81,3.67
M199,2022-04,805340,406843,0.6247,0.83,4.88
M200,2022-04,232831,106527,0.5562,0.93,2.23
M204,2022-04,459428,219107,0.5264,1.16,1.1
M206,2022-04,661865,213349,0.5661,0.85,2.98
M207,2022-04,1518481,575466,0.6231,1.1,4.45
M210,2022-04,938742,442911,0.5863,1.39,2.37
M211,2022-04,285334,94805,0.6064,0.9,3.84
M213,2022-04,2858273,1329691,0.6362,1.1,2.99
M214,2022-04,90024,33394,0.4884,0.63,2.77
M215,2022-04,240201,75127,0.5186,0.79,2.92
M218,2022-04,1324088,445599,0.6226,1.2,4.08
M219,2022-04,1857452,737126,0.6319,1.41,3.22
M220,2022-04,519201,220178,0.5932,1.11,3.18
M221,2022-04,152435,51896,0.5385,0.67,3.88
M223,2022-04,5815339,2087324,0.6632,1.19,1.99
M225,2022-04,1367631,644845,0.609,1.02,3.12
M103,2022-05,8946920,4029542,0.8021,0.99,3.26
M105,2022-05,7469615,2935744,0.7824,1.38,2.02
M107,2022-05,238613,121203,0.5823,1.36,1.8
M109,2022-05,43802,14839,0.616,1.09,2.57
M110,2022-05,406079,212550,0.6713,1.42,2.9
M112,2022-05,1940202,611713,0.7101,1.16,3.36
M114,2022-05,67195,23066,0.6085,0.83,2.01
M115,2022-05,208133,76599,0.6473,0.83,3.86
M116,2022-05,876346,834651,0.3328,0.83,1.64
M117,2022-05,126140,67845,0.6005,0.95,4.32
M120,2022-05,170565,55003,0.6018,1.22,3.59
M126,2022-05,31034,11815,0.5043,0.97,2.17
M127,2022-05,8553584,3663510,0.655,0.83,2.92
M129,2022-05,156048,73378,0.4987,1.08,4.87
M131,2022-05,2139013,812333,0.6291,1.12,1.06
M132,2022-05,60635,19715,0.5583,1.15,1.11
M136,2022-05,42116,16700,0.531,0.7,1.22
M138,2022-05,345215,126382,0.5214,0.69,4.72
M140,2022-05,223466,71596,0.57,1.24,3.29
M141,2022-05,40056,13180,0.534,0.72,4.9
M143,2022-05,3407976,1207072,0.6669,1.6,3.03
M146,2022-05,2846977,951542,0.6685,1.07,1.55
M149,2022-05,89473,36792,0.539,1.3,3.28
M153,2022-05,385309,151547,0.5256,0.81,1.19
M154,2022-05,713615,289782,0.4247,0.72,1.34
M156,2022-05,498929,258766,0.4699,1.11,3.7
M158,2022-05,110080,37853,0.373,0.52,5.08
M159,2022-05,234789,75238,0.415,0.52,1.17
M160,2022-05,525721,187842,0.4399,0.77,2.42
M163,2022-05,298627,97608,0.4311,1.02,3.76
M172,2022-05,5770264,2545746,0.4704,0.92,4.44
M175,2022-05,102222,37893,0.3591,0.86,4.95
M176,2022-05,125650,47348,0.5192,1.04,1.1
M179,2022-05,45018,16391,0.6695,0.93,4.92
M180,2022-05,151926,53045,0.5263,0.72,3.01
M182,2022-05,228277,78578,0.5711,1.06,3.46
M183,2022-05,79768,40035,0.5279,1.15,2.78
M184,2022-05,59975,25043,0.5012,0.74,4.32
M185,2022-05,208298,72847,0.5612,1.11,4.26
M186,2022-05,298111,98634,0.6257,1.34,4.58
M189,2022-05,2429717,765646,0.6122,0.81,2.33
M191,2022-05,864040,471971,0.5633,0.9,1.58
M192,2022-05,196243,101349,0.5959,0.94,1.11
M193,2022-05,190868,80777,0.5132,1.22,3.99
M197,2022-05,287813,145544,0.5529,1.12,3.19
M198,2022-05,63187,22396,0.5483,0.73,1.32
M199,2022-05,673383,266817,0.6348,1.28,4.68
M200,2022-05,210929,67474,0.5573,1.25,2.0
M204,2022-05,398177,169137,0.5509,0.93,2.25
M206,2022-05,565877,293746,0.557,1.15,1.44
M207,2022-05,1381944,491561,0.649,1.18,2.45
M210,2022-05,864296,370293,0.6097,0.79,3.73
M211,2022-05,241360,81388,0.5869,0.86,2.26
M212,2022-05,6171516,2209558,0.6563,1.11,1.22
M213,2022-05,2513595,1345022,0.6547,0.9,3.12
M215,2022-05,205328,100135,0.5097,1.18,4.14
M218,2022-05,1213870,470591,0.6267,1.39,2.05
M219,2022-05,1486116,511271,0.6405,1.4,2.36
M220,2022-05,483003,185792,0.5891,0.88,4.13
M221,2022-05,135101,73406,0.5065,1.13,4.5
M223,2022-05,4929225,1645266,0.6442,0.82,2.59
M225,2022-05,1165335,439494,0.6114,1.27,1.64
M103,2022-06,7564061,3699040,0.7707,1.35,4.53
M105,2022-06,6690618,2715868,0.7701,1.31,1.41
M107,2022-06,206478,73932,0.581,1.08,4.83
M109,2022-06,37825,14986,0.5834,1.44,1.06
M110,2022-06,335153,132850,0.6558,0.9,4.5
M112,2022-06,1677843,637058,0.7311,0.89,4.21
M114,2022-06,55658,17437,0.6204,1.4,1.3
M115,2022-06,190089,61570,0.6147,1.34,2.91
M116,2022-06,2031057,889251,0.7314,0.92,3.22
M117,2022-06,109461,40695,0.5824,0.93,1.49
M120,2022-06,141907,49763,0.6012,1.31,4.8
M127,2022-06,7039707,2563483,0.6665,1.36,2.35
M129,2022-06,131517,63365,0.529,0.74,3.85
M131,2022-06,1786164,620702,0.6257,1.31,3.48
M132,2022-06,52213,27211,0.5669,0.86,2.17
M136,2022-06,36514,12860,0.5095,0.98,2.52
M138,2022-06,294731,154967,0.5387,0.69,4.39
M140,2022-06,184827,78924,0.5373,1.09,1.13
M141,2022-06,34203,11753,0.5015,0.7,3.5
M143,2022-06,6083376,1778683,0.95,2.11,3.96
M146,2022-06,2360439,842647,0.6348,1.51,4.37
M149,2022-06,73378,35949,0.5027,0.77,2.71
M153,2022-06,173044,82623,0.3768,0.75,2.43
M154,2022-06,621956,241680,0.4173,0.93,3.68
M156,2022-06,411245,156125,0.4414,0.91,4.5
M158,2022-06,95161,32528,0.3679,0.69,2.11
M159,2022-06,209760,75812,0.381,0.74,1.99
M160,2022-06,453739,207761,0.446,0.56,1.36
M163,2022-06,272037,103141,0.4329,0.67,4.62
M172,2022-06,5048379,1864124,0.4776,0.93,1.41
M175,2022-06,89770,28234,0.3795,0.86,6.21
M176,2022-06,110110,34661,0.5209,1.02,4.7
M179,2022-06,35017,17552,0.7151,0.87,3.77
M180,2022-06,129943,53972,0.4857,0.98,3.69
M182,2022-06,194386,66505,0.579,0.76,2.18
M183,2022-06,64853,22243,0.5244,1.01,4.71
M185,2022-06,178701,66244,0.5243,0.96,2.68
M186,2022-06,248510,82872,0.6171,1.44,3.35
M189,2022-06,2170325,746804,0.6067,0.74,4.34
M191,2022-06,707891,344416,0.5685,1.39,3.35
M192,2022-06,172531,90598,0.576,1.42,3.67
M193,2022-06,160538,83230,0.5057,0.8,1.35
M197,2022-06,229907,77227,0.5847,1.32,3.17
M198,2022-06,49677,18677,0.5461,0.99,3.09
M199,2022-06,559963,194282,0.618,0.98,1.56
M200,2022-06,178320,68731,0.5561,1.23,3.11
M203,2022-06,843194,326662,0.676,1.28,3.73
M204,2022-06,329221,113751,0.5186,0.91,2.45
M206,2022-06,480430,184987,0.5798,0.79,4.77
M207,2022-06,1125124,370881,0.6482,1.31,3.31
M210,2022-06,746315,362028,0.5707,0.69,4.77
M211,2022-06,222924,96255,0.562,0.92,2.26
M212,2022-06,5539423,2265799,0.6678,0.92,2.19
M213,2022-06,2167455,747996,0.6248,1.2,2.12
M215,2022-06,175572,66780,0.537,0.74,4.77
M218,2022-06,996038,379777,0.6225,1.49,2.06
M219,2022-06,1358120,625008,0.6266,0.99,2.94
M220,2022-06,409736,182384,0.584,0.81,4.38
M221,2022-06,110544,37311,0.5305,0.68,2.6
M223,2022-06,4259064,1392821,0.6505,0.96,1.54
M225,2022-06,1043201,424409,0.6039,0.98,3.88
M103,2022-07,6820221,3774167,0.7544,1.71,1.73
M105,2022-07,5693966,2030725,0.756,1.29,4.74
M107,2022-07,188714,64788,0.5887,0.98,3.25
M110,2022-07,291451,93165,0.6346,1.27,4.38
M112,2022-07,1528719,782798,0.7188,0.94,4.52
M114,2022-07,48740,23008,0.6348,1.23,1.8
M115,2022-07,151328,79678,0.6275,1.53,2.03
M116,2022-07,1809251,568381,0.7003,1.35,2.31
M120,2022-07,117799,40135,0.577,1.14,3.29
M127,2022-07,6481948,2726973,0.6466,1.42,2.65
M128,2022-07,5254731,1671846,0.6897,1.25,4.22
M129,2022-07,119322,62286,0.5251,0.81,1.18
M131,2022-07,1506894,582695,0.6205,1.12,2.19
M132,2022-07,45094,15565,0.5764,1.35,1.97
M136,2022-07,31761,15786,0.5065,0.97,1.16
M138,2022-07,257351,124248,0.5374,1.27,4.72
M140,2022-07,155836,60730,0.5684,1.36,4.19
M141,2022-07,29181,9760,0.5053,0.83,2.78
M143,2022-07,2357622,1077829,0.6325,1.05,2.46
M144,2022-07,3193978,1529400,0.6591,1.25,2.33
M146,2022-07,2057749,1055257,0.6347,1.31,3.4
M149,2022-07,65763,33905,0.4892,1.19,1.38
M153,2022-07,149521,81851,0.3629,0.76,1.58
M154,2022-07,529467,260120,0.4142,0.62,4.27
M156,2022-07,118317,134548,0.1956,0.27,3.58
M158,2022-07,77842,26736,0.3643,0.51,3.47
M159,2022-07,177380,57468,0.3784,0.81,2.25
M160,2022-07,401048,127185,0.4527,0.92,3.47
M163,2022-07,216579,98645,0.4398,0.93,4.38
M172,2022-07,4152395,1615062,0.491,0.82,1.11
M175,2022-07,146555,49652,0.4848,0.97,4.88
M176,2022-07,35331,52601,0.236,0.57,5.87
M180,2022-07,111092,44276,0.5099,0.97,3.51
M182,2022-07,171023,54507,0.5995,1.41,4.84
M183,2022-07,55147,19255,0.5172,0.72,2.45
M185,2022-07,143879,76407,0.5632,1.15,2.59
M186,2022-07,205243,66645,0.6212,1.32,2.91
M189,2022-07,1713485,617776,0.6121,1.28,3.87
M191,2022-07,634715,232743,0.5735,1.41,2.5
M192,2022-07,143909,79777,0.5945,0.83,2.31
M193,2022-07,134012,49892,0.5414,0.92,2.02
M195,2022-07,2511093,1220693,0.6553,0.84,1.75
M197,2022-07,212374,76299,0.5375,1.24,1.28
M198,2022-07,44963,24373,0.497,1.03,2.42
M199,2022-07,476328,165966,0.6021,0.91,1.61
M200,2022-07,157141,81685,0.5396,1.3,2.13
M203,2022-07,727360,231587,0.6912,1.72,3.23
M204,2022-07,289301,118975,0.5529,1.09,3.37
M206,2022-07,393201,193268,0.5323,1.1,4.53
M207,2022-07,1020817,335945,0.6121,0.8,2.85
M210,2022-07,1275609,577974,0.8327,1.37,1.65
M211,2022-07,186609,72581,0.559,0.74,4.18
M212,2022-07,4616738,2263901,0.6576,1.24,4.64
M213,2022-07,1866469,676023,0.6433,1.19,1.85
M215,2022-07,146148,56859,0.4891,1.06,3.76
M218,2022-07,859246,308463,0.5997,0.76,4.97
M219,2022-07,1114150,522862,0.6417,0.95,3.19
M220,2022-07,334070,107085,0.5654,1.27,2.1
M221,2022-07,99517,44518,0.4927,0.7,4.02
M223,2022-07,3373154,1798474,0.6526,1.31,4.35
M225,2022-07,837543,307075,0.5978,1.1,2.12
M103,2022-08,5551285,2797532,0.7815,1.37,4.81
M105,2022-08,9256404,3389617,0.95,1.16,1.14
M107,2022-08,151628,81041,0.6109,0.84,3.87
M110,2022-08,245924,82230,0.6304,1.34,1.17
M112,2022-08,1301326,656274,0.6767,1.04,1.79
M114,2022-08,41669,14101,0.6052,1.38,2.83
M115,2022-08,134311,43830,0.6048,0.78,1.09
M116,2022-08,1477388,560146,0.7108,1.54,2.88
M120,2022-08,102129,38519,0.607,1.15,1.48
M127,2022-08,5532554,2550576,0.6771,0.87,2.55
M128,2022-08,4278196,1648957,0.6851,1.26,3.0
M129,2022-08,98387,38133,0.4934,1.17,2.84
M131,2022-08,1345966,441692,0.6042,0.79,3.05
M132,2022-08,36735,15927,0.5502,0.84,3.62
M136,2022-08,26229,10910,0.524,0.76,1.9
M138,2022-08,221024,121981,0.5374,0.74,1.68
M140,2022-08,129295,42602,0.5209,0.77,2.64
M141,2022-08,23928,8083,0.4972,0.77,1.61
M143,2022-08,2072825,693203,0.6568,1.21,4.95
M144,2022-08,2892554,1085476,0.682,1.03,2.24
M146,2022-08,1778431,926995,0.635,0.93,2.36
M147,2022-08,1906002,958961,0.6983,1.72,1.75
M149,2022-08,53827,28621,0.5066,0.74,4.26
M153,2022-08,126492,59184,0.3469,0.65,3.41
M154,2022-08,441284,157249,0.428,1.02,3.25
M156,2022-08,301897,133396,0.4497,1.01,2.07
M158,2022-08,69909,22830,0.3643,0.55,3.23
M159,2022-08,147724,49238,0.3907,0.72,6.3
M160,2022-08,319015,152487,0.4305,0.72,3.14
M163,2022-08,202496,77830,0.4348,0.69,1.35
M169,2022-08,4981039,1738834,0.4848,0.94,2.59
M172,2022-08,3700361,1801176,0.4837,1.2,1.55
M175,2022-08,62083,22137,0.3889,0.94,2.79
M176,2022-08,83903,26762,0.5175,1.22,4.76
M180,2022-08,99080,44602,0.4858,0.62,3.27
M182,2022-08,137758,47858,0.5563,0.68,3.14
M183,2022-08,48916,24820,0.547,0.76,1.48
M185,2022-08,127374,49589,0.5146,0.72,2.45
M186,2022-08,185637,84723,0.6198,1.39,2.04
M189,2022-08,1590730,586837,0.6289,1.28,1.65
M191,2022-08,530413,180276,0.5413,1.27,4.28
M192,2022-08,123713,51066,0.5876,0.95,1.75
M193,2022-08,118053,60352,0.5406,1.19,3.8
M195,2022-08,2142654,729007,0.6916,1.16,3.6
M197,2022-08,177797,95390,0.5263,0.75,1.51
M198,2022-08,37121,16515,0.5231,0.65,2.2
M199,2022-08,448960,162125,0.5762,1.09,3.51
M200,2022-08,125008,39177,0.5604,1.13,2.4
M203,2022-08,594733,206090,0.6488,0.94,3.91
M204,2022-08,245905,84861,0.5222,0.87,4.57
M206,2022-08,345748,164760,0.5367,1.18,2.77
M207,2022-08,324189,420976,0.2817,0.51,4.91
M210,2022-08,549595,185408,0.5991,1.05,3.03
M211,2022-08,164327,66871,0.5496,0.69,1.75
M212,2022-08,3925952,1352341,0.641,1.48,2.52
M213,2022-08,1511502,607529,0.6178,1.51,4.92
M215,2022-08,123860,39347,0.5139,0.68,4.44
M218,2022-08,752652,252691,0.6117,1.42,4.12
M219,2022-08,970882,430730,0.6477,1.59,1.87
M220,2022-08,295988,146974,0.5826,1.18,4.02
M221,2022-08,80346,25139,0.5023,0.97,3.87
M223,2022-08,3043880,1103071,0.663,1.14,2.51
M225,2022-08,761887,285874,0.6347,1.5,1.97
M103,2022-09,5193644,1786907,0.7619,1.56,3.13
M105,2022-09,4124831,1496052,0.7566,1.39,2.26
M110,2022-09,222971,71243,0.6566,0.8,3.64
M112,2022-09,1081905,462448,0.6861,1.42,1.92
M114,2022-09,37031,15035,0.6003,1.34,1.18
M115,2022-09,117326,45192,0.634,1.06,2.71
M116,2022-09,1366420,718854,0.7123,1.25,1.07
M127,2022-09,4917072,2550542,0.666,1.08,3.19
M128,2022-09,7473137,3297925,0.9295,1.64,1.63
M129,2022-09,83328,31187,0.5026,0.66,2.23
M131,2022-09,1200610,461737,0.6176,1.07,3.13
M132,2022-09,32992,13930,0.5583,0.79,2.96
M136,2022-09,23090,12077,0.5001,1.02,3.7
M138,2022-09,186546,59356,0.5348,0.97,3.18
M140,2022-09,115789,38895,0.5568,1.32,3.79
M141,2022-09,21332,10875,0.4796,0.69,4.82
M143,2022-09,1816058,626250,0.6518,0.82,1.48
M144,2022-09,2331870,782761,0.6787,1.69,3.25
M146,2022-09,578807,487531,0.2808,0.54,3.36
M147,2022-09,1682390,615914,0.6668,1.31,4.69
M149,2022-09,49554,25747,0.5158,1.08,1.14
M153,2022-09,111399,60338,0.3598,0.65,1.5
M154,2022-09,400498,126536,0.4343,0.77,1.44
M156,2022-09,274120,101147,0.4304,0.63,3.78
M158,2022-09,60274,21475,0.338,0.48,3.45
M159,2022-09,126223,56867,0.4169,1.0,3.48
M160,2022-09,293468,112964,0.4298,0.75,2.74
M163,2022-09,167606,74077,0.3981,0.86,2.9
M169,2022-09,4331317,2277014,0.4963,1.19,3.36
M172,2022-09,3216832,1503585,0.4728,0.84,1.91
M174,2022-09,3378524,1115796,0.4682,0.96,3.25
M175,2022-09,53264,28531,0.3524,0.64,6.16
M176,2022-09,73496,26856,0.5067,1.17,2.08
M182,2022-09,121118,62269,0.5404,0.74,3.77
M183,2022-09,40593,16432,0.4972,0.93,1.77
M185,2022-09,114491,39505,0.5235,1.21,1.5
M186,2022-09,151992,81712,0.5839,1.41,1.59
M189,2022-09,1364613,526226,0.6311,1.05,1.55
M191,2022-09,441726,156231,0.5581,1.05,3.38
M192,2022-09,108118,41340,0.5914,1.14,2.72
M193,2022-09,106841,34556,0.5205,0.87,2.19
M195,2022-09,1781924,789104,0.6594,1.26,2.48
M197,2022-09,159191,71860,0.5292,1.1,1.54
M198,2022-09,34277,16536,0.5079,1.04,1.07
M199,2022-09,367204,151046,0.594,1.33,2.58
M200,2022-09,117578,39673,0.5116,1.05,3.84
M203,2022-09,559559,215487,0.649,0.91,4.22
M204,2022-09,200369,73456,0.5244,0.81,4.97
M206,2022-09,292962,98373,0.5229,1.19,4.79
M207,2022-09,724360,246289,0.6255,0.9,4.01
M210,2022-09,474555,166192,0.5929,1.48,3.49
M211,2022-09,134374,67497,0.5467,0.81,4.51
M212,2022-09,3319442,1575253,0.6427,1.35,3.68
M213,2022-09,3068287,977707,0.9122,1.66,3.44
M215,2022-09,114205,50955,0.5199,0.87,1.22
M218,2022-09,676889,331441,0.5965,1.35,1.68
M219,2022-09,814671,373840,0.6509,1.24,2.83
M220,2022-09,265701,91012,0.5705,0.7,2.82
M221,2022-09,69557,34285,0.5199,0.66,4.26
M223,2022-09,2682905,870279,0.6279,1.39,1.41
M225,2022-09,673895,249676,0.6145,0.82,4.15
M103,2022-10,4533274,1507487,0.7783,1.48,3.15
M105,2022-10,3934842,1952077,0.7599,1.77,1.26
M110,2022-10,187140,70931,0.6521,1.11,4.03
M112,2022-10,976631,452854,0.6854,1.26,3.51
M114,2022-10,32070,11146,0.5798,0.76,1.19
M115,2022-10,107439,34081,0.5901,1.13,4.23
M116,2022-10,1228583,656997,0.7238,1.67,4.45
M127,2022-10,4230832,1526813,0.6649,1.1,3.35
M128,2022-10,3516764,1633768,0.6527,1.54,1.44
M131,2022-10,994663,486220,0.6203,0.95,3.23
M132,2022-10,28308,15468,0.5679,0.81,3.72
M137,2022-10,2983444,1378070,0.694,1.65,3.96
M138,2022-10,166932,65324,0.5048,0.9,4.62
M140,2022-10,100541,40166,0.5309,0.87,2.08
M141,2022-10,18606,9153,0.513,0.95,2.4
M143,2022-10,1620297,535646,0.6245,1.26,4.62
M144,2022-10,2160434,803575,0.6455,1.04,1.93
M146,2022-10,1316779,426170,0.6187,1.03,1.61
M147,2022-10,1525516,501789,0.6575,0.9,3.62
M149,2022-10,43188,13938,0.4775,1.15,4.82
M153,2022-10,99131,47077,0.3436,0.73,3.39
M154,2022-10,349202,142614,0.4385,1.0,3.89
M156,2022-10,246627,78655,0.4221,0.65,3.06
M159,2022-10,118135,45936,0.3689,0.76,5.25
M160,2022-10,250369,114760,0.4362,0.61,4.28
M163,2022-10,147248,49235,0.3862,0.65,2.84
M169,2022-10,4039864,1330298,0.4836,0.92,3.14
M172,2022-10,2950317,1330688,0.4344,0.71,3.23
M174,2022-10,2802265,1254918,0.4668,0.56,4.18
M175,2022-10,47940,15468,0.3783,0.69,5.63
M176,2022-10,63139,21875,0.523,1.22,4.0
M182,2022-10,114250,58105,0.5568,0.8,3.44
M183,2022-10,38582,16005,0.4972,0.79,1.26
M185,2022-10,99384,37412,0.5266,1.13,4.75
M186,2022-10,145329,55988,0.6081,1.41,2.79
M189,2022-10,1249148,527344,0.6155,1.29,1.39
M191,2022-10,398146,143340,0.5355,1.25,2.69
M192,2022-10,181459,68379,0.7888,1.71,3.16
M193,2022-10,194664,69053,0.74,1.06,1.98
M195,2022-10,1640927,770778,0.6705,0.95,2.67
M197,2022-10,141855,69561,0.5539,0.99,3.14
M198,2022-10,29549,10010,0.5178,0.74,3.22
M199,2022-10,350649,115541,0.5851,1.37,1.82
M200,2022-10,105429,44475,0.5423,1.27,4.85
M203,2022-10,502797,176416,0.6684,1.02,3.21
M204,2022-10,195381,100086,0.5437,1.21,1.8
M206,2022-10,260910,98371,0.52,1.28,2.4
M207,2022-10,651435,230023,0.6264,1.33,4.06
M210,2022-10,434175,237552,0.5976,1.22,2.69
M211,2022-10,282951,100547,0.7897,1.05,3.62
M212,2022-10,2989059,1038425,0.6561,1.14,2.84
M213,2022-10,1236614,632559,0.6485,1.32,3.16
M215,2022-10,98163,36022,0.4789,1.09,1.6
M217,2022-10,4448611,1920737,0.6977,0.99,4.48
M218,2022-10,586979,303838,0.5962,1.18,4.56
M219,2022-10,740694,328232,0.6301,0.76,2.78
M220,2022-10,224274,112637,0.5681,1.03,4.06
M221,2022-10,63939,24344,0.5249,1.05,2.94
M223,2022-10,2371373,921084,0.6398,0.98,2.41
M225,2022-10,588065,226233,0.5953,1.34,4.21
M103,2022-11,4243490,2167741,0.7491,1.82,2.37
M105,2022-11,3427681,1311210,0.7604,1.68,3.13
M110,2022-11,173049,77169,0.6456,1.45,4.5
M112,2022-11,897349,440036,0.6958,0.96,2.83
M114,2022-11,29185,13230,0.6001,0.86,3.14
M115,2022-11,215391,70852,0.8687,1.26,3.66
M116,2022-11,1050534,424380,0.7053,1.39,2.89
M127,2022-11,3999183,1407708,0.6253,0.94,1.6
M128,2022-11,3320441,1143550,0.6758,1.41,3.88
M131,2022-11,969189,409871,0.5996,1.22,1.07
M132,2022-11,27897,12126,0.5346,0.77,2.75
M137,2022-11,2692612,902791,0.6945,1.29,2.92
M138,2022-11,163699,89584,0.4959,1.01,1.14
M140,2022-11,92845,32575,0.5214,0.78,4.68
M143,2022-11,1439118,455921,0.6166,1.13,3.66
M144,2022-11,2082380,806474,0.6765,1.08,1.15
M146,2022-11,1199510,415146,0.5958,1.05,2.91
M147,2022-11,1381791,576789,0.6439,1.28,2.33
M153,2022-11,86029,31989,0.3655,0.68,3.8
M154,2022-11,318017,124339,0.4332,0.86,2.31
M156,2022-11,99560,72318,0.1926,0.47,2.79
M159,2022-11,108909,51727,0.3688,0.47,5.15
M160,2022-11,237118,87118,0.4533,0.97,2.89
M163,2022-11,145920,54122,0.4097,0.9,3.14
M169,2022-11,3655156,1704088,0.4618,0.89,1.68
M172,2022-11,2599086,1166878,0.4646,0.75,2.62
M174,2022-11,2797806,1238642,0.4664,0.76,1.21
M175,2022-11,46761,25059,0.3444,0.55,3.75
M176,2022-11,59100,21936,0.4878,0.92,3.97
M182,2022-11,104103,53195,0.5695,0.91,4.22
M183,2022-11,34822,16747,0.4995,0.82,2.95
M185,2022-11,93129,44113,0.5012,1.11,3.75
M186,2022-11,124701,46150,0.6059,0.76,2.9
M189,2022-11,1112092,543779,0.6257,1.14,2.9
M191,2022-11,358812,121298,0.5467,0.79,2.78
M192,2022-11,89751,39758,0.583,1.07,4.22
M193,2022-11,85309,43925,0.5082,0.93,2.17
M195,2022-11,1549619,621042,0.6668,0.94,4.24
M197,2022-11,127113,67204,0.5255,1.03,3.3
M198,2022-11,28215,10525,0.4965,0.99,3.3
M199,2022-11,317858,114945,0.5606,1.02,3.31
M200,2022-11,93922,44145,0.5466,1.16,3.16
M203,2022-11,438751,173358,0.6702,1.05,4.75
M204,2022-11,175664,79250,0.5276,1.13,3.33
M206,2022-11,243645,94236,0.5538,0.9,3.84
M207,2022-11,605408,239494,0.6323,0.8,1.57
M209,2022-11,3007038,1148895,0.6866,1.58,4.35
M210,2022-11,392802,177022,0.572,1.02,1.33
M211,2022-11,107933,47769,0.559,1.34,4.24
M212,2022-11,2873900,986669,0.6303,1.18,2.56
M213,2022-11,1133461,591514,0.6313,1.17,4.01
M217,2022-11,4249132,2168247,0.6491,1.19,3.16
M218,2022-11,521767,169239,0.6038,1.35,3.63
M219,2022-11,724543,243037,0.6236,1.11,3.31
M220,2022-11,206617,102951,0.5631,0.84,4.16
M221,2022-11,56681,19144,0.4857,1.06,2.86
M223,2022-11,2207709,767545,0.6384,0.78,3.98
M225,2022-11,1171042,446199,0.8389,1.94,4.94
M103,2022-12,3725425,1377315,0.7358,0.92,1.24
M105,2022-12,3207086,1084613,0.7539,0.95,2.31
M110,2022-12,169440,76356,0.6357,1.05,3.79
M112,2022-12,865997,347139,0.667,0.87,3.76
M114,2022-12,27256,10326,0.5924,1.19,3.82
M115,2022-12,91631,35760,0.6248,1.1,2.47
M116,2022-12,1058955,435692,0.6783,1.54,1.96
M124,2022-12,7078956,3435865,0.7973,1.26,2.57
M127,2022-12,3642033,1958479,0.6217,1.14,2.83
M128,2022-12,3038321,1185647,0.6461,0.78,4.66
M131,2022-12,856731,338664,0.5839,1.24,2.65
M132,2022-12,23580,12112,0.565,1.14,1.82
M137,2022-12,2486234,844110,0.686,1.69,4.85
M138,2022-12,141595,51733,0.5123,0.62,1.57
M140,2022-12,88378,36961,0.5417,1.1,3.71
M143,2022-12,1348958,530998,0.634,1.52,3.3
M144,2022-12,1857201,996959,0.6498,1.55,4.44
M146,2022-12,1161187,419371,0.5852,1.28,2.11
M147,2022-12,1313512,539190,0.6435,0.87,3.83
M153,2022-12,84271,29325,0.3559,0.65,3.66
M154,2022-12,307933,168289,0.4439,1.1,4.16
M156,2022-12,210273,70684,0.454,0.57,2.22
M159,2022-12,95738,38212,0.3831,0.73,3.6
M160,2022-12,226508,71986,0.4136,0.91,2.8
M163,2022-12,133655,69179,0.4104,0.55,4.81
M167,2022-12,5657115,1913601,0.4987,0.68,1.53
M169,2022-12,3286904,1616296,0.443,0.63,4.48
M172,2022-12,2471556,930661,0.4632,0.56,4.03
M174,2022-12,2370265,1261291,0.479,0.74,3.26
M182,2022-12,91046,39248,0.564,0.72,2.93
M183,2022-12,32308,16668,0.5117,0.98,2.86
M185,2022-12,86473,30560,0.5137,1.19,3.3
M186,2022-12,114815,56050,0.5589,0.78,2.16
M189,2022-12,1001109,328652,0.6073,0.81,4.31
M191,2022-12,332888,160863,0.5391,0.8,2.9
M192,2022-12,81660,34614,0.5797,0.81,1.14
M193,2022-12,79435,27474,0.4868,0.67,3.28
M195,2022-12,2801503,804279,0.9159,1.13,1.38
M197,2022-12,113606,50113,0.5449,0.98,3.46
M198,2022-12,24153,8463,0.4717,0.63,3.16
M199,2022-12,282514,152072,0.5755,1.06,1.74
M200,2022-12,82601,27971,0.5108,1.11,4.17
M203,2022-12,428295,219038,0.6284,1.14,1.03
M204,2022-12,154466,72085,0.4877,1.07,2.17
M206,2022-12,232613,75934,0.5142,0.63,2.37
M207,2022-12,552087,210495,0.6178,1.49,3.92
M209,2022-12,2815974,1264397,0.6862,0.98,3.47
M210,2022-12,342382,166553,0.5721,1.37,2.88
M211,2022-12,100359,40931,0.5659,1.39,1.54
M212,2022-12,2694033,910753,0.633,0.79,1.42
M213,2022-12,1052311,538372,0.6378,0.84,4.22
M217,2022-12,3814064,1611727,0.6779,1.29,2.65
M218,2022-12,491612,204911,0.6139,0.84,2.85
M219,2022-12,677559,220631,0.615,0.76,4.0
M220,2022-12,192138,70631,0.5638,0.7,2.17
M223,2022-12,2058124,1037946,0.6219,1.34,4.06
M225,2022-12,511790,177955,0.6121,1.32,1.51
M103,2023-01,3399652,1506637,0.7255,1.13,4.78
M105,2023-01,2819991,1395476,0.7192,1.12,1.75
M110,2023-01,153922,84870,0.5973,1.1,4.76
M112,2023-01,1490418,728785,0.95,1.22,1.07
M115,2023-01,83664,38947,0.5846,0.88,1.44
M116,2023-01,892006,353602,0.6886,0.93,1.48
M124,2023-01,6723230,3669084,0.8217,1.79,3.51
M127,2023-01,3403933,1706737,0.6347,1.24,3.13
M128,2023-01,2781388,987197,0.657,1.25,3.93
M131,2023-01,790647,248272,0.6075,1.16,2.92
M132,2023-01,22234,10375,0.5125,1.26,3.06
M137,2023-01,2325704,1082398,0.6409,1.56,1.33
M138,2023-01,131370,43280,0.4959,0.83,2.04
M140,2023-01,82158,28697,0.5381,0.78,2.04
M143,2023-01,1291242,710702,0.6182,1.07,1.12
M144,2023-01,1672016,535760,0.6504,1.38,4.45
M146,2023-01,1051446,523738,0.5827,1.37,3.88
M147,2023-01,1234004,442473,0.652,1.56,3.61
M150,2023-01,3717516,1410795,0.6884,1.62,1.56
M154,2023-01,274714,109836,0.3955,0.54,1.91
M156,2023-01,196753,73086,0.4191,0.62,4.98
M159,2023-01,86657,39166,0.3615,0.88,3.21
M160,2023-01,200855,78198,0.4333,0.96,4.9
M163,2023-01,117779,64534,0.4043,0.5,2.86
M167,2023-01,5207813,2773751,0.4728,0.91,3.09
M169,2023-01,3089066,1677495,0.4737,1.17,1.51
M172,2023-01,2246394,725738,0.4449,0.91,2.06
M174,2023-01,2287552,984331,0.4659,0.69,4.26
M182,2023-01,90029,29241,0.5577,1.37,2.22
M183,2023-01,28570,14270,0.497,0.79,4.3
M185,2023-01,158581,54378,0.7022,1.41,1.82
M186,2023-01,111376,44755,0.5574,0.97,2.96
M189,2023-01,936448,459785,0.617,0.84,2.84
M191,2023-01,334581,142257,0.5643,1.19,2.55
M192,2023-01,76821,27650,0.56,1.39,4.83
M193,2023-01,73456,30370,0.5199,1.2,2.08
M195,2023-01,1290690,524111,0.6615,1.34,2.45
M197,2023-01,102673,32440,0.5054,0.92,2.21
M199,2023-01,254688,119604,0.5882,0.94,2.68
M200,2023-01,81617,35032,0.4976,1.11,2.73
M203,2023-01,368262,129964,0.6328,0.9,4.88
M204,2023-01,148078,67708,0.4942,0.66,3.84
M206,2023-01,208724,100648,0.5275,0.63,3.67
M207,2023-01,510182,241165,0.6089,1.41,4.23
M209,2023-01,2631972,1036401,0.6539,1.63,2.62
M210,2023-01,336166,184139,0.5773,0.83,1.64
M211,2023-01,99912,44695,0.5528,0.8,4.45
M212,2023-01,2296677,972332,0.6255,0.75,4.78
M213,2023-01,963462,496457,0.6215,1.54,1.81
M217,2023-01,3358538,1208796,0.6403,1.29,4.65
M218,2023-01,434877,225880,0.5788,1.39,2.9
M219,2023-01,574843,294834,0.6195,1.12,3.61
M220,2023-01,176831,61124,0.5152,1.24,4.04
M223,2023-01,1914779,694454,0.6258,1.16,1.39
M225,2023-01,459757,154096,0.5918,0.99,1.04
M101,2023-02,1298597,621800,0.8019,1.7,1.09
M103,2023-02,3320599,1286377,0.7418,0.89,1.55
M105,2023-02,2681394,936033,0.7378,0.99,1.11
M110,2023-02,140044,71615,0.6188,1.46,3.71
M112,2023-02,734632,280040,0.6854,0.93,1.79
M115,2023-02,74986,35414,0.5864,1.39,1.03
M116,2023-02,877922,342157,0.6877,1.14,4.47
M124,2023-02,5961772,3274578,0.8006,1.79,1.54
M127,2023-02,3120067,990619,0.6131,0.77,4.97
M128,2023-02,2496099,870089,0.6426,1.33,1.08
M131,2023-02,756029,274407,0.5728,0.87,4.4
M132,2023-02,21572,9336,0.5424,0.88,3.94
M137,2023-02,1044631,704812,0.302,0.45,2.46
M138,2023-02,130274,41528,0.5074,0.71,4.39
M140,2023-02,76357,27538,0.516,0.81,4.42
M143,2023-02,1140083,540696,0.5955,1.18,4.24
M144,2023-02,1597434,712202,0.6264,0.81,2.91
M146,2023-02,952628,325066,0.6025,1.28,1.98
M147,2023-02,1110460,357060,0.6631,0.88,2.3
M150,2023-02,3488916,1150451,0.6588,1.64,2.96
M154,2023-02,257393,98268,0.4097,0.62,2.35
M156,2023-02,176650,57351,0.4116,0.73,2.97
M159,2023-02,85252,42892,0.3796,0.5,2.45
M160,2023-02,180016,60091,0.4275,0.77,1.91
M163,2023-02,107790,53496,0.4068,1.01,4.09
M167,2023-02,4865652,1987922,0.4551,0.56,1.81
M169,2023-02,2916185,1190579,0.4521,0.83,4.98
M172,2023-02,2051834,829487,0.4561,0.73,1.91
M174,2023-02,1983724,962974,0.4596,0.85,2.3
M182,2023-02,78839,38392,0.5175,1.14,2.58
M183,2023-02,26950,8491,0.5147,0.82,1.18
M185,2023-02,71561,33269,0.4805,0.71,2.91
M186,2023-02,95277,32093,0.5553,1.36,2.6
M189,2023-02,854574,428635,0.5952,1.27,4.34
M191,2023-02,295482,124727,0.5436,1.3,3.09
M192,2023-02,70339,25566,0.5438,1.2,2.04
M195,2023-02,1146316,624505,0.6412,1.16,3.31
M197,2023-02,100210,31916,0.5114,0.78,1.04
M199,2023-02,233307,85814,0.5561,1.03,4.53
M200,2023-02,72769,31991,0.4977,1.05,1.11
M203,2023-02,354760,139792,0.6174,1.06,4.35
M204,2023-02,132441,63407,0.478,0.67,1.41
M206,2023-02,195204,65718,0.5365,1.07,4.87
M207,2023-02,459462,226320,0.609,1.03,2.16
M209,2023-02,2425395,1025186,0.6627,0.88,2.7
M210,2023-02,298434,142773,0.5728,0.82,2.65
M211,2023-02,91803,35361,0.5425,0.84,3.71
M212,2023-02,2125406,717956,0.608,1.09,4.53
M213,2023-02,900570,291425,0.6203,1.1,4.11
M217,2023-02,3313933,1200982,0.6771,0.98,4.34
M218,2023-02,401850,130320,0.5788,1.3,1.64
M219,2023-02,183452,219980,0.283,0.55,3.97
M220,2023-02,166534,73846,0.508,1.01,4.95
M223,2023-02,1647938,593117,0.6009,1.27,4.97
M225,2023-02,413155,161559,0.5594,0.95,2.39
M101,2023-03,1154938,364918,0.8022,1.41,2.68
M103,2023-03,2830972,1250662,0.7106,1.13,4.91
M105,2023-03,2429586,1119271,0.7334,1.57,3.02
M110,2023-03,123761,55700,0.5821,1.27,4.39
M112,2023-03,606225,325501,0.6305,1.54,4.38
M116,2023-03,771649,379698,0.6866,1.67,4.53
M119,2023-03,12107691,6560285,0.793,1.18,4.6
M124,2023-03,10353499,4596570,0.95,1.19,4.24
M127,2023-03,2802578,957326,0.6172,1.45,1.9
M128,2023-03,2180182,964688,0.6459,1.11,3.02
M131,2023-03,661804,256079,0.5848,1.29,1.77
M132,2023-03,17992,6017,0.5197,0.63,3.15
M137,2023-03,1839819,646623,0.6519,1.49,4.15
M138,2023-03,114292,59321,0.514,1.12,2.57
M140,2023-03,69711,26242,0.5107,0.77,2.99
M143,2023-03,991612,400882,0.6054,1.44,2.54
M144,2023-03,1402052,465218,0.642,1.06,4.94
M146,2023-03,831396,418751,0.5898,1.08,1.93
M147,2023-03,969867,310674,0.6577,1.36,3.03
M150,2023-03,3153606,1465005,0.6451,1.52,2.7
M154,2023-03,222655,77498,0.3863,0.84,3.13
M156,2023-03,151236,50005,0.416,0.53,3.76
M159,2023-03,76743,33417,0.3624,0.5,3.33
M160,2023-03,160471,75237,0.4341,1.04,2.84
M163,2023-03,94293,38446,0.4127,0.96,1.61
M167,2023-03,4220940,1646644,0.4799,0.78,4.73
M169,2023-03,2603737,991151,0.4673,0.89,2.97
M172,2023-03,1783146,663455,0.458,0.69,1.68
M174,2023-03,1878813,727808,0.4517,0.58,2.36
M182,2023-03,72362,26489,0.558,0.91,3.01
M185,2023-03,66369,23457,0.5015,1.24,2.28
M186,2023-03,88484,30394,0.5467,1.02,2.59
M189,2023-03,744061,284176,0.5684,1.26,4.5
M191,2023-03,267933,140116,0.5343,0.77,2.4
M192,2023-03,65202,25603,0.5476,0.95,4.03
M195,2023-03,1090598,449525,0.6376,1.5,3.58
M197,2023-03,84324,26991,0.5296,0.83,3.29
M199,2023-03,217246,74827,0.5653,1.29,2.77
M200,2023-03,62918,26683,0.4931,1.13,4.85
M203,2023-03,304011,146731,0.6083,0.74,1.93
M204,2023-03,114324,40365,0.4742,0.69,3.48
M206,2023-03,164676,74277,0.5132,0.87,1.02
M207,2023-03,409154,129843,0.6116,0.76,2.6
M209,2023-03,2085099,674166,0.6674,1.65,4.48
M210,2023-03,262598,124705,0.5513,1.07,1.91
M211,2023-03,76329,35014,0.5145,1.19,3.69
M212,2023-03,1892270,627767,0.6099,1.47,3.47
M213,2023-03,771023,399407,0.5968,0.79,2.4
M217,2023-03,2971861,1349136,0.6708,1.21,4.58
M218,2023-03,371994,150772,0.576,1.33,1.83
M219,2023-03,475810,215372,0.6062,1.07,1.28
M220,2023-03,143241,62928,0.5256,1.2,2.98
M223,2023-03,1517767,735245,0.6,0.94,1.88
M225,2023-03,363562,126232,0.5539,0.91,4.12
M101,2023-04,1089710,435644,0.7874,1.97,1.66
M103,2023-04,2600482,902382,0.7145,0.98,3.24
M105,2023-04,2023317,732157,0.6986,1.08,3.61
M110,2023-04,113140,62698,0.5929,1.39,2.93
M112,2023-04,581308,284378,0.6435,1.27,1.06
M116,2023-04,690586,264170,0.653,1.15,2.22
M119,2023-04,11263616,4188576,0.8109,1.98,3.09
M124,2023-04,4589344,1880993,0.7758,1.39,3.61
M127,2023-04,2449774,808544,0.6078,1.27,2.55
M128,2023-04,1895234,736060,0.6455,1.33,4.53
M131,2023-04,555415,239209,0.5709,0.73,2.81
M132,2023-04,35784,15034,0.7521,1.58,3.6
M137,2023-04,1692215,723452,0.6345,1.49,1.13
M140,2023-04,61168,28865,0.4874,0.91,1.85
M143,2023-04,887682,328472,0.6183,1.31,4.55
M144,2023-04,1175967,378584,0.6142,1.42,4.64
M146,2023-04,769437,266560,0.5957,1.22,2.72
M147,2023-04,836694,292152,0.6438,1.17,1.82
M150,2023-04,2641632,1186422,0.6757,1.57,3.01
M154,2023-04,196135,83117,0.4186,0.68,1.09
M156,2023-04,138005,62059,0.4059,0.52,3.59
M159,2023-04,65534,22826,0.3812,0.82,1.12
M160,2023-04,144896,70285,0.3916,0.76,4.85
M163,2023-04,88979,48869,0.3701,0.81,3.04
M167,2023-04,3898279,1421657,0.4693,0.64,1.62
M169,2023-04,2267577,719389,0.4655,0.61,3.95
M172,2023-04,1639460,643568,0.4541,0.78,2.17
M174,2023-04,1562674,557073,0.4601,1.13,1.35
M182,2023-04,63867,20335,0.5201,0.64,2.13
M185,2023-04,58229,21934,0.4909,0.7,3.47
M186,2023-04,80545,33353,0.5351,0.76,5.0
M189,2023-04,660257,214546,0.5921,1.34,3.79
M191,2023-04,236279,85261,0.5411,0.73,2.89
M192,2023-04,57814,31980,0.5567,0.83,1.46
M194,2023-04,2094664,825065,0.6932,0.92,3.6
M195,2023-04,893509,310099,0.6511,1.33,1.37
M197,2023-04,73392,23558,0.5237,1.04,1.62
M199,2023-04,191430,102944,0.574,1.09,3.07
M200,2023-04,59414,18889,0.4783,0.68,4.78
M203,2023-04,271826,100238,0.6385,1.04,4.79
M206,2023-04,152111,83260,0.4924,0.81,3.26
M207,2023-04,380557,155095,0.5738,1.0,3.37
M209,2023-04,1780279,674405,0.6697,1.21,2.57
M210,2023-04,222262,120380,0.5267,0.94,3.54
M211,2023-04,71183,22300,0.5261,0.82,1.87
M212,2023-04,1758917,753580,0.6275,1.18,4.29
M213,2023-04,690313,381764,0.5789,1.19,3.63
M217,2023-04,2465595,906241,0.6387,0.84,4.7
M218,2023-04,340110,139278,0.5624,1.09,2.62
M219,2023-04,440860,158246,0.5825,0.7,4.67
M220,2023-04,125367,53907,0.5016,0.63,2.42
M223,2023-04,1343188,560858,0.6051,1.07,2.47
M225,2023-04,338886,123162,0.5935,0.92,4.51
M101,2023-05,915107,456271,0.7796,1.44,3.07
M103,2023-05,2119958,757880,0.7106,1.07,1.15
M105,2023-05,1808260,738357,0.7228,1.42,1.52
M110,2023-05,94062,36265,0.5942,1.41,1.54
M112,2023-05,460531,213287,0.6482,1.12,3.48
M116,2023-05,552303,231696,0.6396,1.25,1.71
M119,2023-05,9757666,4191909,0.8173,1.68,1.62
M124,2023-05,4205103,1590141,0.7976,1.74,3.94
M127,2023-05,2115010,896287,0.6157,0.89,4.67
M128,2023-05,1666839,750304,0.6124,1.49,4.23
M131,2023-05,517501,176120,0.5448,0.79,4.06
M132,2023-05,13525,4243,0.5101,0.8,1.2
M137,2023-05,1478786,532367,0.6615,1.44,1.27
M140,2023-05,52247,18411,0.5031,1.08,3.26
M143,2023-05,752586,382899,0.5902,0.83,3.54
M144,2023-05,1056859,532327,0.6296,1.44,2.53
M146,2023-05,633642,218477,0.607,0.99,4.88
M147,2023-05,752198,400562,0.6141,1.19,2.94
M150,2023-05,2281364,860215,0.67,1.59,2.6
M154,2023-05,176195,67878,0.4268,1.06,1.14
M156,2023-05,122584,52882,0.4222,0.87,1.98
M159,2023-05,58535,24108,0.3599,0.7,4.91
M160,2023-05,122131,42550,0.4308,0.99,1.03
M163,2023-05,72189,23173,0.3815,0.57,1.29
M167,2023-05,3229249,1185190,0.4533,0.84,2.98
M169,2023-05,1945108,1022350,0.473,0.62,3.3
M172,2023-05,1380738,437996,0.4168,0.95,3.39
M174,2023-05,1353493,651473,0.4512,0.72,1.74
M182,2023-05,52653,16480,0.5138,0.62,2.08
M186,2023-05,66987,27663,0.5779,0.86,4.95
M189,2023-05,608024,200087,0.5846,1.29,3.43
M191,2023-05,203890,76026,0.5439,1.34,1.36
M192,2023-05,49115,15614,0.5283,0.82,2.53
M194,2023-05,1821631,983678,0.6857,0.82,2.39
M195,2023-05,807561,286319,0.6404,0.99,3.87
M197,2023-05,67220,24562,0.4924,0.62,2.97
M199,2023-05,162679,86956,0.5256,0.64,2.25
M200,2023-05,51227,26081,0.4838,0.96,4.15
M203,2023-05,234390,114364,0.6352,1.08,4.08
M206,2023-05,132529,46767,0.482,0.92,2.6
M207,2023-05,337749,126040,0.5897,1.12,1.61
M209,2023-05,1567521,591224,0.6369,1.34,3.84
M210,2023-05,195389,93702,0.5268,0.67,1.76
M211,2023-05,62434,28123,0.5425,0.69,4.07
M212,2023-05,1465182,787901,0.626,1.54,3.39
M213,2023-05,570295,207282,0.5709,1.31,4.29
M217,2023-05,2195252,692352,0.6583,1.52,1.58
M218,2023-05,278207,143378,0.5618,0.71,1.65
M219,2023-05,365638,177402,0.571,0.9,2.82
M220,2023-05,112244,35264,0.4973,0.9,1.03
M223,2023-05,1134743,520120,0.6106,1.49,1.23
M225,2023-05,281385,92305,0.5786,0.75,4.0
M101,2023-06,764019,268618,0.7971,1.55,2.68
M103,2023-06,1898737,649036,0.7339,1.12,3.81
M105,2023-06,1567741,507033,0.6962,1.18,3.96
M110,2023-06,78092,39407,0.5883,0.87,2.55
M112,2023-06,406452,179615,0.6526,1.12,2.74
M116,2023-06,470881,252941,0.6665,1.35,2.06
M119,2023-06,7645678,2983066,0.768,1.51,4.95
M122,2023-06,1810566,638176,0.812,1.62,2.36
M124,2023-06,3511809,1221775,0.767,1.52,1.93
M127,2023-06,1678686,619675,0.5943,1.27,2.72
M128,2023-06,1380516,437729,0.6124,0.97,2.29
M131,2023-06,437931,137971,0.5645,1.23,4.85
M132,2023-06,11759,5346,0.5015,0.61,3.24
M137,2023-06,1231195,467541,0.6274,1.48,4.38
M143,2023-06,676005,286759,0.5953,1.25,1.6
M144,2023-06,897003,359800,0.6107,1.5,2.63
M146,2023-06,575005,193181,0.5705,0.9,4.45
M147,2023-06,611681,255907,0.6461,1.45,1.25
M150,2023-06,760956,1066350,0.2897,0.6,3.54
M154,2023-06,138900,55651,0.3792,0.67,1.25
M156,2023-06,96370,44658,0.3958,0.7,2.06
M159,2023-06,48889,15490,0.3726,0.84,3.78
M160,2023-06,112716,45921,0.3842,0.93,1.32
M163,2023-06,63937,25225,0.3823,0.92,4.39
M167,2023-06,2810780,1338000,0.4505,0.65,2.29
M168,2023-06,954654,440058,0.4885,0.59,3.75
M169,2023-06,1566345,760350,0.4321,0.78,3.92
M172,2023-06,1164123,543448,0.4063,0.57,3.41
M174,2023-06,1195703,559091,0.433,0.86,2.92
M182,2023-06,47050,23684,0.5233,0.66,4.47
M186,2023-06,59812,26571,0.5632,1.33,2.84
M189,2023-06,504016,191551,0.5543,0.84,4.73
M191,2023-06,163772,58296,0.5334,0.81,1.73
M192,2023-06,41416,19246,0.5646,0.84,4.19
M194,2023-06,1489029,673564,0.6506,1.29,3.1
M195,2023-06,698150,385137,0.6286,0.82,4.37
M197,2023-06,57709,29181,0.4945,0.87,3.76
M199,2023-06,65638,67572,0.2556,0.57,4.94
M203,2023-06,193587,95995,0.6287,1.39,4.65
M206,2023-06,110141,44874,0.4859,1.04,3.8
M207,2023-06,263970,111956,0.5964,1.34,1.01
M209,2023-06,1367466,729975,0.6339,0.9,3.01
M210,2023-06,168222,62716,0.5142,1.15,2.19
M211,2023-06,48727,15939,0.5085,0.92,4.03
M212,2023-06,1258423,524509,0.606,1.39,2.72
M213,2023-06,492110,165144,0.5723,1.18,2.43
M217,2023-06,1910481,651285,0.6302,1.09,1.28
M218,2023-06,241456,111056,0.5698,1.07,1.87
M219,2023-06,317448,110297,0.594,1.26,4.37
M220,2023-06,94955,49757,0.5149,1.01,3.48
M223,2023-06,952717,425507,0.6133,0.9,4.29
M225,2023-06,245510,101823,0.5458,1.07,4.57
M101,2023-07,638643,328996,0.7859,1.49,3.6
M103,2023-07,1596874,519423,0.6945,1.04,1.07
M105,2023-07,1350441,657010,0.6945,1.62,1.55
M112,2023-07,339145,129040,0.6326,1.01,4.31
M116,2023-07,437814,216069,0.6439,1.18,4.39
M119,2023-07,7008339,2762562,0.8014,1.63,3.6
M122,2023-07,1541458,566677,0.8226,1.04,3.79
M124,2023-07,3073721,1477821,0.7742,1.24,3.99
M127,2023-07,1494727,585921,0.6235,1.3,3.06
M128,2023-07,1239655,463778,0.6184,1.29,1.97
M131,2023-07,345019,129256,0.5759,0.78,4.36
M132,2023-07,9796,3230,0.5009,0.67,2.29
M137,2023-07,1066143,377337,0.6392,1.18,4.71
M143,2023-07,585471,260040,0.6076,0.81,4.86
M144,2023-07,746384,310561,0.5903,0.97,4.15
M146,2023-07,471654,185446,0.5566,0.97,2.41
M147,2023-07,529573,262754,0.6396,1.41,3.35
M150,2023-07,1663797,751303,0.6272,1.18,4.65
M154,2023-07,128908,70681,0.4098,0.95,3.92
M156,2023-07,84675,26952,0.4089,0.92,2.07
M159,2023-07,42430,16852,0.3531,0.58,1.19
M160,2023-07,92687,36368,0.3795,0.82,1.85
M163,2023-07,54566,30031,0.3885,0.71,2.94
M167,2023-07,2494432,845634,0.4593,0.75,1.61
M168,2023-07,786891,375847,0.471,0.76,1.17
M169,2023-07,1354287,474370,0.4354,0.81,4.93
M172,2023-07,994098,398025,0.4345,0.53,2.35
M174,2023-07,1056708,368733,0.4223,0.6,3.47
M182,2023-07,38144,14070,0.5304,0.7,4.65
M186,2023-07,49429,17235,0.5366,0.66,1.76
M187,2023-07,3959876,2132156,0.6548,1.19,3.13
M189,2023-07,422794,159332,0.5878,1.1,2.7
M191,2023-07,56988,45863,0.23,0.49,4.36
M192,2023-07,34412,12754,0.5537,0.86,3.28
M194,2023-07,1224774,452717,0.646,1.39,2.44
M195,2023-07,575830,205433,0.6278,1.15,4.71
M197,2023-07,46928,15700,0.4922,0.71,3.36
M199,2023-07,120204,44534,0.5491,1.04,4.57
M203,2023-07,173720,70726,0.61,1.03,2.45
M206,2023-07,92412,41303,0.5011,0.88,1.61
M207,2023-07,226990,80638,0.556,1.03,3.32
M209,2023-07,1210875,398646,0.6214,0.77,4.25
M210,2023-07,149607,62342,0.5462,1.1,2.79
M211,2023-07,44037,17114,0.5305,1.12,1.28
M212,2023-07,1100513,460657,0.5957,1.48,4.51
M213,2023-07,434871,162626,0.557,1.04,2.41
M217,2023-07,1509371,605745,0.6079,1.51,4.05
M218,2023-07,206626,101550,0.5763,1.07,2.64
M219,2023-07,268707,89397,0.603,0.84,3.37
M220,2023-07,81483,39698,0.5268,1.07,2.33
M223,2023-07,793351,261841,0.5923,1.32,3.09
M225,2023-07,201508,74140,0.5681,1.28,3.6
M101,2023-08,570188,185031,0.7634,0.95,1.47
M103,2023-08,1346585,678470,0.6961,1.19,3.43
M105,2023-08,1110320,508187,0.7013,1.44,3.43
M111,2023-08,10654173,5713587,0.8157,1.47,3.46
M112,2023-08,310763,107303,0.6433,1.07,2.78
M116,2023-08,372026,153782,0.655,1.35,4.52
M119,2023-08,5649153,2498544,0.7816,1.38,4.62
M122,2023-08,1364941,505310,0.7942,1.72,3.07
M124,2023-08,2576472,1175280,0.7342,1.08,4.89
M125,2023-08,7917501,3547273,0.8042,1.07,1.61
M127,2023-08,1242956,459087,0.5911,1.47,1.46
M128,2023-08,1060062,450905,0.6317,0.79,3.56
M131,2023-08,322609,132735,0.5473,0.82,4.89
M132,2023-08,9047,3377,0.4929,1.22,3.3
M137,2023-08,865658,280969,0.6495,1.5,4.82
M143,2023-08,497328,262726,0.5759,0.85,2.99
M144,2023-08,667272,221240,0.6028,1.28,1.64
M146,2023-08,424839,155214,0.5781,1.42,4.1
M147,2023-08,450215,242985,0.6182,1.48,3.65
M150,2023-08,1453900,455154,0.6263,1.45,3.95
M152,2023-08,2249129,983981,0.4919,1.1,1.1
M154,2023-08,105486,50466,0.3821,0.58,1.71
M156,2023-08,70509,24825,0.4136,0.99,2.95
M159,2023-08,35897,11607,0.3595,0.59,4.79
M160,2023-08,81847,42903,0.4077,0.83,4.77
M163,2023-08,47902,24711,0.3859,0.7,3.8
M167,2023-08,1989412,757260,0.4679,0.84,1.1
M168,2023-08,724558,275697,0.4839,1.0,4.99
M169,2023-08,1251971,434876,0.4144,0.84,4.88
M172,2023-08,869026,333574,0.4313,0.58,4.56
M174,2023-08,873993,359167,0.4227,0.73,4.81
M182,2023-08,31941,9993,0.5223,1.18,4.69
M186,2023-08,40634,13596,0.5214,0.81,3.35
M187,2023-08,3314972,1083500,0.6554,0.97,2.68
M189,2023-08,359995,126914,0.5397,0.88,3.54
M191,2023-08,121278,51279,0.4937,0.75,4.43
M192,2023-08,28852,12963,0.5248,0.73,4.24
M194,2023-08,1120979,573666,0.6492,0.96,3.27
M195,2023-08,506105,220104,0.6302,1.03,3.33
M199,2023-08,98518,47922,0.5443,1.23,2.19
M203,2023-08,139393,66287,0.6229,1.01,4.89
M207,2023-08,206919,91220,0.5432,1.31,4.87
M209,2023-08,1022114,330193,0.6178,0.89,4.64
M210,2023-08,122257,67878,0.5234,0.8,2.44
M211,2023-08,36825,12991,0.4892,1.11,1.6
M212,2023-08,885063,408805,0.6141,1.21,2.27
M213,2023-08,724050,209198,0.7706,1.42,2.74
M217,2023-08,1301722,628230,0.6349,0.81,3.89
M218,2023-08,176145,55900,0.5343,0.71,1.26
M219,2023-08,224548,90765,0.5706,0.7,4.19
M220,2023-08,66105,27108,0.4773,0.77,2.2
M223,2023-08,698571,286793,0.5626,0.68,4.45
M225,2023-08,180527,66390,0.5372,1.3,1.72
M101,2023-09,512022,281774,0.7397,1.81,2.73
M103,2023-09,1167073,431315,0.7131,1.16,4.32
M105,2023-09,967453,340981,0.6648,1.15,1.15
M111,2023-09,9216316,4269714,0.8109,2.01,2.61
M112,2023-09,273215,130841,0.631,0.87,1.15
M116,2023-09,331921,156201,0.6609,0.83,2.51
M119,2023-09,5224731,2701727,0.7772,1.01,4.03
M122,2023-09,1184932,531491,0.7732,1.1,1.73
M124,2023-09,2188779,692213,0.7658,1.17,4.33
M125,2023-09,7008885,3190742,0.7803,1.24,4.22
M127,2023-09,1130474,471133,0.5702,1.0,2.07
M128,2023-09,939651,333025,0.6092,1.09,3.68
M131,2023-09,276249,91662,0.5321,1.07,1.71
M132,2023-09,7687,3617,0.4902,0.7,2.53
M133,2023-09,3932381,1695505,0.6666,1.46,2.56
M137,2023-09,748920,258021,0.6386,1.11,2.2
M143,2023-09,413925,142936,0.5785,1.22,1.64
M144,2023-09,596868,206640,0.6274,1.34,3.67
M146,2023-09,352933,136495,0.5749,1.26,4.52
M147,2023-09,408944,134365,0.6224,1.48,4.02
M150,2023-09,1244190,402222,0.6175,0.87,2.83
M152,2023-09,2084604,670804,0.499,0.74,2.09
M154,2023-09,96665,43913,0.3914,0.81,1.1
M156,2023-09,65861,28018,0.4084,0.83,3.46
M160,2023-09,70798,24733,0.4104,0.95,3.7
M161,2023-09,434703,223830,0.4998,0.9,1.12
M163,2023-09,38648,13195,0.3667,0.52,4.32
M167,2023-09,1734679,897130,0.4503,0.86,3.85
M168,2023-09,609790,305519,0.4811,1.19,4.92
M169,2023-09,1040299,501338,0.4479,0.64,3.57
M172,2023-09,768206,269722,0.4451,0.94,2.38
M174,2023-09,765488,248210,0.4226,1.02,4.44
M181,2023-09,584492,191073,0.6506,1.21,3.66
M182,2023-09,30780,15754,0.5121,0.81,2.84
M186,2023-09,37332,15349,0.5436,0.81,2.31
M187,2023-09,3068501,1662237,0.6878,1.52,1.11
M189,2023-09,316928,112955,0.5584,1.22,1.33
M191,2023-09,105812,48514,0.4886,1.12,3.63
M192,2023-09,25653,9294,0.5267,1.02,4.19
M194,2023-09,932943,330863,0.6728,1.0,1.3
M195,2023-09,849243,312218,0.8193,1.61,3.63
M199,2023-09,91589,49067,0.5206,1.24,1.6
M203,2023-09,128495,42346,0.6177,1.18,1.13
M207,2023-09,185154,61174,0.5651,1.38,4.08
M209,2023-09,852728,279267,0.6467,0.91,1.24
M210,2023-09,108133,56775,0.4981,0.66,4.35
M211,2023-09,33997,17528,0.526,1.17,1.4
M212,2023-09,822768,428307,0.5948,1.26,3.33
M213,2023-09,320516,107316,0.5458,1.13,1.02
M217,2023-09,1240250,490400,0.6352,0.87,3.13
M218,2023-09,159047,71684,0.5318,1.17,3.43
M219,2023-09,211123,85578,0.5705,1.0,3.42
M220,2023-09,58882,20275,0.474,0.95,1.44
M223,2023-09,651285,330440,0.5839,0.82,2.39
M225,2023-09,159074,83433,0.5319,0.67,3.39
M101,2023-10,446169,163632,0.7514,1.24,1.67
M103,2023-10,1045937,365619,0.6848,0.95,2.45
M105,2023-10,895228,305307,0.7007,1.48,2.1
M111,2023-10,8438262,2745265,0.7893,1.95,3.39
M112,2023-10,247131,134100,0.5933,0.97,2.81
M113,2023-10,7788616,2525638,0.7904,1.86,4.41
M116,2023-10,275951,102454,0.6103,1.34,2.45
M119,2023-10,4561169,2109126,0.7817,1.02,4.44
M122,2023-10,2459968,936828,0.95,2.32,2.68
M124,2023-10,1926272,1037451,0.755,1.77,1.01
M125,2023-10,6425521,2187170,0.7885,1.96,4.22
M127,2023-10,965646,485296,0.572,1.06,1.45
M128,2023-10,812171,279111,0.5831,0.84,3.22
M131,2023-10,239906,94063,0.5386,0.9,3.42
M133,2023-10,3411054,1849080,0.6586,1.02,3.42
M137,2023-10,669200,288170,0.6291,1.04,1.12
M143,2023-10,392608,136131,0.5647,1.36,1.66
M144,2023-10,1190353,356130,0.8697,1.77,4.74
M146,2023-10,317323,127688,0.584,0.88,1.51
M147,2023-10,365672,122213,0.5812,1.39,3.85
M150,2023-10,1110031,499609,0.6357,1.39,4.04
M152,2023-10,1773908,652627,0.4624,0.73,4.54
M154,2023-10,80301,43383,0.3648,0.73,1.09
M156,2023-10,56010,24543,0.4271,0.53,4.98
M160,2023-10,61825,23604,0.3733,0.77,3.9
M161,2023-10,398160,185120,0.4974,0.98,1.05
M163,2023-10,37415,14538,0.3874,0.76,2.22
M167,2023-10,1675324,653753,0.4339,0.99,3.41
M168,2023-10,540605,200767,0.4755,0.95,3.17
M169,2023-10,898989,474814,0.4084,0.61,4.02
M172,2023-10,659571,216171,0.3961,0.52,1.89
M174,2023-10,703894,371103,0.4389,0.65,1.08
M181,2023-10,509169,206101,0.6649,1.53,2.18
M182,2023-10,25878,8974,0.4999,1.17,1.04
M186,2023-10,32429,15758,0.5422,0.86,1.02
M187,2023-10,2605647,1362769,0.6705,1.1,4.77
M189,2023-10,284282,145694,0.5517,1.35,4.71
M191,2023-10,96404,32484,0.4982,0.7,2.81
M192,2023-10,23094,8052,0.5061,1.05,2.16
M194,2023-10,830235,393264,0.6241,0.86,2.55
M195,2023-10,370933,202877,0.6164,1.46,3.76
M199,2023-10,80870,33421,0.505,0.7,1.52
M203,2023-10,112456,47446,0.5971,1.0,1.96
M207,2023-10,154180,65094,0.5602,0.68,1.89
M209,2023-10,755296,328828,0.5967,1.17,3.0
M210,2023-10,189894,61128,0.7435,1.54,1.19
M211,2023-10,29522,10933,0.4856,0.89,3.41
M212,2023-10,689956,255106,0.5742,0.76,1.58
M213,2023-10,302431,129954,0.5759,1.08,2.47
M217,2023-10,1112734,498370,0.6264,1.48,1.91
M218,2023-10,135269,46781,0.5563,0.84,4.85
M219,2023-10,183924,74881,0.5858,0.96,2.16
M223,2023-10,570965,192049,0.5722,0.91,4.03
M224,2023-10,2751933,1034565,0.6956,1.72,2.71
M225,2023-10,136742,56994,0.5179,1.22,2.67
M101,2023-11,396105,136717,0.734,1.19,3.19
M103,2023-11,964598,506656,0.6901,0.89,1.46
M105,2023-11,818344,318926,0.6944,1.26,2.71
M106,2023-11,11013295,5535218,0.7899,1.55,1.29
M111,2023-11,7435226,2523641,0.7878,1.37,4.65
M112,2023-11,207606,94345,0.5896,0.73,3.99
M113,2023-11,6808969,2997812,0.8194,1.95,1.59
M116,2023-11,253911,91459,0.6104,1.26,3.01
M118,2023-11,2092627,787398,0.7863,1.67,1.41
M119,2023-11,4290260,2060260,0.7662,1.8,2.36
M122,2023-11,968291,382223,0.7521,1.75,4.26
M124,2023-11,1870182,921664,0.7354,1.71,4.51
M125,2023-11,6007154,2593403,0.8023,1.29,2.38
M127,2023-11,958785,311960,0.5845,0.94,4.01
M128,2023-11,761830,240446,0.583,1.02,1.66
M131,2023-11,230788,88463,0.5454,0.94,1.55
M133,2023-11,2946846,1238906,0.6465,1.22,2.34
M137,2023-11,611840,207699,0.5877,1.05,2.67
M143,2023-11,347227,131715,0.5616,1.0,4.11
M144,2023-11,461969,152552,0.6133,0.98,4.47
M146,2023-11,298628,97544,0.5393,0.99,3.2
M147,2023-11,166132,110834,0.2745,0.68,3.89
M150,2023-11,1028678,339709,0.6187,1.27,2.84
M152,2023-11,1640175,605315,0.471,0.98,4.79
M154,2023-11,79671,39803,0.3692,0.52,1.22
M156,2023-11,52971,19024,0.3903,0.67,3.92
M160,2023-11,54111,26065,0.3955,0.88,4.23
M161,2023-11,354311,196176,0.4514,0.63,4.29
M163,2023-11,34312,11257,0.372,0.58,2.55
M167,2023-11,1459324,463194,0.4437,0.78,2.81
M168,2023-11,501497,273725,0.477,0.91,2.62
M169,2023-11,880642,326963,0.4374,0.89,2.01
M172,2023-11,635163,208461,0.4323,1.07,4.67
M174,2023-11,620755,221597,0.4086,0.82,4.05
M181,2023-11,457337,176612,0.6508,1.53,1.0
M182,2023-11,23231,10258,0.4896,0.93,3.76
M186,2023-11,30898,16400,0.5439,1.01,3.56
M187,2023-11,2549170,1377921,0.6428,1.0,1.26
M189,2023-11,260252,85298,0.537,0.78,3.54
M192,2023-11,20846,8268,0.5009,0.93,1.79
M194,2023-11,792580,436243,0.6611,1.04,1.44
M195,2023-11,366183,150622,0.5831,0.73,4.55
M199,2023-11,75309,27688,0.5152,1.05,1.82
M203,2023-11,106869,44338,0.5703,1.41,3.07
M207,2023-11,144461,75269,0.5536,0.92,3.94
M209,2023-11,717924,263014,0.598,1.28,4.46
M210,2023-11,88875,28030,0.4954,0.94,3.35
M211,2023-11,26613,11017,0.4775,0.72,1.99
M212,2023-11,672464,233604,0.5855,1.2,1.38
M213,2023-11,278298,100087,0.5518,1.05,2.07
M217,2023-11,967429,376831,0.6152,1.36,1.03
M218,2023-11,129800,56995,0.5229,1.14,2.72
M219,2023-11,166825,61643,0.5478,1.18,1.24
M223,2023-11,502188,166028,0.5635,0.85,4.22
M224,2023-11,2584526,1250604,0.6908,1.25,4.54
M225,2023-11,130157,48305,0.5483,1.26,4.8
M101,2023-12,390107,158786,0.766,1.79,3.01
M103,2023-12,868341,438649,0.6846,1.0,4.12
M105,2023-12,725961,300031,0.6461,1.38,2.11
M106,2023-12,10035276,3655585,0.7984,1.32,3.63
M111,2023-12,7350774,2655208,0.7784,1.78,4.13
M112,2023-12,207390,66716,0.6099,1.03,3.84
M113,2023-12,6279173,2179789,0.7881,1.57,3.89
M116,2023-12,237659,79310,0.6037,1.21,2.47
M118,2023-12,1892608,640743,0.7881,1.64,2.46
M119,2023-12,4008742,1499267,0.7739,1.51,4.04
M121,2023-12,11678020,4368434,0.7807,1.42,1.97
M122,2023-12,880540,449341,0.7686,1.83,2.32
M124,2023-12,1718442,888241,0.7115,1.24,1.12
M125,2023-12,5121654,2168486,0.784,1.8,4.64
M127,2023-12,856356,284605,0.6009,1.12,3.85
M128,2023-12,686897,225049,0.595,1.08,1.37
M131,2023-12,202138,94481,0.5498,1.11,4.41
M133,2023-12,2905629,1360255,0.6428,1.6,2.98
M135,2023-12,3852709,1416249,0.6712,1.08,3.15
M137,2023-12,573875,188491,0.6251,0.85,1.01
M143,2023-12,330537,119548,0.5817,0.99,1.2
M144,2023-12,428749,150713,0.6045,1.17,2.35
M145,2023-12,3062541,1530859,0.6939,1.49,4.52
M146,2023-12,276913,133297,0.5367,1.28,2.53
M147,2023-12,710784,181865,0.812,1.01,1.21
M150,2023-12,982805,374530,0.5983,0.72,4.76
M152,2023-12,1611847,633494,0.4432,0.66,3.8
M154,2023-12,68873,30351,0.3975,0.83,3.49
M156,2023-12,47376,15317,0.4063,0.53,4.08
M160,2023-12,51900,20374,0.3926,0.54,1.55
M161,2023-12,333896,132085,0.4619,0.74,2.84
M163,2023-12,63779,27749,0.4976,0.64,4.31
M165,2023-12,6268783,3386938,0.4724,1.05,1.98
M167,2023-12,1428300,593712,0.4595,0.72,1.56
M168,2023-12,462508,145332,0.4713,0.71,4.99
M169,2023-12,814336,354310,0.4004,0.73,2.92
M172,2023-12,584093,232454,0.4089,0.77,4.24
M174,2023-12,569975,184007,0.4241,0.71,1.35
M181,2023-12,446013,147163,0.6741,0.96,1.64
M186,2023-12,27790,11536,0.5207,1.1,1.78
M187,2023-12,2336528,1217020,0.6448,1.24,3.56
M189,2023-12,497460,165214,0.7888,1.78,3.26
M192,2023-12,19265,8551,0.5161,0.84,3.41
M194,2023-12,723392,326596,0.6375,1.56,3.13
M195,2023-12,321964,104061,0.6109,1.35,1.44
M199,2023-12,70588,30133,0.5141,1.25,1.56
M203,2023-12,101091,33605,0.6034,1.14,1.32
M207,2023-12,129517,40885,0.5463,0.91,1.17
M209,2023-12,675696,328471,0.5985,1.46,3.24
M210,2023-12,86529,37795,0.5032,0.61,1.57
M212,2023-12,594457,301313,0.5916,0.76,3.03
M213,2023-12,255466,138046,0.5438,0.94,3.57
M217,2023-12,886866,277696,0.5881,0.87,1.48
M218,2023-12,267744,94968,0.776,0.95,1.54
M219,2023-12,149769,73349,0.5492,1.16,3.3
M223,2023-12,465917,189597,0.5796,1.22,2.31
M224,2023-12,2482910,897481,0.6803,1.65,4.84
M225,2023-12,114982,48490,0.5438,0.92,4.61
